timestamp,latitude,longitude,sector_row,sector_col,ndvi,ndwi,lst,Kc,Ks,Dr,TAW,RAW,ETc,water_need,air_temp,humidity,solar_rad,precip,soil_temp,soil_moisture,methane_flux_kg_hr,field_name
2026-06-01T00:00:00,32.088026,73.590725,0.0,0,0.3,0.144,,0.65,1.0,3.64,140.0,84.0,0.019,0.0,25.8,66.0,0.0,0.0,28.9,0.286,0.01222,Pindi_Bowra_4Acre_Basmati_Plot
2026-06-01T01:00:00,32.088861,73.590848,8.0,1,0.297,0.143,,0.65,1.0,3.64,140.0,84.0,0.046,0.0,26.2,67.0,33.0,0.0,28.9,0.312,0.01686,Pindi_Bowra_4Acre_Basmati_Plot
2026-06-01T02:00:00,32.088861,73.590848,8.0,1,0.297,0.143,,0.65,1.0,3.64,140.0,84.0,0.091,0.0,27.7,62.0,156.0,0.0,29.4,0.312,0.01773,Pindi_Bowra_4Acre_Basmati_Plot
2026-06-01T03:00:00,32.088757,73.59183,7.0,9,0.272,0.131,,0.65,1.0,3.64,140.0,84.0,0.182,0.0,29.8,54.0,329.0,0.0,30.4,0.326,0.02067,Pindi_Bowra_4Acre_Basmati_Plot
2026-06-01T04:00:00,32.088757,73.591707,7.0,8,0.27,0.13,,0.65,1.0,3.78,140.0,84.0,0.273,0.0,31.7,47.0,507.0,0.0,31.8,0.323,0.02294,Pindi_Bowra_4Acre_Basmati_Plot
2026-06-01T05:00:00,32.088861,73.590725,8.0,0,0.298,0.143,,0.65,1.0,3.92,140.0,84.0,0.358,0.0,33.2,40.0,659.0,0.0,33.2,0.308,0.02488,Pindi_Bowra_4Acre_Basmati_Plot
2026-06-01T06:00:00,32.088757,73.59183,7.0,9,0.272,0.131,,0.65,1.0,3.22,140.0,84.0,0.41,0.0,33.6,37.0,763.0,0.0,34.6,0.329,0.03235,Pindi_Bowra_4Acre_Basmati_Plot
2026-06-01T07:00:00,32.088757,73.591707,7.0,8,0.27,0.13,,0.65,1.0,3.36,140.0,84.0,0.429,0.0,34.4,36.0,795.0,0.0,35.6,0.326,0.03452,Pindi_Bowra_4Acre_Basmati_Plot
2026-06-01T08:00:00,32.088861,73.590725,8.0,0,0.298,0.143,,0.65,1.0,3.64,140.0,84.0,0.442,0.0,35.1,35.0,836.0,0.0,36.5,0.31,0.03539,Pindi_Bowra_4Acre_Basmati_Plot
2026-06-01T09:00:00,32.088757,73.59183,7.0,9,0.272,0.131,,0.65,1.0,3.64,140.0,84.0,0.37,0.0,34.9,35.0,682.0,0.2,36.8,0.326,0.03921,Pindi_Bowra_4Acre_Basmati_Plot
2026-06-01T10:00:00,32.088757,73.591584,7.0,7,0.271,0.13,,0.65,1.0,3.78,140.0,84.0,0.319,0.0,34.8,35.0,574.0,0.1,36.8,0.321,0.03722,Pindi_Bowra_4Acre_Basmati_Plot
2026-06-01T11:00:00,32.088861,73.590725,8.0,0,0.298,0.143,,0.65,1.0,3.92,140.0,84.0,0.273,0.0,34.6,36.0,488.0,0.0,36.6,0.308,0.03495,Pindi_Bowra_4Acre_Basmati_Plot
2026-06-01T12:00:00,32.088861,73.590725,8.0,0,0.298,0.143,,0.65,1.0,5.18,140.0,84.0,0.189,0.0,34.7,35.0,338.0,0.0,36.4,0.299,0.03076,Pindi_Bowra_4Acre_Basmati_Plot
2026-06-01T13:00:00,32.088757,73.59183,7.0,9,0.272,0.131,,0.65,1.0,5.18,140.0,84.0,0.124,0.0,33.6,40.0,175.0,0.0,35.5,0.315,0.03085,Pindi_Bowra_4Acre_Basmati_Plot
2026-06-01T14:00:00,32.088757,73.59183,7.0,9,0.272,0.131,,0.65,1.0,5.18,140.0,84.0,0.052,0.0,31.4,46.0,44.0,0.0,34.4,0.315,0.02764,Pindi_Bowra_4Acre_Basmati_Plot
2026-06-01T15:00:00,32.088757,73.59183,7.0,9,0.272,0.131,,0.65,1.0,5.04,140.0,84.0,0.019,0.0,31.0,48.0,0.0,0.0,33.4,0.316,0.02527,Pindi_Bowra_4Acre_Basmati_Plot
2026-06-01T16:00:00,32.088861,73.590725,8.0,0,0.298,0.143,,0.65,1.0,5.04,140.0,84.0,0.007,0.0,30.5,48.0,0.0,0.0,32.5,0.3,0.02109,Pindi_Bowra_4Acre_Basmati_Plot
2026-06-01T17:00:00,32.088861,73.590848,8.0,1,0.297,0.143,,0.65,1.0,5.04,140.0,84.0,0.0,0.0,30.7,48.0,0.0,0.0,31.9,0.302,0.02029,Pindi_Bowra_4Acre_Basmati_Plot
2026-06-01T18:00:00,32.088757,73.59183,7.0,9,0.272,0.131,,0.65,1.0,4.9,140.0,84.0,0.0,0.0,30.6,51.0,0.0,0.0,31.4,0.317,0.02091,Pindi_Bowra_4Acre_Basmati_Plot
2026-06-01T19:00:00,32.088861,73.590848,8.0,1,0.297,0.143,,0.65,1.0,4.76,140.0,84.0,0.007,0.0,28.7,57.0,0.0,0.0,30.9,0.304,0.0188,Pindi_Bowra_4Acre_Basmati_Plot
2026-06-01T20:00:00,32.088757,73.591707,7.0,8,0.27,0.13,,0.65,1.0,4.76,140.0,84.0,0.013,0.0,28.0,60.0,0.0,0.0,30.5,0.316,0.01877,Pindi_Bowra_4Acre_Basmati_Plot
2026-06-01T21:00:00,32.088757,73.591707,7.0,8,0.27,0.13,,0.65,1.0,4.62,140.0,84.0,0.013,0.0,27.8,60.0,0.0,0.0,30.2,0.317,0.01841,Pindi_Bowra_4Acre_Basmati_Plot
2026-06-01T22:00:00,32.088861,73.590725,8.0,0,0.298,0.143,,0.65,1.0,4.62,140.0,84.0,0.019,0.0,27.6,61.0,0.0,0.0,29.9,0.303,0.01687,Pindi_Bowra_4Acre_Basmati_Plot
2026-06-01T23:00:00,32.088757,73.59183,7.0,9,0.272,0.131,,0.65,1.0,4.62,140.0,84.0,0.019,0.0,27.3,63.0,0.0,0.0,29.7,0.319,0.018,Pindi_Bowra_4Acre_Basmati_Plot
2026-06-02T00:00:00,32.088757,73.591584,7.0,7,0.271,0.13,,0.65,1.0,5.04,140.0,84.0,0.019,0.0,27.6,60.0,0.0,0.0,30.0,0.311,0.01699,Pindi_Bowra_4Acre_Basmati_Plot
2026-06-02T01:00:00,32.088861,73.590725,8.0,0,0.298,0.143,,0.65,1.0,4.9,140.0,84.0,0.046,0.0,28.1,59.0,33.0,0.0,30.0,0.301,0.01663,Pindi_Bowra_4Acre_Basmati_Plot
2026-06-02T02:00:00,32.088861,73.590725,8.0,0,0.298,0.143,,0.65,1.0,4.9,140.0,84.0,0.104,0.0,29.6,57.0,156.0,0.0,30.5,0.301,0.01748,Pindi_Bowra_4Acre_Basmati_Plot
2026-06-02T03:00:00,32.088757,73.59183,7.0,9,0.272,0.131,,0.65,1.0,5.04,140.0,84.0,0.182,0.0,31.7,50.0,327.0,0.0,31.6,0.316,0.02111,Pindi_Bowra_4Acre_Basmati_Plot
2026-06-02T04:00:00,32.088757,73.59183,7.0,9,0.272,0.131,,0.65,1.0,5.18,140.0,84.0,0.273,0.0,33.6,43.0,506.0,0.0,33.0,0.315,0.02403,Pindi_Bowra_4Acre_Basmati_Plot
2026-06-02T05:00:00,32.088757,73.59183,7.0,9,0.272,0.131,,0.65,1.0,5.32,140.0,84.0,0.364,0.0,34.9,37.0,657.0,0.0,34.4,0.314,0.02735,Pindi_Bowra_4Acre_Basmati_Plot
2026-06-02T06:00:00,32.088861,73.590725,8.0,0,0.298,0.143,,0.65,1.0,5.04,140.0,84.0,0.429,0.0,35.8,33.0,787.0,0.0,35.9,0.3,0.02963,Pindi_Bowra_4Acre_Basmati_Plot
2026-06-02T07:00:00,32.088861,73.590848,8.0,1,0.297,0.143,,0.65,1.0,5.18,140.0,84.0,0.461,0.0,36.5,32.0,854.0,0.1,37.0,0.301,0.03337,Pindi_Bowra_4Acre_Basmati_Plot
2026-06-02T08:00:00,32.088757,73.592075,7.0,11,0.284,0.136,,0.65,1.0,5.04,140.0,84.0,0.358,0.0,36.1,33.0,682.0,0.3,37.4,0.32,0.04101,Pindi_Bowra_4Acre_Basmati_Plot
2026-06-02T09:00:00,32.088757,73.591707,7.0,8,0.27,0.13,,0.65,1.0,5.32,140.0,84.0,0.358,0.0,36.7,32.0,702.0,0.0,38.0,0.311,0.03767,Pindi_Bowra_4Acre_Basmati_Plot
2026-06-02T10:00:00,32.088757,73.591707,7.0,8,0.27,0.13,,0.65,1.0,5.46,140.0,84.0,0.338,0.0,36.8,32.0,638.0,0.0,38.2,0.31,0.03801,Pindi_Bowra_4Acre_Basmati_Plot
2026-06-02T11:00:00,32.088861,73.590848,8.0,1,0.297,0.143,,0.65,1.0,5.6,140.0,84.0,0.247,0.0,36.2,33.0,463.0,0.0,37.9,0.298,0.03516,Pindi_Bowra_4Acre_Basmati_Plot
2026-06-02T12:00:00,32.088757,73.59183,7.0,9,0.272,0.131,,0.65,0.977,6.3,140.0,84.0,0.165,0.0,37.3,29.0,342.0,0.0,37.4,0.306,0.03377,Pindi_Bowra_4Acre_Basmati_Plot
2026-06-02T13:00:00,32.088861,73.590848,8.0,1,0.297,0.143,,0.65,0.977,6.3,140.0,84.0,0.108,0.0,35.1,42.0,169.0,0.0,36.6,0.293,0.0289,Pindi_Bowra_4Acre_Basmati_Plot
2026-06-02T14:00:00,32.088757,73.59183,7.0,9,0.272,0.131,,0.65,0.977,6.3,140.0,84.0,0.14,0.0,32.9,42.0,45.0,0.0,35.6,0.306,0.02821,Pindi_Bowra_4Acre_Basmati_Plot
2026-06-02T15:00:00,32.088757,73.59183,7.0,9,0.272,0.131,,0.65,0.977,6.3,140.0,84.0,0.064,0.0,29.3,52.0,0.0,0.0,34.4,0.306,0.02502,Pindi_Bowra_4Acre_Basmati_Plot
2026-06-02T16:00:00,32.088861,73.590848,8.0,1,0.297,0.143,,0.65,0.977,6.3,140.0,84.0,0.057,0.0,28.9,53.0,0.0,0.0,33.4,0.293,0.02098,Pindi_Bowra_4Acre_Basmati_Plot
2026-06-02T17:00:00,32.088757,73.591707,7.0,8,0.27,0.13,,0.65,0.982,6.16,140.0,84.0,0.051,0.0,28.5,55.0,0.0,0.0,32.7,0.305,0.02071,Pindi_Bowra_4Acre_Basmati_Plot
2026-06-02T18:00:00,32.088757,73.59183,7.0,9,0.272,0.131,,0.65,0.982,6.16,140.0,84.0,0.026,0.0,27.9,57.0,0.0,0.0,32.0,0.307,0.01991,Pindi_Bowra_4Acre_Basmati_Plot
2026-06-02T19:00:00,32.088861,73.590848,8.0,1,0.297,0.143,,0.65,0.982,6.16,140.0,84.0,0.006,0.0,27.4,60.0,0.0,0.0,31.6,0.294,0.01777,Pindi_Bowra_4Acre_Basmati_Plot
2026-06-02T20:00:00,32.088861,73.590725,8.0,0,0.298,0.143,,0.65,0.982,6.16,140.0,84.0,0.032,0.0,27.2,61.0,0.0,0.0,31.2,0.292,0.01667,Pindi_Bowra_4Acre_Basmati_Plot
2026-06-02T21:00:00,32.088861,73.590848,8.0,1,0.297,0.143,,0.65,0.986,6.02,140.0,84.0,0.019,0.0,27.1,63.0,0.0,0.0,30.9,0.295,0.01679,Pindi_Bowra_4Acre_Basmati_Plot
2026-06-02T22:00:00,32.088757,73.591707,7.0,8,0.27,0.13,,0.65,0.986,6.02,140.0,84.0,0.019,0.0,26.8,65.0,0.0,0.0,30.6,0.306,0.01699,Pindi_Bowra_4Acre_Basmati_Plot
2026-06-02T23:00:00,32.088861,73.590848,8.0,1,0.297,0.143,,0.65,0.986,6.02,140.0,84.0,0.013,0.0,26.6,67.0,0.0,0.0,30.4,0.295,0.01597,Pindi_Bowra_4Acre_Basmati_Plot
2026-06-03T00:00:00,32.088757,73.591707,7.0,8,0.27,0.13,,0.65,1.0,5.04,140.0,84.0,0.013,0.0,26.0,75.0,0.0,0.0,29.4,0.314,0.01647,Pindi_Bowra_4Acre_Basmati_Plot
2026-06-03T01:00:00,32.088757,73.591707,7.0,8,0.27,0.13,,0.65,1.0,5.04,140.0,84.0,0.039,0.0,25.3,77.0,30.0,0.0,29.4,0.314,0.01647,Pindi_Bowra_4Acre_Basmati_Plot
2026-06-03T02:00:00,32.088861,73.590725,8.0,0,0.298,0.143,,0.65,1.0,5.04,140.0,84.0,0.065,0.0,26.0,74.0,95.0,0.0,29.6,0.3,0.01578,Pindi_Bowra_4Acre_Basmati_Plot
2026-06-03T03:00:00,32.088757,73.59183,7.0,9,0.272,0.131,,0.65,1.0,5.04,140.0,84.0,0.137,0.0,28.2,63.0,248.0,0.0,30.4,0.316,0.01872,Pindi_Bowra_4Acre_Basmati_Plot
2026-06-03T04:00:00,32.088757,73.591584,7.0,7,0.271,0.13,,0.65,1.0,5.18,140.0,84.0,0.247,0.0,30.7,53.0,459.0,0.0,31.7,0.31,0.01992,Pindi_Bowra_4Acre_Basmati_Plot
2026-06-03T05:00:00,32.088861,73.590725,8.0,0,0.298,0.143,,0.65,1.0,5.46,140.0,84.0,0.332,0.0,32.7,47.0,621.0,0.0,33.2,0.297,0.02177,Pindi_Bowra_4Acre_Basmati_Plot
2026-06-03T06:00:00,32.088757,73.591707,7.0,8,0.27,0.13,,0.65,1.0,3.92,140.0,84.0,0.41,0.0,33.7,41.0,778.0,0.0,34.4,0.322,0.02946,Pindi_Bowra_4Acre_Basmati_Plot
2026-06-03T07:00:00,32.088861,73.590848,8.0,1,0.297,0.143,,0.65,1.0,4.34,140.0,84.0,0.442,0.0,34.9,38.0,845.0,0.0,35.8,0.307,0.03179,Pindi_Bowra_4Acre_Basmati_Plot
2026-06-03T08:00:00,32.088757,73.59183,7.0,9,0.272,0.131,,0.65,1.0,4.62,140.0,84.0,0.436,0.0,35.6,36.0,847.0,0.0,36.9,0.319,0.03698,Pindi_Bowra_4Acre_Basmati_Plot
2026-06-03T09:00:00,32.088861,73.590848,8.0,1,0.297,0.143,,0.65,1.0,4.9,140.0,84.0,0.397,0.0,36.1,35.0,792.0,0.0,37.7,0.303,0.03668,Pindi_Bowra_4Acre_Basmati_Plot
2026-06-03T10:00:00,32.088757,73.59183,7.0,9,0.272,0.131,,0.65,1.0,5.18,140.0,84.0,0.351,0.0,36.2,34.0,679.0,0.0,38.0,0.315,0.03962,Pindi_Bowra_4Acre_Basmati_Plot
2026-06-03T11:00:00,32.088757,73.591707,7.0,8,0.27,0.13,,0.65,1.0,5.32,140.0,84.0,0.28,0.0,35.9,35.0,527.0,0.0,37.8,0.311,0.03692,Pindi_Bowra_4Acre_Basmati_Plot
2026-06-03T12:00:00,32.088861,73.590725,8.0,0,0.298,0.143,,0.65,0.95,7.14,140.0,84.0,0.198,0.0,36.5,32.0,357.0,0.0,37.6,0.285,0.02853,Pindi_Bowra_4Acre_Basmati_Plot
2026-06-03T13:00:00,32.088757,73.59183,7.0,9,0.272,0.131,,0.65,0.95,7.14,140.0,84.0,0.093,0.0,35.0,49.0,177.0,0.0,36.8,0.3,0.02959,Pindi_Bowra_4Acre_Basmati_Plot
2026-06-03T14:00:00,32.088757,73.591707,7.0,8,0.27,0.13,,0.65,0.95,7.14,140.0,84.0,0.031,0.0,33.4,48.0,46.0,0.0,35.7,0.298,0.02565,Pindi_Bowra_4Acre_Basmati_Plot
2026-06-03T15:00:00,32.088861,73.590725,8.0,0,0.298,0.143,,0.65,0.95,7.14,140.0,84.0,0.019,0.0,32.2,52.0,0.0,0.0,34.5,0.285,0.02093,Pindi_Bowra_4Acre_Basmati_Plot
2026-06-03T16:00:00,32.088757,73.59183,7.0,9,0.272,0.131,,0.65,0.955,7.0,140.0,84.0,0.019,0.0,30.5,56.0,0.0,0.0,33.6,0.301,0.02175,Pindi_Bowra_4Acre_Basmati_Plot
2026-06-03T17:00:00,32.088757,73.591584,7.0,7,0.271,0.13,,0.65,0.955,7.0,140.0,84.0,0.019,0.0,29.9,59.0,0.0,0.0,32.9,0.297,0.01921,Pindi_Bowra_4Acre_Basmati_Plot
2026-06-03T18:00:00,32.088861,73.590725,8.0,0,0.298,0.143,,0.65,0.959,6.86,140.0,84.0,0.006,0.0,30.6,56.0,0.0,0.0,32.4,0.287,0.01749,Pindi_Bowra_4Acre_Basmati_Plot
2026-06-03T19:00:00,32.088861,73.590725,8.0,0,0.298,0.143,,0.65,0.959,6.86,140.0,84.0,0.0,0.0,30.4,54.0,0.0,0.0,31.8,0.287,0.01647,Pindi_Bowra_4Acre_Basmati_Plot
2026-06-03T20:00:00,32.088757,73.59183,7.0,9,0.272,0.131,,0.65,0.959,6.86,140.0,84.0,0.012,0.0,28.6,60.0,0.0,0.0,31.4,0.302,0.01767,Pindi_Bowra_4Acre_Basmati_Plot
2026-06-03T21:00:00,32.088757,73.59183,7.0,9,0.272,0.131,,0.65,0.959,6.86,140.0,84.0,0.012,0.0,27.5,65.0,0.0,0.0,31.0,0.302,0.01698,Pindi_Bowra_4Acre_Basmati_Plot
2026-06-03T22:00:00,32.088861,73.590848,8.0,1,0.297,0.143,,0.65,0.959,6.86,140.0,84.0,0.012,0.0,27.3,65.0,0.0,0.0,30.6,0.289,0.01499,Pindi_Bowra_4Acre_Basmati_Plot
2026-06-03T23:00:00,32.088861,73.590725,8.0,0,0.298,0.143,,0.65,0.964,6.72,140.0,84.0,0.013,0.0,27.2,65.0,0.0,0.0,30.2,0.288,0.01424,Pindi_Bowra_4Acre_Basmati_Plot
2026-06-04T00:00:00,32.088861,73.590848,8.0,1,0.297,0.143,,0.65,0.995,5.74,140.0,84.0,0.019,0.0,27.8,62.0,0.0,0.0,30.4,0.297,0.0164,Pindi_Bowra_4Acre_Basmati_Plot
2026-06-04T01:00:00,32.088861,73.590848,8.0,1,0.297,0.143,,0.65,0.995,5.74,140.0,84.0,0.045,0.0,28.4,63.0,34.0,0.0,30.4,0.297,0.0164,Pindi_Bowra_4Acre_Basmati_Plot
2026-06-04T02:00:00,32.088757,73.59183,7.0,9,0.272,0.131,,0.65,0.995,5.74,140.0,84.0,0.142,0.0,29.9,56.0,163.0,0.0,31.0,0.31,0.01864,Pindi_Bowra_4Acre_Basmati_Plot
2026-06-04T03:00:00,32.088861,73.590725,8.0,0,0.298,0.143,,0.65,1.0,1.54,140.0,84.0,0.085,0.0,24.8,86.0,162.0,2.5,29.8,0.326,0.02133,Pindi_Bowra_4Acre_Basmati_Plot
2026-06-04T04:00:00,32.088757,73.591707,7.0,8,0.27,0.13,,0.65,1.0,0.98,140.0,84.0,0.208,0.0,28.7,68.0,410.0,0.5,30.4,0.343,0.02323,Pindi_Bowra_4Acre_Basmati_Plot
2026-06-04T05:00:00,32.088861,73.590725,8.0,0,0.298,0.143,,0.65,1.0,1.26,140.0,84.0,0.332,0.0,30.7,55.0,627.0,0.0,32.1,0.328,0.02735,Pindi_Bowra_4Acre_Basmati_Plot
2026-06-04T06:00:00,32.088757,73.59183,7.0,9,0.272,0.131,,0.65,1.0,4.9,140.0,84.0,0.358,0.0,32.0,51.0,661.0,0.0,33.8,0.317,0.02658,Pindi_Bowra_4Acre_Basmati_Plot
2026-06-04T07:00:00,32.088757,73.591584,7.0,7,0.271,0.13,,0.65,1.0,4.9,140.0,84.0,0.325,0.0,32.7,48.0,589.0,0.1,34.5,0.312,0.02694,Pindi_Bowra_4Acre_Basmati_Plot
2026-06-04T08:00:00,32.088861,73.590725,8.0,0,0.298,0.143,,0.65,1.0,5.04,140.0,84.0,0.423,0.0,34.3,42.0,778.0,0.2,35.7,0.3,0.02904,Pindi_Bowra_4Acre_Basmati_Plot
2026-06-04T09:00:00,32.088861,73.590725,8.0,0,0.298,0.143,,0.65,1.0,5.32,140.0,84.0,0.429,0.0,35.1,40.0,748.0,0.0,36.5,0.298,0.03067,Pindi_Bowra_4Acre_Basmati_Plot
2026-06-04T10:00:00,32.088757,73.59183,7.0,9,0.272,0.131,,0.65,1.0,5.6,140.0,84.0,0.396,0.0,35.0,38.0,673.0,0.0,36.8,0.311,0.03366,Pindi_Bowra_4Acre_Basmati_Plot
2026-06-04T11:00:00,32.088757,73.59183,7.0,9,0.272,0.131,,0.65,0.995,5.74,140.0,84.0,0.272,0.0,34.4,39.0,420.0,0.0,36.4,0.31,0.03198,Pindi_Bowra_4Acre_Basmati_Plot
2026-06-04T12:00:00,32.088861,73.590848,8.0,1,0.297,0.143,,0.65,1.0,0.0,140.0,84.0,0.189,0.0,27.7,60.0,318.0,0.0,33.0,0.365,0.03314,Pindi_Bowra_4Acre_Basmati_Plot
2026-06-04T13:00:00,32.088757,73.592075,7.0,11,0.284,0.136,,0.65,1.0,0.0,140.0,84.0,0.13,0.0,27.3,60.0,183.0,0.0,32.2,0.38,0.02925,Pindi_Bowra_4Acre_Basmati_Plot
2026-06-04T14:00:00,32.088757,73.59183,7.0,9,0.272,0.131,,0.65,1.0,0.0,140.0,84.0,0.072,0.0,26.3,64.0,47.0,0.0,31.3,0.372,0.02561,Pindi_Bowra_4Acre_Basmati_Plot
2026-06-04T15:00:00,32.088757,73.591707,7.0,8,0.27,0.13,,0.65,1.0,0.0,140.0,84.0,0.058,0.0,26.0,64.0,0.0,0.0,30.5,0.368,0.02346,Pindi_Bowra_4Acre_Basmati_Plot
2026-06-04T16:00:00,32.088861,73.590725,8.0,0,0.298,0.143,,0.65,1.0,0.0,140.0,84.0,0.019,0.0,25.8,64.0,0.0,0.0,29.9,0.353,0.02439,Pindi_Bowra_4Acre_Basmati_Plot
2026-06-04T17:00:00,32.088757,73.59183,7.0,9,0.272,0.131,,0.65,1.0,0.0,140.0,84.0,0.0,0.0,25.0,70.0,0.0,0.0,29.2,0.366,0.02076,Pindi_Bowra_4Acre_Basmati_Plot
2026-06-04T18:00:00,32.088757,73.59183,7.0,9,0.272,0.131,,0.65,1.0,0.0,140.0,84.0,0.007,0.0,24.0,70.0,0.0,0.0,28.0,0.365,0.01841,Pindi_Bowra_4Acre_Basmati_Plot
2026-06-04T19:00:00,32.088861,73.590848,8.0,1,0.297,0.143,,0.65,1.0,0.0,140.0,84.0,0.0,0.0,23.3,75.0,0.0,0.0,27.6,0.351,0.01931,Pindi_Bowra_4Acre_Basmati_Plot
2026-06-04T20:00:00,32.088861,73.590725,8.0,0,0.298,0.143,,0.65,1.0,0.0,140.0,84.0,0.0,0.0,22.8,76.0,0.0,0.0,27.3,0.348,0.01881,Pindi_Bowra_4Acre_Basmati_Plot
2026-06-04T21:00:00,32.088861,73.590848,8.0,1,0.297,0.143,,0.65,1.0,0.0,140.0,84.0,0.0,0.0,22.3,77.0,0.0,0.0,26.9,0.348,0.01801,Pindi_Bowra_4Acre_Basmati_Plot
2026-06-04T22:00:00,32.088861,73.590848,8.0,1,0.297,0.143,,0.65,1.0,0.0,140.0,84.0,0.007,0.0,22.3,76.0,0.0,0.0,26.6,0.347,0.01748,Pindi_Bowra_4Acre_Basmati_Plot
2026-06-04T23:00:00,32.088757,73.59183,7.0,9,0.272,0.131,,0.65,1.0,0.0,140.0,84.0,0.007,0.0,22.2,77.0,0.0,0.0,26.4,0.359,0.01569,Pindi_Bowra_4Acre_Basmati_Plot
2026-06-05T00:00:00,32.088861,73.590725,8.0,0,0.298,0.143,,0.65,1.0,0.0,140.0,84.0,0.0,0.0,22.5,78.0,0.0,0.0,26.6,0.363,0.01753,Pindi_Bowra_4Acre_Basmati_Plot
2026-06-05T01:00:00,32.088757,73.59183,7.0,9,0.272,0.131,,0.65,1.0,0.0,140.0,84.0,0.033,0.0,23.3,75.0,35.0,0.0,26.7,0.377,0.01617,Pindi_Bowra_4Acre_Basmati_Plot
2026-06-05T02:00:00,32.088861,73.590848,8.0,1,0.297,0.143,,0.65,1.0,0.0,140.0,84.0,0.085,0.0,25.6,66.0,164.0,0.0,27.4,0.361,0.01893,Pindi_Bowra_4Acre_Basmati_Plot
2026-06-05T03:00:00,32.088757,73.592075,7.0,11,0.284,0.136,,0.65,1.0,0.0,140.0,84.0,0.176,0.0,27.8,57.0,341.0,0.0,28.6,0.376,0.02041,Pindi_Bowra_4Acre_Basmati_Plot
2026-06-05T04:00:00,32.088757,73.59183,7.0,9,0.272,0.131,,0.65,1.0,0.0,140.0,84.0,0.267,0.0,29.7,51.0,525.0,0.0,30.1,0.369,0.02271,Pindi_Bowra_4Acre_Basmati_Plot
2026-06-05T05:00:00,32.088757,73.59183,7.0,9,0.272,0.131,,0.65,1.0,0.0,140.0,84.0,0.351,0.0,31.6,42.0,685.0,0.0,31.6,0.365,0.02639,Pindi_Bowra_4Acre_Basmati_Plot
2026-06-05T06:00:00,32.088861,73.590848,8.0,1,0.297,0.143,,0.65,1.0,0.0,140.0,84.0,0.423,0.0,33.0,35.0,804.0,0.0,33.2,0.349,0.03381,Pindi_Bowra_4Acre_Basmati_Plot
2026-06-05T07:00:00,32.088861,73.590725,8.0,0,0.298,0.143,,0.65,1.0,0.0,140.0,84.0,0.448,0.0,34.2,32.0,874.0,0.0,34.5,0.343,0.03863,Pindi_Bowra_4Acre_Basmati_Plot
2026-06-05T08:00:00,32.088757,73.591707,7.0,8,0.27,0.13,,0.65,1.0,0.0,140.0,84.0,0.448,0.0,34.8,31.0,879.0,0.0,35.6,0.353,0.03908,Pindi_Bowra_4Acre_Basmati_Plot
2026-06-05T09:00:00,32.088861,73.590725,8.0,0,0.298,0.143,,0.65,1.0,0.0,140.0,84.0,0.403,0.0,35.3,29.0,822.0,0.0,36.3,0.338,0.04548,Pindi_Bowra_4Acre_Basmati_Plot
2026-06-05T10:00:00,32.088757,73.59183,7.0,9,0.272,0.131,,0.65,1.0,0.28,140.0,84.0,0.345,0.0,35.7,28.0,710.0,0.0,36.6,0.35,0.0435,Pindi_Bowra_4Acre_Basmati_Plot
2026-06-05T11:00:00,32.088757,73.591584,7.0,7,0.271,0.13,,0.65,1.0,0.7,140.0,84.0,0.267,0.0,35.6,29.0,550.0,0.0,36.5,0.343,0.04291,Pindi_Bowra_4Acre_Basmati_Plot
2026-06-05T12:00:00,32.088861,73.590725,8.0,0,0.298,0.143,,0.65,1.0,1.82,140.0,84.0,0.202,0.0,35.6,27.0,371.0,0.0,36.2,0.324,0.03969,Pindi_Bowra_4Acre_Basmati_Plot
2026-06-05T13:00:00,32.088861,73.590725,8.0,0,0.298,0.143,,0.65,1.0,1.96,140.0,84.0,0.098,0.0,33.4,51.0,186.0,0.0,35.2,0.323,0.03557,Pindi_Bowra_4Acre_Basmati_Plot
2026-06-05T14:00:00,32.088757,73.59183,7.0,9,0.272,0.131,,0.65,1.0,2.1,140.0,84.0,0.039,0.0,31.2,46.0,48.0,0.0,33.9,0.337,0.03238,Pindi_Bowra_4Acre_Basmati_Plot
2026-06-05T15:00:00,32.088757,73.591707,7.0,8,0.27,0.13,,0.65,1.0,2.1,140.0,84.0,0.065,0.0,29.6,44.0,0.0,0.0,32.6,0.335,0.02774,Pindi_Bowra_4Acre_Basmati_Plot
2026-06-05T16:00:00,32.088861,73.590725,8.0,0,0.298,0.143,,0.65,1.0,2.24,140.0,84.0,0.026,0.0,28.0,45.0,0.0,0.0,31.6,0.321,0.02433,Pindi_Bowra_4Acre_Basmati_Plot
2026-06-05T17:00:00,32.088757,73.59183,7.0,9,0.272,0.131,,0.65,1.0,2.24,140.0,84.0,0.013,0.0,27.8,46.0,0.0,0.0,30.7,0.336,0.02331,Pindi_Bowra_4Acre_Basmati_Plot
2026-06-05T18:00:00,32.088757,73.591707,7.0,8,0.27,0.13,,0.65,1.0,5.46,140.0,84.0,0.0,0.0,28.2,48.0,0.0,0.0,30.4,0.31,0.01742,Pindi_Bowra_4Acre_Basmati_Plot
2026-06-05T19:00:00,32.088861,73.590725,8.0,0,0.298,0.143,,0.65,1.0,5.46,140.0,84.0,0.0,0.0,27.5,50.0,0.0,0.0,29.8,0.297,0.01549,Pindi_Bowra_4Acre_Basmati_Plot
2026-06-05T20:00:00,32.088757,73.59183,7.0,9,0.272,0.131,,0.65,1.0,5.46,140.0,84.0,0.013,0.0,26.5,54.0,0.0,0.0,29.4,0.312,0.01623,Pindi_Bowra_4Acre_Basmati_Plot
2026-06-05T21:00:00,32.088757,73.591707,7.0,8,0.27,0.13,,0.65,1.0,5.46,140.0,84.0,0.026,0.0,25.9,57.0,0.0,0.0,29.0,0.31,0.01515,Pindi_Bowra_4Acre_Basmati_Plot
2026-06-05T22:00:00,32.088861,73.590725,8.0,0,0.298,0.143,,0.65,1.0,5.46,140.0,84.0,0.019,0.0,25.5,61.0,0.0,0.0,28.7,0.297,0.01388,Pindi_Bowra_4Acre_Basmati_Plot
2026-06-05T23:00:00,32.088757,73.59183,7.0,9,0.272,0.131,,0.65,1.0,5.46,140.0,84.0,0.013,0.0,25.1,64.0,0.0,0.0,28.3,0.312,0.01454,Pindi_Bowra_4Acre_Basmati_Plot
2026-06-06T00:00:00,32.088757,73.591584,7.0,7,0.271,0.13,,0.65,0.923,7.98,140.0,84.0,0.0,0.0,25.5,68.0,0.0,0.0,28.0,0.29,0.0107,Pindi_Bowra_4Acre_Basmati_Plot
2026-06-06T01:00:00,32.088861,73.590725,8.0,0,0.298,0.143,,0.65,0.923,7.98,140.0,84.0,0.024,0.0,26.1,68.0,35.0,0.0,28.1,0.279,0.01002,Pindi_Bowra_4Acre_Basmati_Plot
2026-06-06T02:00:00,32.088861,73.590725,8.0,0,0.298,0.143,,0.65,0.923,7.98,140.0,84.0,0.078,0.0,28.4,62.0,165.0,0.0,28.9,0.279,0.01085,Pindi_Bowra_4Acre_Basmati_Plot
2026-06-06T03:00:00,32.088757,73.59183,7.0,9,0.272,0.131,,0.65,0.918,8.12,140.0,84.0,0.161,0.0,30.7,52.0,342.0,0.0,30.2,0.293,0.01395,Pindi_Bowra_4Acre_Basmati_Plot
2026-06-06T04:00:00,32.088757,73.59183,7.0,9,0.272,0.131,,0.65,0.914,8.26,140.0,84.0,0.261,0.0,33.4,42.0,525.0,0.0,31.8,0.293,0.01638,Pindi_Bowra_4Acre_Basmati_Plot
2026-06-06T05:00:00,32.088861,73.590848,8.0,1,0.297,0.143,,0.65,0.909,8.4,140.0,84.0,0.349,0.0,35.6,33.0,688.0,0.0,33.4,0.279,0.01696,Pindi_Bowra_4Acre_Basmati_Plot
2026-06-06T06:00:00,32.088861,73.590725,8.0,0,0.298,0.143,,0.65,0.945,7.28,140.0,84.0,0.406,0.0,36.5,28.0,809.0,0.0,35.1,0.284,0.02188,Pindi_Bowra_4Acre_Basmati_Plot
2026-06-06T07:00:00,32.088861,73.590848,8.0,1,0.297,0.143,,0.65,0.936,7.56,140.0,84.0,0.432,0.0,37.4,25.0,876.0,0.0,36.5,0.284,0.02508,Pindi_Bowra_4Acre_Basmati_Plot
2026-06-06T08:00:00,32.088861,73.590848,8.0,1,0.297,0.143,,0.65,0.927,7.84,140.0,84.0,0.422,0.0,38.0,24.0,879.0,0.0,37.5,0.282,0.02685,Pindi_Bowra_4Acre_Basmati_Plot
2026-06-06T09:00:00,32.088757,73.59183,7.0,9,0.272,0.131,,0.65,0.914,8.26,140.0,84.0,0.404,0.0,38.1,24.0,816.0,0.0,38.1,0.293,0.03075,Pindi_Bowra_4Acre_Basmati_Plot
2026-06-06T10:00:00,32.088861,73.590725,8.0,0,0.298,0.143,,0.65,0.909,8.4,140.0,84.0,0.343,0.0,38.1,24.0,695.0,0.0,38.2,0.277,0.02657,Pindi_Bowra_4Acre_Basmati_Plot
2026-06-06T11:00:00,32.088757,73.591707,7.0,8,0.27,0.13,,0.65,0.9,8.68,140.0,84.0,0.246,0.0,37.8,24.0,529.0,0.0,38.0,0.288,0.02815,Pindi_Bowra_4Acre_Basmati_Plot
2026-06-06T12:00:00,32.088861,73.590725,8.0,0,0.298,0.143,,0.65,0.864,9.8,140.0,84.0,0.163,0.0,37.5,22.0,365.0,0.0,37.7,0.267,0.02084,Pindi_Bowra_4Acre_Basmati_Plot
2026-06-06T13:00:00,32.088757,73.59183,7.0,9,0.272,0.131,,0.65,0.859,9.94,140.0,84.0,0.084,0.0,35.5,46.0,188.0,0.0,36.8,0.281,0.02256,Pindi_Bowra_4Acre_Basmati_Plot
2026-06-06T14:00:00,32.088757,73.591584,7.0,7,0.271,0.13,,0.65,0.859,9.94,140.0,84.0,0.045,0.0,33.6,36.0,48.0,0.0,35.4,0.277,0.01826,Pindi_Bowra_4Acre_Basmati_Plot
2026-06-06T15:00:00,32.088861,73.590725,8.0,0,0.298,0.143,,0.65,0.859,9.94,140.0,84.0,0.056,0.0,32.2,38.0,0.0,0.0,34.3,0.266,0.01452,Pindi_Bowra_4Acre_Basmati_Plot
2026-06-06T16:00:00,32.088861,73.590725,8.0,0,0.298,0.143,,0.65,0.864,9.8,140.0,84.0,0.022,0.0,31.1,44.0,0.0,0.0,33.3,0.267,0.01342,Pindi_Bowra_4Acre_Basmati_Plot
2026-06-06T17:00:00,32.088757,73.59183,7.0,9,0.272,0.131,,0.65,0.864,9.8,140.0,84.0,0.017,0.0,29.9,46.0,0.0,0.0,32.3,0.282,0.01462,Pindi_Bowra_4Acre_Basmati_Plot
2026-06-06T18:00:00,32.088757,73.59183,7.0,9,0.272,0.131,,0.65,0.85,10.22,140.0,84.0,0.033,0.0,29.2,46.0,0.0,0.0,31.8,0.279,0.01324,Pindi_Bowra_4Acre_Basmati_Plot
2026-06-06T19:00:00,32.088861,73.590848,8.0,1,0.297,0.143,,0.65,0.85,10.22,140.0,84.0,0.039,0.0,28.4,48.0,0.0,0.0,31.3,0.266,0.01072,Pindi_Bowra_4Acre_Basmati_Plot
2026-06-06T20:00:00,32.088757,73.592075,7.0,11,0.284,0.136,,0.65,0.85,10.22,140.0,84.0,0.033,0.0,28.0,48.0,0.0,0.0,30.8,0.283,0.01335,Pindi_Bowra_4Acre_Basmati_Plot
2026-06-06T21:00:00,32.088757,73.59183,7.0,9,0.272,0.131,,0.65,0.85,10.22,140.0,84.0,0.033,0.0,27.6,49.0,0.0,0.0,30.4,0.279,0.01151,Pindi_Bowra_4Acre_Basmati_Plot
2026-06-06T22:00:00,32.088757,73.591707,7.0,8,0.27,0.13,,0.65,0.85,10.22,140.0,84.0,0.017,0.0,26.6,54.0,0.0,0.0,30.0,0.277,0.0106,Pindi_Bowra_4Acre_Basmati_Plot
2026-06-06T23:00:00,32.088861,73.590725,8.0,0,0.298,0.143,,0.65,0.85,10.22,140.0,84.0,0.006,0.0,26.1,57.0,0.0,0.0,29.5,0.264,0.00859,Pindi_Bowra_4Acre_Basmati_Plot
2026-06-07T00:00:00,32.088757,73.59183,7.0,9,0.272,0.131,,0.65,0.873,9.52,140.0,84.0,0.023,0.0,26.3,54.0,0.0,0.0,29.4,0.284,0.01129,Pindi_Bowra_4Acre_Basmati_Plot
2026-06-07T01:00:00,32.088757,73.59183,7.0,9,0.272,0.131,,0.65,0.873,9.52,140.0,84.0,0.028,0.0,26.9,56.0,36.0,0.0,29.3,0.284,0.01118,Pindi_Bowra_4Acre_Basmati_Plot
2026-06-07T02:00:00,32.088861,73.590848,8.0,1,0.297,0.143,,0.65,0.873,9.52,140.0,84.0,0.079,0.0,28.7,51.0,165.0,0.0,29.9,0.271,0.01033,Pindi_Bowra_4Acre_Basmati_Plot
2026-06-07T03:00:00,32.088861,73.590725,8.0,0,0.298,0.143,,0.65,0.868,9.66,140.0,84.0,0.152,0.0,30.8,45.0,342.0,0.0,31.0,0.268,0.01089,Pindi_Bowra_4Acre_Basmati_Plot
2026-06-07T04:00:00,32.088861,73.590848,8.0,1,0.297,0.143,,0.65,0.864,9.8,140.0,84.0,0.219,0.0,32.9,40.0,526.0,0.0,32.6,0.269,0.013,Pindi_Bowra_4Acre_Basmati_Plot
2026-06-07T05:00:00,32.088861,73.590848,8.0,1,0.297,0.143,,0.65,0.859,9.94,140.0,84.0,0.329,0.0,35.2,34.0,696.0,0.0,34.2,0.268,0.01495,Pindi_Bowra_4Acre_Basmati_Plot
2026-06-07T06:00:00,32.088757,73.59183,7.0,9,0.272,0.131,,0.65,0.895,8.82,140.0,84.0,0.326,0.0,36.3,28.0,679.0,0.0,35.4,0.289,0.02219,Pindi_Bowra_4Acre_Basmati_Plot
2026-06-07T07:00:00,32.088861,73.590725,8.0,0,0.298,0.143,,0.65,0.886,9.1,140.0,84.0,0.409,0.0,37.4,26.0,860.0,0.0,36.8,0.272,0.02107,Pindi_Bowra_4Acre_Basmati_Plot
2026-06-07T08:00:00,32.088757,73.59183,7.0,9,0.272,0.131,,0.65,0.877,9.38,140.0,84.0,0.411,0.0,38.1,25.0,874.0,0.0,37.8,0.285,0.02657,Pindi_Bowra_4Acre_Basmati_Plot
2026-06-07T09:00:00,32.088861,73.590848,8.0,1,0.297,0.143,,0.65,0.868,9.66,140.0,84.0,0.395,0.0,38.4,24.0,819.0,0.0,38.5,0.27,0.02393,Pindi_Bowra_4Acre_Basmati_Plot
2026-06-07T10:00:00,32.088757,73.592075,7.0,11,0.284,0.136,,0.65,0.859,9.94,140.0,84.0,0.357,0.0,38.5,24.0,708.0,0.0,38.6,0.285,0.03005,Pindi_Bowra_4Acre_Basmati_Plot
2026-06-07T11:00:00,32.088757,73.59183,7.0,9,0.272,0.131,,0.65,0.85,10.22,140.0,84.0,0.287,0.0,38.1,25.0,546.0,0.0,38.4,0.279,0.02561,Pindi_Bowra_4Acre_Basmati_Plot
2026-06-07T12:00:00,32.088757,73.59183,7.0,9,0.272,0.131,,0.65,0.823,11.06,140.0,84.0,0.176,0.0,38.3,24.0,367.0,0.0,38.2,0.273,0.02255,Pindi_Bowra_4Acre_Basmati_Plot
2026-06-07T13:00:00,32.088861,73.590848,8.0,1,0.297,0.143,,0.65,0.818,11.2,140.0,84.0,0.096,0.0,36.0,37.0,189.0,0.0,37.3,0.259,0.01656,Pindi_Bowra_4Acre_Basmati_Plot
2026-06-07T14:00:00,32.088861,73.590725,8.0,0,0.298,0.143,,0.65,0.818,11.2,140.0,84.0,0.053,0.0,32.9,44.0,50.0,0.0,36.0,0.257,0.01384,Pindi_Bowra_4Acre_Basmati_Plot
2026-06-07T15:00:00,32.088757,73.591707,7.0,8,0.27,0.13,,0.65,0.823,11.06,140.0,84.0,0.048,0.0,31.6,44.0,0.0,0.0,34.7,0.271,0.01518,Pindi_Bowra_4Acre_Basmati_Plot
2026-06-07T16:00:00,32.088861,73.590725,8.0,0,0.298,0.143,,0.65,0.823,11.06,140.0,84.0,0.027,0.0,31.0,45.0,0.0,0.0,33.7,0.258,0.01129,Pindi_Bowra_4Acre_Basmati_Plot
2026-06-07T17:00:00,32.088757,73.59183,7.0,9,0.272,0.131,,0.65,0.823,11.06,140.0,84.0,0.0,0.0,31.3,44.0,0.0,0.0,32.9,0.273,0.01327,Pindi_Bowra_4Acre_Basmati_Plot
2026-06-07T18:00:00,32.088757,73.591584,7.0,7,0.271,0.13,,0.65,0.809,11.48,140.0,84.0,0.0,0.0,31.8,44.0,0.0,0.0,32.5,0.266,0.01103,Pindi_Bowra_4Acre_Basmati_Plot
2026-06-07T19:00:00,32.088861,73.590725,8.0,0,0.298,0.143,,0.65,0.809,11.48,140.0,84.0,0.021,0.0,30.0,47.0,0.0,0.0,32.0,0.255,0.00878,Pindi_Bowra_4Acre_Basmati_Plot
2026-06-07T20:00:00,32.088861,73.590725,8.0,0,0.298,0.143,,0.65,0.809,11.48,140.0,84.0,0.032,0.0,29.5,46.0,0.0,0.0,31.5,0.255,0.00835,Pindi_Bowra_4Acre_Basmati_Plot
2026-06-07T21:00:00,32.088757,73.59183,7.0,9,0.272,0.131,,0.65,0.809,11.48,140.0,84.0,0.032,0.0,28.7,47.0,0.0,0.0,31.1,0.27,0.01046,Pindi_Bowra_4Acre_Basmati_Plot
2026-06-07T22:00:00,32.088757,73.59183,7.0,9,0.272,0.131,,0.65,0.809,11.48,140.0,84.0,0.032,0.0,28.1,50.0,0.0,0.0,30.7,0.27,0.01005,Pindi_Bowra_4Acre_Basmati_Plot
2026-06-07T23:00:00,32.088861,73.590848,8.0,1,0.297,0.143,,0.65,0.809,11.48,140.0,84.0,0.021,0.0,27.4,53.0,0.0,0.0,30.4,0.257,0.00788,Pindi_Bowra_4Acre_Basmati_Plot
2026-06-08T00:00:00,32.088757,73.592075,7.0,11,0.284,0.136,,0.65,0.75,13.3,140.0,84.0,0.01,1.3,27.2,63.0,0.0,0.0,29.8,0.261,0.00786,Pindi_Bowra_4Acre_Basmati_Plot
2026-06-08T01:00:00,32.088757,73.59183,7.0,9,0.272,0.131,,0.65,0.75,13.3,140.0,84.0,0.024,1.3,27.5,64.0,36.0,0.0,29.8,0.257,0.0068,Pindi_Bowra_4Acre_Basmati_Plot
2026-06-08T02:00:00,32.088757,73.591707,7.0,8,0.27,0.13,,0.65,0.75,13.3,140.0,84.0,0.058,1.3,29.7,58.0,166.0,0.0,30.6,0.255,0.00691,Pindi_Bowra_4Acre_Basmati_Plot
2026-06-08T03:00:00,32.088861,73.590725,8.0,0,0.298,0.143,,0.65,0.75,13.3,140.0,84.0,0.137,1.3,32.6,48.0,344.0,0.0,31.9,0.241,0.00521,Pindi_Bowra_4Acre_Basmati_Plot
2026-06-08T04:00:00,32.088757,73.591952,7.0,10,0.277,0.133,,0.65,0.745,13.44,140.0,84.0,0.213,1.44,35.0,38.0,528.0,0.0,33.5,0.258,0.01029,Pindi_Bowra_4Acre_Basmati_Plot
2026-06-08T05:00:00,32.088757,73.591707,7.0,8,0.27,0.13,,0.65,0.741,13.58,140.0,84.0,0.265,1.58,36.8,33.0,689.0,0.0,35.2,0.253,0.01032,Pindi_Bowra_4Acre_Basmati_Plot
2026-06-08T06:00:00,32.088861,73.590725,8.0,0,0.298,0.143,,0.65,0.755,13.16,140.0,84.0,0.319,1.16,37.4,30.0,806.0,0.0,36.8,0.242,0.00891,Pindi_Bowra_4Acre_Basmati_Plot
2026-06-08T07:00:00,32.088757,73.59183,7.0,9,0.272,0.131,,0.65,0.745,13.44,140.0,84.0,0.344,1.44,38.7,28.0,873.0,0.0,38.2,0.256,0.01532,Pindi_Bowra_4Acre_Basmati_Plot
2026-06-08T08:00:00,32.088757,73.591584,7.0,7,0.271,0.13,,0.65,0.741,13.58,140.0,84.0,0.327,1.58,39.3,25.0,806.0,0.0,39.0,0.251,0.01423,Pindi_Bowra_4Acre_Basmati_Plot
2026-06-08T09:00:00,32.088861,73.590725,8.0,0,0.298,0.143,,0.65,0.732,13.86,140.0,84.0,0.323,1.86,39.7,23.0,766.0,0.0,39.5,0.237,0.00902,Pindi_Bowra_4Acre_Basmati_Plot
2026-06-08T10:00:00,32.088861,73.590725,8.0,0,0.298,0.143,,0.65,0.723,14.14,140.0,84.0,0.301,2.14,39.7,23.0,672.0,0.0,39.6,0.235,0.00804,Pindi_Bowra_4Acre_Basmati_Plot
2026-06-08T11:00:00,32.088757,73.59183,7.0,9,0.272,0.131,,0.65,0.718,14.28,140.0,84.0,0.247,2.28,39.3,23.0,520.0,0.0,39.2,0.249,0.01364,Pindi_Bowra_4Acre_Basmati_Plot
2026-06-08T12:00:00,32.088757,73.59183,7.0,9,0.272,0.131,,0.65,0.705,14.7,140.0,84.0,0.197,2.7,38.8,25.0,361.0,0.0,38.9,0.246,0.01186,Pindi_Bowra_4Acre_Basmati_Plot
2026-06-08T13:00:00,32.088861,73.590848,8.0,1,0.297,0.143,,0.65,0.705,14.7,140.0,84.0,0.101,2.7,36.5,33.0,187.0,0.0,37.9,0.233,0.00586,Pindi_Bowra_4Acre_Basmati_Plot
2026-06-08T14:00:00,32.088757,73.592075,7.0,11,0.284,0.136,,0.65,0.705,14.7,140.0,84.0,0.06,2.7,34.2,35.0,51.0,0.0,36.6,0.251,0.01173,Pindi_Bowra_4Acre_Basmati_Plot
2026-06-08T15:00:00,32.088757,73.59183,7.0,9,0.272,0.131,,0.65,0.705,14.7,140.0,84.0,0.037,2.7,32.3,40.0,0.0,0.0,35.3,0.246,0.00828,Pindi_Bowra_4Acre_Basmati_Plot
2026-06-08T16:00:00,32.088757,73.591707,7.0,8,0.27,0.13,,0.65,0.705,14.7,140.0,84.0,0.0,2.7,32.4,46.0,0.0,0.0,34.2,0.244,0.00679,Pindi_Bowra_4Acre_Basmati_Plot
2026-06-08T17:00:00,32.088861,73.590725,8.0,0,0.298,0.143,,0.65,0.705,14.7,140.0,84.0,0.0,2.7,31.9,40.0,0.0,0.0,33.4,0.231,0.00317,Pindi_Bowra_4Acre_Basmati_Plot
2026-06-08T18:00:00,32.088757,73.59183,7.0,9,0.272,0.131,,0.65,0.736,13.72,140.0,84.0,0.0,1.72,32.6,45.0,0.0,0.0,32.8,0.254,0.00843,Pindi_Bowra_4Acre_Basmati_Plot
2026-06-08T19:00:00,32.088757,73.59183,7.0,9,0.272,0.131,,0.65,0.741,13.58,140.0,84.0,0.019,1.58,31.3,41.0,0.0,0.0,32.3,0.255,0.00825,Pindi_Bowra_4Acre_Basmati_Plot
2026-06-08T20:00:00,32.088861,73.590848,8.0,1,0.297,0.143,,0.65,0.741,13.58,140.0,84.0,0.029,1.58,29.9,44.0,0.0,0.0,31.8,0.241,0.00514,Pindi_Bowra_4Acre_Basmati_Plot
2026-06-08T21:00:00,32.088861,73.590725,8.0,0,0.298,0.143,,0.65,0.741,13.58,140.0,84.0,0.024,1.58,29.0,49.0,0.0,0.0,31.4,0.239,0.00449,Pindi_Bowra_4Acre_Basmati_Plot
2026-06-08T22:00:00,32.088861,73.590848,8.0,1,0.297,0.143,,0.65,0.741,13.58,140.0,84.0,0.019,1.58,28.4,53.0,0.0,0.0,31.1,0.241,0.0048,Pindi_Bowra_4Acre_Basmati_Plot
2026-06-08T23:00:00,32.088861,73.590848,8.0,1,0.297,0.143,,0.65,0.745,13.44,140.0,84.0,0.01,1.44,27.9,58.0,0.0,0.0,30.7,0.242,0.00483,Pindi_Bowra_4Acre_Basmati_Plot
2026-06-09T00:00:00,32.088757,73.59183,7.0,9,0.272,0.131,,0.65,0.782,12.32,140.0,84.0,0.005,0.32,28.4,58.0,0.0,0.0,30.1,0.264,0.00833,Pindi_Bowra_4Acre_Basmati_Plot
2026-06-09T01:00:00,32.088861,73.590725,8.0,0,0.298,0.143,,0.65,0.786,12.18,140.0,84.0,0.02,0.18,29.2,64.0,36.0,0.0,30.2,0.249,0.00607,Pindi_Bowra_4Acre_Basmati_Plot
2026-06-09T02:00:00,32.088757,73.59183,7.0,9,0.272,0.131,,0.65,0.786,12.18,140.0,84.0,0.066,0.18,31.3,56.0,167.0,0.0,31.0,0.265,0.00932,Pindi_Bowra_4Acre_Basmati_Plot
2026-06-09T03:00:00,32.088861,73.590848,8.0,1,0.297,0.143,,0.65,0.782,12.32,140.0,84.0,0.142,0.32,34.1,46.0,347.0,0.0,32.4,0.251,0.00806,Pindi_Bowra_4Acre_Basmati_Plot
2026-06-09T04:00:00,32.088757,73.592075,7.0,11,0.284,0.136,,0.65,0.777,12.46,140.0,84.0,0.222,0.46,36.6,39.0,534.0,0.0,34.1,0.267,0.01386,Pindi_Bowra_4Acre_Basmati_Plot
2026-06-09T05:00:00,32.088757,73.59183,7.0,9,0.272,0.131,,0.65,0.773,12.6,140.0,84.0,0.316,0.6,38.3,33.0,697.0,0.0,35.8,0.262,0.01406,Pindi_Bowra_4Acre_Basmati_Plot
2026-06-09T06:00:00,32.088757,73.591707,7.0,8,0.27,0.13,,0.65,0.814,11.34,140.0,84.0,0.375,0.0,39.5,24.0,813.0,0.0,37.2,0.269,0.01872,Pindi_Bowra_4Acre_Basmati_Plot
2026-06-09T07:00:00,32.088861,73.590725,8.0,0,0.298,0.143,,0.65,0.805,11.62,140.0,84.0,0.382,0.0,40.4,22.0,867.0,0.0,38.5,0.254,0.01633,Pindi_Bowra_4Acre_Basmati_Plot
2026-06-09T08:00:00,32.088757,73.59183,7.0,9,0.272,0.131,,0.65,0.791,12.04,140.0,84.0,0.375,0.04,41.0,21.0,883.0,0.0,39.6,0.266,0.02251,Pindi_Bowra_4Acre_Basmati_Plot
2026-06-09T09:00:00,32.088757,73.591707,7.0,8,0.27,0.13,,0.65,0.782,12.32,140.0,84.0,0.34,0.32,41.3,21.0,819.0,0.0,40.2,0.262,0.02166,Pindi_Bowra_4Acre_Basmati_Plot
2026-06-09T10:00:00,32.088861,73.590725,8.0,0,0.298,0.143,,0.65,0.773,12.6,140.0,84.0,0.296,0.6,41.5,20.0,703.0,0.0,40.4,0.246,0.0151,Pindi_Bowra_4Acre_Basmati_Plot
2026-06-09T11:00:00,32.088757,73.59183,7.0,9,0.272,0.131,,0.65,0.768,12.74,140.0,84.0,0.25,0.74,41.1,20.0,522.0,0.0,40.1,0.261,0.02109,Pindi_Bowra_4Acre_Basmati_Plot
2026-06-09T12:00:00,32.088757,73.591584,7.0,7,0.271,0.13,,0.65,0.782,12.32,140.0,84.0,0.173,0.32,39.4,30.0,332.0,0.3,39.1,0.26,0.01855,Pindi_Bowra_4Acre_Basmati_Plot
2026-06-09T13:00:00,32.088861,73.590725,8.0,0,0.298,0.143,,0.65,0.782,12.32,140.0,84.0,0.107,0.32,37.4,38.0,192.0,0.0,38.2,0.248,0.01305,Pindi_Bowra_4Acre_Basmati_Plot
2026-06-09T14:00:00,32.088757,73.591707,7.0,8,0.27,0.13,,0.65,0.782,12.32,140.0,84.0,0.041,0.32,35.4,38.0,52.0,0.0,36.9,0.262,0.01557,Pindi_Bowra_4Acre_Basmati_Plot
2026-06-09T15:00:00,32.088861,73.590725,8.0,0,0.298,0.143,,0.65,0.782,12.32,140.0,84.0,0.015,0.32,34.4,40.0,0.0,0.0,35.6,0.248,0.01006,Pindi_Bowra_4Acre_Basmati_Plot
2026-06-09T16:00:00,32.088757,73.59183,7.0,9,0.272,0.131,,0.65,0.786,12.18,140.0,84.0,0.01,0.18,33.0,45.0,0.0,0.0,34.6,0.265,0.01336,Pindi_Bowra_4Acre_Basmati_Plot
2026-06-09T17:00:00,32.088861,73.590848,8.0,1,0.297,0.143,,0.65,0.786,12.18,140.0,84.0,0.015,0.18,32.4,45.0,0.0,0.0,33.7,0.252,0.00948,Pindi_Bowra_4Acre_Basmati_Plot
2026-06-09T18:00:00,32.088757,73.592075,7.0,11,0.284,0.136,,0.65,0.809,11.48,140.0,84.0,0.026,0.0,31.0,49.0,0.0,0.0,33.2,0.274,0.01455,Pindi_Bowra_4Acre_Basmati_Plot
2026-06-09T19:00:00,32.088757,73.59183,7.0,9,0.272,0.131,,0.65,0.809,11.48,140.0,84.0,0.032,0.0,29.9,49.0,0.0,0.0,32.7,0.27,0.01227,Pindi_Bowra_4Acre_Basmati_Plot
2026-06-09T20:00:00,32.088757,73.59183,7.0,9,0.272,0.131,,0.65,0.814,11.34,140.0,84.0,0.0,0.0,29.4,53.0,0.0,0.0,32.1,0.271,0.01179,Pindi_Bowra_4Acre_Basmati_Plot
2026-06-09T21:00:00,32.088861,73.590848,8.0,1,0.297,0.143,,0.65,0.814,11.34,140.0,84.0,0.021,0.0,28.4,57.0,0.0,0.0,31.8,0.258,0.00931,Pindi_Bowra_4Acre_Basmati_Plot
2026-06-09T22:00:00,32.088861,73.590725,8.0,0,0.298,0.143,,0.65,0.814,11.34,140.0,84.0,0.016,0.0,27.8,60.0,0.0,0.0,31.4,0.256,0.0085,Pindi_Bowra_4Acre_Basmati_Plot
2026-06-09T23:00:00,32.088757,73.591707,7.0,8,0.27,0.13,,0.65,0.814,11.34,140.0,84.0,0.011,0.0,27.4,63.0,0.0,0.0,31.1,0.269,0.01017,Pindi_Bowra_4Acre_Basmati_Plot
2026-06-10T00:00:00,32.088861,73.590725,8.0,0,0.298,0.143,,0.65,0.809,11.48,140.0,84.0,0.016,0.0,27.5,65.0,0.0,0.0,30.7,0.255,0.00771,Pindi_Bowra_4Acre_Basmati_Plot
2026-06-10T01:00:00,32.088757,73.59183,7.0,9,0.272,0.131,,0.65,0.809,11.48,140.0,84.0,0.037,0.0,28.5,64.0,36.0,0.0,30.7,0.27,0.01005,Pindi_Bowra_4Acre_Basmati_Plot
2026-06-10T02:00:00,32.088757,73.591584,7.0,7,0.271,0.13,,0.65,0.809,11.48,140.0,84.0,0.089,0.0,31.0,58.0,167.0,0.0,31.4,0.266,0.00988,Pindi_Bowra_4Acre_Basmati_Plot
2026-06-10T03:00:00,32.088861,73.590725,8.0,0,0.298,0.143,,0.65,0.805,11.62,140.0,84.0,0.146,0.0,32.9,52.0,344.0,0.0,32.7,0.254,0.00914,Pindi_Bowra_4Acre_Basmati_Plot
2026-06-10T04:00:00,32.088861,73.590725,8.0,0,0.298,0.143,,0.65,0.8,11.76,140.0,84.0,0.234,0.0,35.1,49.0,527.0,0.0,34.2,0.253,0.01031,Pindi_Bowra_4Acre_Basmati_Plot
2026-06-10T05:00:00,32.088757,73.59183,7.0,9,0.272,0.131,,0.65,0.795,11.9,140.0,84.0,0.31,0.0,37.4,43.0,690.0,0.0,35.9,0.267,0.01589,Pindi_Bowra_4Acre_Basmati_Plot
2026-06-10T06:00:00,32.088757,73.59183,7.0,9,0.272,0.131,,0.65,0.832,10.78,140.0,84.0,0.378,0.0,38.8,36.0,808.0,0.0,37.3,0.275,0.02139,Pindi_Bowra_4Acre_Basmati_Plot
2026-06-10T07:00:00,32.088757,73.59183,7.0,9,0.272,0.131,,0.65,0.823,11.06,140.0,84.0,0.401,0.0,40.1,32.0,876.0,0.0,38.7,0.273,0.0237,Pindi_Bowra_4Acre_Basmati_Plot
2026-06-10T08:00:00,32.088861,73.590725,8.0,0,0.298,0.143,,0.65,0.814,11.34,140.0,84.0,0.397,0.0,40.8,29.0,877.0,0.0,39.8,0.256,0.01969,Pindi_Bowra_4Acre_Basmati_Plot
2026-06-10T09:00:00,32.088861,73.590848,8.0,1,0.297,0.143,,0.65,0.805,11.62,140.0,84.0,0.377,0.0,41.3,28.0,815.0,0.0,40.4,0.256,0.02084,Pindi_Bowra_4Acre_Basmati_Plot
2026-06-10T10:00:00,32.088757,73.592075,7.0,11,0.284,0.136,,0.65,0.795,11.9,140.0,84.0,0.331,0.0,41.3,27.0,686.0,0.0,40.6,0.271,0.0288,Pindi_Bowra_4Acre_Basmati_Plot
2026-06-10T11:00:00,32.088757,73.591584,7.0,7,0.271,0.13,,0.65,0.786,12.18,140.0,84.0,0.25,0.18,40.5,30.0,501.0,0.0,40.3,0.261,0.02144,Pindi_Bowra_4Acre_Basmati_Plot
2026-06-10T12:00:00,32.088757,73.59183,7.0,9,0.272,0.131,,0.65,0.759,13.02,140.0,84.0,0.207,1.02,39.6,28.0,335.0,0.0,40.0,0.259,0.01986,Pindi_Bowra_4Acre_Basmati_Plot
2026-06-10T13:00:00,32.088757,73.591707,7.0,8,0.27,0.13,,0.65,0.759,13.02,140.0,84.0,0.158,1.02,37.5,30.0,187.0,0.0,38.8,0.257,0.01659,Pindi_Bowra_4Acre_Basmati_Plot
2026-06-10T14:00:00,32.088861,73.590725,8.0,0,0.298,0.143,,0.65,0.759,13.02,140.0,84.0,0.069,1.02,34.7,36.0,53.0,0.0,37.5,0.243,0.01,Pindi_Bowra_4Acre_Basmati_Plot
2026-06-10T15:00:00,32.088757,73.59183,7.0,9,0.272,0.131,,0.65,0.759,13.02,140.0,84.0,0.044,1.02,33.0,43.0,0.0,0.0,36.2,0.259,0.01358,Pindi_Bowra_4Acre_Basmati_Plot
2026-06-10T16:00:00,32.088861,73.590848,8.0,1,0.297,0.143,,0.65,0.759,13.02,140.0,84.0,0.03,1.02,32.1,46.0,0.0,0.0,35.0,0.245,0.00843,Pindi_Bowra_4Acre_Basmati_Plot
2026-06-10T17:00:00,32.088861,73.590725,8.0,0,0.298,0.143,,0.65,0.759,13.02,140.0,84.0,0.03,1.02,31.4,48.0,0.0,0.0,34.2,0.243,0.00719,Pindi_Bowra_4Acre_Basmati_Plot
2026-06-10T18:00:00,32.088757,73.591461,7.0,6,0.275,0.132,,0.65,0.764,12.88,140.0,84.0,0.025,0.88,30.9,50.0,0.0,0.0,33.4,0.254,0.00905,Pindi_Bowra_4Acre_Basmati_Plot
2026-06-10T19:00:00,32.088757,73.59183,7.0,9,0.272,0.131,,0.65,0.764,12.88,140.0,84.0,0.025,0.88,30.3,51.0,0.0,0.0,32.8,0.26,0.00992,Pindi_Bowra_4Acre_Basmati_Plot
2026-06-10T20:00:00,32.088861,73.590848,8.0,1,0.297,0.143,,0.65,0.764,12.88,140.0,84.0,0.02,0.88,29.8,52.0,0.0,0.0,32.3,0.246,0.0067,Pindi_Bowra_4Acre_Basmati_Plot
2026-06-10T21:00:00,32.088757,73.59183,7.0,9,0.272,0.131,,0.65,0.764,12.88,140.0,84.0,0.015,0.88,28.9,55.0,0.0,0.0,31.8,0.26,0.00897,Pindi_Bowra_4Acre_Basmati_Plot
2026-06-10T22:00:00,32.088861,73.590848,8.0,1,0.297,0.143,,0.65,0.768,12.74,140.0,84.0,0.015,0.74,28.3,58.0,0.0,0.0,31.4,0.247,0.00635,Pindi_Bowra_4Acre_Basmati_Plot
2026-06-10T23:00:00,32.088757,73.59183,7.0,9,0.272,0.131,,0.65,0.768,12.74,140.0,84.0,0.02,0.74,27.8,60.0,0.0,0.0,31.1,0.261,0.00858,Pindi_Bowra_4Acre_Basmati_Plot
2026-06-11T00:00:00,32.088757,73.59183,7.0,9,0.272,0.131,,0.65,0.814,11.34,140.0,84.0,0.037,0.0,31.1,51.0,0.0,0.0,32.0,0.271,0.01167,Pindi_Bowra_4Acre_Basmati_Plot
2026-06-11T01:00:00,32.088861,73.590848,8.0,1,0.297,0.143,,0.65,0.814,11.34,140.0,84.0,0.053,0.0,31.2,53.0,27.0,0.0,32.2,0.258,0.00969,Pindi_Bowra_4Acre_Basmati_Plot
2026-06-11T02:00:00,32.088757,73.59183,7.0,9,0.272,0.131,,0.65,0.814,11.34,140.0,84.0,0.074,0.0,31.9,52.0,98.0,0.0,32.6,0.271,0.01239,Pindi_Bowra_4Acre_Basmati_Plot
2026-06-11T03:00:00,32.088757,73.591707,7.0,8,0.27,0.13,,0.65,0.814,11.34,140.0,84.0,0.132,0.0,32.5,50.0,213.0,0.0,33.3,0.269,0.01268,Pindi_Bowra_4Acre_Basmati_Plot
2026-06-11T04:00:00,32.088861,73.590725,8.0,0,0.298,0.143,,0.65,0.809,11.48,140.0,84.0,0.237,0.0,35.8,39.0,492.0,0.0,34.6,0.255,0.01138,Pindi_Bowra_4Acre_Basmati_Plot
2026-06-11T05:00:00,32.088757,73.59183,7.0,9,0.272,0.131,,0.65,0.805,11.62,140.0,84.0,0.319,0.0,38.0,34.0,671.0,0.0,36.2,0.269,0.01707,Pindi_Bowra_4Acre_Basmati_Plot
2026-06-11T06:00:00,32.088861,73.590848,8.0,1,0.297,0.143,,0.65,0.827,10.92,140.0,84.0,0.355,0.0,38.5,29.0,792.0,0.0,37.6,0.261,0.01794,Pindi_Bowra_4Acre_Basmati_Plot
2026-06-11T07:00:00,32.088861,73.590725,8.0,0,0.298,0.143,,0.65,0.818,11.2,140.0,84.0,0.388,0.0,39.7,27.0,868.0,0.0,38.9,0.257,0.0185,Pindi_Bowra_4Acre_Basmati_Plot
2026-06-11T08:00:00,32.088757,73.591461,7.0,6,0.275,0.132,,0.65,0.809,11.48,140.0,84.0,0.4,0.0,40.6,26.0,874.0,0.0,39.9,0.264,0.02243,Pindi_Bowra_4Acre_Basmati_Plot
2026-06-11T09:00:00,32.088757,73.591707,7.0,8,0.27,0.13,,0.65,0.8,11.76,140.0,84.0,0.359,0.0,40.6,25.0,786.0,0.0,40.4,0.266,0.02421,Pindi_Bowra_4Acre_Basmati_Plot
2026-06-11T10:00:00,32.088757,73.59183,7.0,9,0.272,0.131,,0.65,0.791,12.04,140.0,84.0,0.314,0.04,40.3,24.0,631.0,0.0,40.4,0.266,0.02439,Pindi_Bowra_4Acre_Basmati_Plot
2026-06-11T11:00:00,32.088861,73.590848,8.0,1,0.297,0.143,,0.65,0.786,12.18,140.0,84.0,0.204,0.18,39.2,25.0,481.0,0.0,40.1,0.252,0.01798,Pindi_Bowra_4Acre_Basmati_Plot
2026-06-11T12:00:00,32.088757,73.59183,7.0,9,0.272,0.131,,0.65,0.764,12.88,140.0,84.0,0.139,0.88,39.7,26.0,207.0,0.3,38.8,0.26,0.01807,Pindi_Bowra_4Acre_Basmati_Plot
2026-06-11T13:00:00,32.088757,73.591707,7.0,8,0.27,0.13,,0.65,0.764,12.88,140.0,84.0,0.089,0.88,36.6,42.0,178.0,0.0,38.0,0.258,0.01573,Pindi_Bowra_4Acre_Basmati_Plot
2026-06-11T14:00:00,32.088861,73.590725,8.0,0,0.298,0.143,,0.65,0.764,12.88,140.0,84.0,0.035,0.88,34.3,46.0,49.0,0.0,36.8,0.244,0.00973,Pindi_Bowra_4Acre_Basmati_Plot
2026-06-11T15:00:00,32.088757,73.59183,7.0,9,0.272,0.131,,0.65,0.764,12.88,140.0,84.0,0.174,0.88,33.7,37.0,0.0,0.0,36.0,0.26,0.01366,Pindi_Bowra_4Acre_Basmati_Plot
2026-06-11T16:00:00,32.088757,73.591707,7.0,8,0.27,0.13,,0.65,0.759,13.02,140.0,84.0,0.123,1.02,32.8,39.0,0.0,0.0,35.3,0.257,0.01169,Pindi_Bowra_4Acre_Basmati_Plot
2026-06-11T17:00:00,32.088861,73.590725,8.0,0,0.298,0.143,,0.65,0.759,13.02,140.0,84.0,0.123,1.02,32.5,40.0,0.0,0.0,34.8,0.243,0.00763,Pindi_Bowra_4Acre_Basmati_Plot
2026-06-11T18:00:00,32.088757,73.59183,7.0,9,0.272,0.131,,0.65,0.759,13.02,140.0,84.0,0.064,1.02,28.2,57.0,0.0,0.0,33.2,0.259,0.01006,Pindi_Bowra_4Acre_Basmati_Plot
2026-06-11T19:00:00,32.088757,73.591584,7.0,7,0.271,0.13,,0.65,0.759,13.02,140.0,84.0,0.035,1.02,27.5,63.0,0.0,0.0,32.5,0.255,0.00839,Pindi_Bowra_4Acre_Basmati_Plot
2026-06-11T20:00:00,32.088861,73.590725,8.0,0,0.298,0.143,,0.65,0.759,13.02,140.0,84.0,0.039,1.02,27.0,66.0,0.0,0.0,32.0,0.243,0.00577,Pindi_Bowra_4Acre_Basmati_Plot
2026-06-11T21:00:00,32.088861,73.590725,8.0,0,0.298,0.143,,0.65,0.764,12.88,140.0,84.0,0.035,0.88,26.9,67.0,0.0,0.0,31.5,0.244,0.00572,Pindi_Bowra_4Acre_Basmati_Plot
2026-06-11T22:00:00,32.088757,73.59183,7.0,9,0.272,0.131,,0.65,0.764,12.88,140.0,84.0,0.025,0.88,26.5,68.0,0.0,0.0,31.2,0.26,0.00845,Pindi_Bowra_4Acre_Basmati_Plot
2026-06-11T23:00:00,32.088757,73.59183,7.0,9,0.272,0.131,,0.65,0.764,12.88,140.0,84.0,0.025,0.88,26.2,69.0,0.0,0.0,30.8,0.26,0.00812,Pindi_Bowra_4Acre_Basmati_Plot
2026-06-12T00:00:00,32.088861,73.590848,8.0,1,0.297,0.143,,0.65,0.845,10.36,140.0,84.0,0.049,0.0,27.0,66.0,0.0,0.0,30.4,0.265,0.00958,Pindi_Bowra_4Acre_Basmati_Plot
2026-06-12T01:00:00,32.088861,73.590725,8.0,0,0.298,0.143,,0.65,0.845,10.36,140.0,84.0,0.06,0.0,26.8,67.0,34.0,0.0,30.3,0.263,0.0091,Pindi_Bowra_4Acre_Basmati_Plot
2026-06-12T02:00:00,32.088861,73.590848,8.0,1,0.297,0.143,,0.65,0.845,10.36,140.0,84.0,0.104,0.0,27.5,63.0,154.0,0.0,30.7,0.265,0.00987,Pindi_Bowra_4Acre_Basmati_Plot
2026-06-12T03:00:00,32.088861,73.590848,8.0,1,0.297,0.143,,0.65,0.841,10.5,140.0,84.0,0.159,0.0,28.6,60.0,315.0,0.0,31.3,0.264,0.01025,Pindi_Bowra_4Acre_Basmati_Plot
2026-06-12T04:00:00,32.088757,73.59183,7.0,9,0.272,0.131,,0.65,0.836,10.64,140.0,84.0,0.234,0.0,30.3,56.0,502.0,0.0,32.4,0.276,0.01334,Pindi_Bowra_4Acre_Basmati_Plot
2026-06-12T05:00:00,32.088861,73.590725,8.0,0,0.298,0.143,,0.65,0.845,10.36,140.0,84.0,0.247,0.0,31.5,54.0,576.0,0.2,33.5,0.263,0.01253,Pindi_Bowra_4Acre_Basmati_Plot
2026-06-12T06:00:00,32.088757,73.591707,7.0,8,0.27,0.13,,0.65,1.0,3.08,140.0,84.0,0.15,0.0,30.9,54.0,68.0,9.0,31.6,0.328,0.02357,Pindi_Bowra_4Acre_Basmati_Plot
2026-06-12T07:00:00,32.088861,73.590725,8.0,0,0.298,0.143,,0.65,1.0,3.22,140.0,84.0,0.403,0.0,32.0,50.0,706.0,0.2,33.1,0.314,0.02631,Pindi_Bowra_4Acre_Basmati_Plot
2026-06-12T08:00:00,32.088757,73.59183,7.0,9,0.272,0.131,,0.65,1.0,3.5,140.0,84.0,0.461,0.0,33.1,48.0,858.0,0.0,34.5,0.327,0.03144,Pindi_Bowra_4Acre_Basmati_Plot
2026-06-12T09:00:00,32.088757,73.591584,7.0,7,0.271,0.13,,0.65,1.0,3.78,140.0,84.0,0.416,0.0,33.9,41.0,707.0,0.0,35.3,0.321,0.03203,Pindi_Bowra_4Acre_Basmati_Plot
2026-06-12T10:00:00,32.088861,73.590725,8.0,0,0.298,0.143,,0.65,1.0,4.06,140.0,84.0,0.364,0.0,33.4,46.0,597.0,0.1,35.6,0.307,0.03127,Pindi_Bowra_4Acre_Basmati_Plot
2026-06-12T11:00:00,32.088861,73.590725,8.0,0,0.298,0.143,,0.65,1.0,4.34,140.0,84.0,0.312,0.0,33.7,43.0,530.0,0.0,35.8,0.305,0.03117,Pindi_Bowra_4Acre_Basmati_Plot
2026-06-12T12:00:00,32.088757,73.59183,7.0,9,0.272,0.131,,0.65,0.927,7.84,140.0,84.0,0.217,0.0,33.4,45.0,305.0,0.0,36.6,0.295,0.02719,Pindi_Bowra_4Acre_Basmati_Plot
2026-06-12T13:00:00,32.088861,73.590848,8.0,1,0.297,0.143,,0.65,0.923,7.98,140.0,84.0,0.144,0.0,32.7,48.0,176.0,0.0,35.7,0.281,0.02207,Pindi_Bowra_4Acre_Basmati_Plot
2026-06-12T14:00:00,32.088861,73.590848,8.0,1,0.297,0.143,,0.65,0.923,7.98,140.0,84.0,0.042,0.0,31.4,53.0,47.0,0.0,34.8,0.281,0.02017,Pindi_Bowra_4Acre_Basmati_Plot
2026-06-12T15:00:00,32.088757,73.59183,7.0,9,0.272,0.131,,0.65,0.923,7.98,140.0,84.0,0.036,0.0,30.9,54.0,0.0,0.0,33.9,0.294,0.02048,Pindi_Bowra_4Acre_Basmati_Plot
2026-06-12T16:00:00,32.088861,73.590848,8.0,1,0.297,0.143,,0.65,0.923,7.98,140.0,84.0,0.036,0.0,30.5,56.0,0.0,0.0,33.3,0.281,0.01736,Pindi_Bowra_4Acre_Basmati_Plot
2026-06-12T17:00:00,32.088757,73.59183,7.0,9,0.272,0.131,,0.65,0.923,7.98,140.0,84.0,0.06,0.0,30.4,53.0,0.0,0.0,32.9,0.294,0.01853,Pindi_Bowra_4Acre_Basmati_Plot
2026-06-12T18:00:00,32.088757,73.59183,7.0,9,0.272,0.131,,0.65,1.0,2.38,140.0,84.0,0.019,0.0,27.7,63.0,0.0,0.0,31.2,0.335,0.0243,Pindi_Bowra_4Acre_Basmati_Plot
2026-06-12T19:00:00,32.088861,73.590848,8.0,1,0.297,0.143,,0.65,1.0,2.52,140.0,84.0,0.0,0.0,26.9,70.0,0.0,0.0,30.9,0.321,0.02261,Pindi_Bowra_4Acre_Basmati_Plot
2026-06-12T20:00:00,32.088757,73.59183,7.0,9,0.272,0.131,,0.65,1.0,2.52,140.0,84.0,0.026,0.0,26.9,67.0,0.0,0.0,30.8,0.334,0.02314,Pindi_Bowra_4Acre_Basmati_Plot
2026-06-12T21:00:00,32.088757,73.591707,7.0,8,0.27,0.13,,0.65,1.0,2.66,140.0,84.0,0.007,0.0,26.9,67.0,0.0,0.0,30.6,0.331,0.02192,Pindi_Bowra_4Acre_Basmati_Plot
2026-06-12T22:00:00,32.088861,73.590725,8.0,0,0.298,0.143,,0.65,1.0,2.52,140.0,84.0,0.007,0.0,26.4,74.0,0.0,0.1,30.4,0.319,0.02115,Pindi_Bowra_4Acre_Basmati_Plot
2026-06-12T23:00:00,32.088757,73.59183,7.0,9,0.272,0.131,,0.65,1.0,1.54,140.0,84.0,0.0,0.0,25.7,81.0,0.0,0.7,29.4,0.341,0.02118,Pindi_Bowra_4Acre_Basmati_Plot
2026-06-13T00:00:00,32.088757,73.591584,7.0,7,0.271,0.13,,0.65,1.0,0.0,140.0,84.0,0.0,0.0,23.9,92.0,0.0,0.2,26.7,0.423,0.01611,Pindi_Bowra_4Acre_Basmati_Plot
2026-06-13T01:00:00,32.088861,73.590725,8.0,0,0.298,0.143,,0.65,1.0,0.0,140.0,84.0,0.026,0.0,24.3,87.0,18.0,0.0,26.9,0.401,0.01807,Pindi_Bowra_4Acre_Basmati_Plot
2026-06-13T02:00:00,32.088861,73.590725,8.0,0,0.298,0.143,,0.65,1.0,0.0,140.0,84.0,0.091,0.0,25.9,73.0,146.0,0.0,27.7,0.393,0.01957,Pindi_Bowra_4Acre_Basmati_Plot
2026-06-13T03:00:00,32.088757,73.591952,7.0,10,0.277,0.133,,0.65,1.0,0.0,140.0,84.0,0.169,0.0,27.5,65.0,317.0,0.0,28.8,0.404,0.02031,Pindi_Bowra_4Acre_Basmati_Plot
2026-06-13T04:00:00,32.088757,73.591707,7.0,8,0.27,0.13,,0.65,1.0,0.0,140.0,84.0,0.26,0.0,29.2,60.0,491.0,0.0,30.2,0.395,0.02277,Pindi_Bowra_4Acre_Basmati_Plot
2026-06-13T05:00:00,32.088861,73.590725,8.0,0,0.298,0.143,,0.65,1.0,0.0,140.0,84.0,0.332,0.0,30.8,55.0,645.0,0.0,31.6,0.378,0.02891,Pindi_Bowra_4Acre_Basmati_Plot
2026-06-13T06:00:00,32.088757,73.59183,7.0,9,0.272,0.131,,0.65,1.0,0.0,140.0,84.0,0.384,0.0,31.5,51.0,763.0,0.1,32.9,0.399,0.03005,Pindi_Bowra_4Acre_Basmati_Plot
2026-06-13T07:00:00,32.088757,73.591584,7.0,7,0.271,0.13,,0.65,1.0,0.0,140.0,84.0,0.423,0.0,32.6,46.0,812.0,0.3,34.1,0.392,0.03376,Pindi_Bowra_4Acre_Basmati_Plot
2026-06-13T08:00:00,32.088861,73.590725,8.0,0,0.298,0.143,,0.65,1.0,0.0,140.0,84.0,0.429,0.0,33.4,43.0,793.0,0.1,34.9,0.377,0.04021,Pindi_Bowra_4Acre_Basmati_Plot
2026-06-13T09:00:00,32.088757,73.591707,7.0,8,0.27,0.13,,0.65,1.0,0.0,140.0,84.0,0.377,0.0,30.7,51.0,714.0,0.1,35.3,0.386,0.03792,Pindi_Bowra_4Acre_Basmati_Plot
2026-06-13T10:00:00,32.088861,73.590848,8.0,1,0.297,0.143,,0.65,1.0,0.0,140.0,84.0,0.332,0.0,31.2,49.0,587.0,0.4,34.7,0.374,0.03928,Pindi_Bowra_4Acre_Basmati_Plot
2026-06-13T11:00:00,32.088757,73.591707,7.0,8,0.27,0.13,,0.65,1.0,0.0,140.0,84.0,0.28,0.0,31.7,48.0,464.0,0.1,34.4,0.383,0.03466,Pindi_Bowra_4Acre_Basmati_Plot
2026-06-13T12:00:00,32.088861,73.590725,8.0,0,0.298,0.143,,0.65,1.0,0.0,140.0,84.0,0.215,0.0,31.9,47.0,328.0,0.0,34.2,0.374,0.03749,Pindi_Bowra_4Acre_Basmati_Plot
2026-06-13T13:00:00,32.088757,73.59183,7.0,9,0.272,0.131,,0.65,1.0,0.0,140.0,84.0,0.143,0.0,31.3,49.0,183.0,0.0,33.6,0.387,0.03223,Pindi_Bowra_4Acre_Basmati_Plot
2026-06-13T14:00:00,32.088861,73.590848,8.0,1,0.297,0.143,,0.65,1.0,0.0,140.0,84.0,0.058,0.0,29.7,53.0,52.0,0.0,32.7,0.37,0.03216,Pindi_Bowra_4Acre_Basmati_Plot
2026-06-13T15:00:00,32.088861,73.590725,8.0,0,0.298,0.143,,0.65,1.0,0.0,140.0,84.0,0.039,0.0,28.6,53.0,1.0,0.0,31.8,0.367,0.02949,Pindi_Bowra_4Acre_Basmati_Plot
2026-06-13T16:00:00,32.088757,73.591461,7.0,6,0.275,0.132,,0.65,1.0,0.0,140.0,84.0,0.026,0.0,27.5,54.0,0.0,0.0,31.1,0.374,0.02538,Pindi_Bowra_4Acre_Basmati_Plot
2026-06-13T17:00:00,32.088757,73.591707,7.0,8,0.27,0.13,,0.65,1.0,0.0,140.0,84.0,0.013,0.0,26.3,59.0,0.0,0.0,30.4,0.377,0.02323,Pindi_Bowra_4Acre_Basmati_Plot
2026-06-13T18:00:00,32.088757,73.591707,7.0,8,0.27,0.13,,0.65,1.0,0.0,140.0,84.0,0.0,0.0,26.6,63.0,0.0,0.0,30.2,0.371,0.02277,Pindi_Bowra_4Acre_Basmati_Plot
2026-06-13T19:00:00,32.088861,73.590725,8.0,0,0.298,0.143,,0.65,1.0,0.0,140.0,84.0,0.0,0.0,26.0,64.0,0.0,0.0,29.6,0.357,0.02367,Pindi_Bowra_4Acre_Basmati_Plot
2026-06-13T20:00:00,32.088757,73.59183,7.0,9,0.272,0.131,,0.65,1.0,0.0,140.0,84.0,0.0,0.0,25.6,66.0,0.0,0.0,29.2,0.371,0.02076,Pindi_Bowra_4Acre_Basmati_Plot
2026-06-13T21:00:00,32.088757,73.591584,7.0,7,0.271,0.13,,0.65,1.0,0.0,140.0,84.0,0.007,0.0,25.0,68.0,0.0,0.0,28.8,0.366,0.01987,Pindi_Bowra_4Acre_Basmati_Plot
2026-06-13T22:00:00,32.088861,73.590725,8.0,0,0.298,0.143,,0.65,1.0,0.0,140.0,84.0,0.0,0.0,24.5,71.0,0.0,0.0,28.5,0.354,0.0212,Pindi_Bowra_4Acre_Basmati_Plot
2026-06-13T23:00:00,32.088861,73.590725,8.0,0,0.298,0.143,,0.65,1.0,0.0,140.0,84.0,0.0,0.0,24.4,74.0,0.0,0.0,28.2,0.353,0.02058,Pindi_Bowra_4Acre_Basmati_Plot
2026-06-14T00:00:00,32.088757,73.591952,7.0,10,0.277,0.133,,0.65,1.0,1.82,140.0,84.0,0.0,0.0,24.2,76.0,0.0,0.0,28.0,0.341,0.01875,Pindi_Bowra_4Acre_Basmati_Plot
2026-06-14T01:00:00,32.088757,73.591707,7.0,8,0.27,0.13,,0.65,1.0,1.82,140.0,84.0,0.033,0.0,25.0,74.0,34.0,0.0,28.0,0.337,0.01782,Pindi_Bowra_4Acre_Basmati_Plot
2026-06-14T02:00:00,32.088757,73.591707,7.0,8,0.27,0.13,,0.65,1.0,1.82,140.0,84.0,0.078,0.0,27.2,67.0,159.0,0.0,28.7,0.337,0.01911,Pindi_Bowra_4Acre_Basmati_Plot
2026-06-14T03:00:00,32.088757,73.591584,7.0,7,0.271,0.13,,0.65,1.0,1.96,140.0,84.0,0.156,0.0,29.6,54.0,332.0,0.0,30.0,0.334,0.02128,Pindi_Bowra_4Acre_Basmati_Plot
2026-06-14T04:00:00,32.088861,73.590848,8.0,1,0.297,0.143,,0.65,1.0,2.1,140.0,84.0,0.26,0.0,31.8,42.0,513.0,0.0,31.4,0.324,0.02448,Pindi_Bowra_4Acre_Basmati_Plot
2026-06-14T05:00:00,32.088861,73.590725,8.0,0,0.298,0.143,,0.65,1.0,2.38,140.0,84.0,0.345,0.0,33.2,36.0,674.0,0.0,33.0,0.32,0.02771,Pindi_Bowra_4Acre_Basmati_Plot
2026-06-14T06:00:00,32.088757,73.591461,7.0,6,0.275,0.132,,0.65,1.0,1.82,140.0,84.0,0.397,0.0,33.9,31.0,794.0,0.0,34.4,0.333,0.03324,Pindi_Bowra_4Acre_Basmati_Plot
2026-06-14T07:00:00,32.088757,73.591707,7.0,8,0.27,0.13,,0.65,1.0,2.24,140.0,84.0,0.442,0.0,34.9,30.0,866.0,0.0,35.6,0.334,0.03712,Pindi_Bowra_4Acre_Basmati_Plot
2026-06-14T08:00:00,32.088861,73.590848,8.0,1,0.297,0.143,,0.65,1.0,2.52,140.0,84.0,0.442,0.0,35.5,30.0,871.0,0.0,36.6,0.321,0.03998,Pindi_Bowra_4Acre_Basmati_Plot
2026-06-14T09:00:00,32.088757,73.59183,7.0,9,0.272,0.131,,0.65,1.0,2.94,140.0,84.0,0.41,0.0,35.8,30.0,813.0,0.0,37.2,0.331,0.04273,Pindi_Bowra_4Acre_Basmati_Plot
2026-06-14T10:00:00,32.088861,73.590848,8.0,1,0.297,0.143,,0.65,1.0,3.22,140.0,84.0,0.345,0.0,35.9,30.0,688.0,0.0,37.4,0.316,0.04117,Pindi_Bowra_4Acre_Basmati_Plot
2026-06-14T11:00:00,32.088757,73.59183,7.0,9,0.272,0.131,,0.65,1.0,3.5,140.0,84.0,0.267,0.0,35.8,30.0,543.0,0.0,37.2,0.327,0.04119,Pindi_Bowra_4Acre_Basmati_Plot
2026-06-14T12:00:00,32.088757,73.59183,7.0,9,0.272,0.131,,0.65,1.0,4.76,140.0,84.0,0.182,0.0,35.8,29.0,362.0,0.0,36.9,0.318,0.03661,Pindi_Bowra_4Acre_Basmati_Plot
2026-06-14T13:00:00,32.088861,73.590848,8.0,1,0.297,0.143,,0.65,1.0,4.9,140.0,84.0,0.117,0.0,34.0,42.0,192.0,0.0,36.0,0.303,0.03094,Pindi_Bowra_4Acre_Basmati_Plot
2026-06-14T14:00:00,32.088757,73.59183,7.0,9,0.272,0.131,,0.65,1.0,4.9,140.0,84.0,0.058,0.0,31.6,48.0,54.0,0.0,34.8,0.317,0.02937,Pindi_Bowra_4Acre_Basmati_Plot
2026-06-14T15:00:00,32.088757,73.591707,7.0,8,0.27,0.13,,0.65,1.0,4.9,140.0,84.0,0.026,0.0,30.0,50.0,1.0,0.0,33.5,0.315,0.02507,Pindi_Bowra_4Acre_Basmati_Plot
2026-06-14T16:00:00,32.088861,73.590725,8.0,0,0.298,0.143,,0.65,1.0,4.9,140.0,84.0,0.026,0.0,29.1,50.0,0.0,0.0,32.6,0.301,0.02157,Pindi_Bowra_4Acre_Basmati_Plot
2026-06-14T17:00:00,32.088861,73.590725,8.0,0,0.298,0.143,,0.65,1.0,4.76,140.0,84.0,0.026,0.0,28.1,53.0,0.0,0.0,31.7,0.302,0.01995,Pindi_Bowra_4Acre_Basmati_Plot
2026-06-14T18:00:00,32.088757,73.591707,7.0,8,0.27,0.13,,0.65,1.0,5.32,140.0,84.0,0.033,0.0,28.6,50.0,0.0,0.0,31.4,0.311,0.01947,Pindi_Bowra_4Acre_Basmati_Plot
2026-06-14T19:00:00,32.088861,73.590725,8.0,0,0.298,0.143,,0.65,1.0,5.32,140.0,84.0,0.039,0.0,28.5,50.0,0.0,0.0,31.0,0.298,0.0177,Pindi_Bowra_4Acre_Basmati_Plot
2026-06-14T20:00:00,32.088757,73.591707,7.0,8,0.27,0.13,,0.65,1.0,5.32,140.0,84.0,0.026,0.0,27.7,55.0,0.0,0.0,30.6,0.311,0.01797,Pindi_Bowra_4Acre_Basmati_Plot
2026-06-14T21:00:00,32.088757,73.591707,7.0,8,0.27,0.13,,0.65,1.0,5.18,140.0,84.0,0.013,0.0,27.4,60.0,0.0,0.0,30.3,0.312,0.01763,Pindi_Bowra_4Acre_Basmati_Plot
2026-06-14T22:00:00,32.088861,73.590725,8.0,0,0.298,0.143,,0.65,1.0,5.18,140.0,84.0,0.007,0.0,26.7,63.0,0.0,0.0,29.9,0.299,0.01606,Pindi_Bowra_4Acre_Basmati_Plot
2026-06-14T23:00:00,32.088757,73.59183,7.0,9,0.272,0.131,,0.65,1.0,5.18,140.0,84.0,0.019,0.0,26.5,64.0,0.0,0.0,29.7,0.315,0.01727,Pindi_Bowra_4Acre_Basmati_Plot
2026-06-15T00:00:00,32.088757,73.591584,7.0,7,0.271,0.13,,0.65,1.0,3.22,140.0,84.0,0.019,0.0,27.3,64.0,0.0,0.0,29.6,0.325,0.01883,Pindi_Bowra_4Acre_Basmati_Plot
2026-06-15T01:00:00,32.088861,73.590725,8.0,0,0.298,0.143,,0.65,1.0,3.22,140.0,84.0,0.046,0.0,27.5,65.0,35.0,0.0,29.6,0.314,0.01854,Pindi_Bowra_4Acre_Basmati_Plot
2026-06-15T02:00:00,32.088861,73.590725,8.0,0,0.298,0.143,,0.65,1.0,3.22,140.0,84.0,0.111,0.0,29.6,58.0,158.0,0.0,30.3,0.314,0.01988,Pindi_Bowra_4Acre_Basmati_Plot
2026-06-15T03:00:00,32.088757,73.591952,7.0,10,0.277,0.133,,0.65,1.0,3.36,140.0,84.0,0.189,0.0,30.3,54.0,323.0,0.0,31.3,0.33,0.0239,Pindi_Bowra_4Acre_Basmati_Plot
2026-06-15T04:00:00,32.088757,73.591707,7.0,8,0.27,0.13,,0.65,1.0,3.5,140.0,84.0,0.215,0.0,31.2,53.0,414.0,0.0,32.4,0.325,0.02483,Pindi_Bowra_4Acre_Basmati_Plot
2026-06-15T05:00:00,32.088757,73.591707,7.0,8,0.27,0.13,,0.65,1.0,3.64,140.0,84.0,0.345,0.0,32.7,49.0,635.0,0.0,33.7,0.324,0.028,Pindi_Bowra_4Acre_Basmati_Plot
2026-06-15T06:00:00,32.088757,73.591584,7.0,7,0.271,0.13,,0.65,1.0,4.48,140.0,84.0,0.41,0.0,34.2,43.0,747.0,0.0,35.6,0.316,0.03138,Pindi_Bowra_4Acre_Basmati_Plot
2026-06-15T07:00:00,32.088861,73.590848,8.0,1,0.297,0.143,,0.65,1.0,4.9,140.0,84.0,0.442,0.0,35.4,38.0,802.0,0.0,36.5,0.303,0.03253,Pindi_Bowra_4Acre_Basmati_Plot
2026-06-15T08:00:00,32.088861,73.590725,8.0,0,0.298,0.143,,0.65,1.0,5.04,140.0,84.0,0.416,0.0,35.5,36.0,738.0,0.1,37.0,0.3,0.03307,Pindi_Bowra_4Acre_Basmati_Plot
2026-06-15T09:00:00,32.088757,73.591461,7.0,6,0.275,0.132,,0.65,1.0,5.18,140.0,84.0,0.351,0.0,35.5,36.0,632.0,0.0,37.3,0.308,0.03459,Pindi_Bowra_4Acre_Basmati_Plot
2026-06-15T10:00:00,32.088757,73.591707,7.0,8,0.27,0.13,,0.65,1.0,5.32,140.0,84.0,0.319,0.0,35.8,34.0,624.0,0.0,37.6,0.311,0.03619,Pindi_Bowra_4Acre_Basmati_Plot
2026-06-15T11:00:00,32.088861,73.590848,8.0,1,0.297,0.143,,0.65,1.0,5.6,140.0,84.0,0.253,0.0,35.8,33.0,482.0,0.0,37.4,0.298,0.03345,Pindi_Bowra_4Acre_Basmati_Plot
2026-06-15T12:00:00,32.088757,73.59183,7.0,9,0.272,0.131,,0.65,1.0,0.0,140.0,84.0,0.221,0.0,36.6,29.0,367.0,0.0,37.0,0.355,0.04528,Pindi_Bowra_4Acre_Basmati_Plot
2026-06-15T13:00:00,32.088861,73.590848,8.0,1,0.297,0.143,,0.65,1.0,0.0,140.0,84.0,0.111,0.0,34.6,43.0,187.0,0.0,36.2,0.341,0.04564,Pindi_Bowra_4Acre_Basmati_Plot
2026-06-15T14:00:00,32.088757,73.59183,7.0,9,0.272,0.131,,0.65,1.0,0.0,140.0,84.0,0.058,0.0,32.5,46.0,53.0,0.0,35.1,0.353,0.03744,Pindi_Bowra_4Acre_Basmati_Plot
2026-06-15T15:00:00,32.088757,73.59183,7.0,9,0.272,0.131,,0.65,1.0,0.0,140.0,84.0,0.046,0.0,31.5,47.0,1.0,0.0,34.1,0.353,0.03388,Pindi_Bowra_4Acre_Basmati_Plot
2026-06-15T16:00:00,32.088861,73.590848,8.0,1,0.297,0.143,,0.65,1.0,0.0,140.0,84.0,0.039,0.0,30.3,49.0,0.0,0.0,33.3,0.339,0.03387,Pindi_Bowra_4Acre_Basmati_Plot
2026-06-15T17:00:00,32.088757,73.59183,7.0,9,0.272,0.131,,0.65,1.0,0.0,140.0,84.0,0.052,0.0,30.1,47.0,0.0,0.0,32.6,0.352,0.02916,Pindi_Bowra_4Acre_Basmati_Plot
2026-06-15T18:00:00,32.088757,73.591707,7.0,8,0.27,0.13,,0.65,1.0,0.0,140.0,84.0,0.078,0.0,31.0,51.0,0.0,0.0,32.4,0.353,0.02837,Pindi_Bowra_4Acre_Basmati_Plot
2026-06-15T19:00:00,32.088861,73.590725,8.0,0,0.298,0.143,,0.65,1.0,0.0,140.0,84.0,0.052,0.0,30.3,54.0,0.0,0.0,32.2,0.34,0.0307,Pindi_Bowra_4Acre_Basmati_Plot
2026-06-15T20:00:00,32.088757,73.59183,7.0,9,0.272,0.131,,0.65,1.0,0.0,140.0,84.0,0.026,0.0,29.3,58.0,0.0,0.0,31.9,0.355,0.02719,Pindi_Bowra_4Acre_Basmati_Plot
2026-06-15T21:00:00,32.088757,73.591584,7.0,7,0.271,0.13,,0.65,1.0,0.0,140.0,84.0,0.019,0.0,28.5,60.0,0.0,0.0,31.5,0.351,0.02603,Pindi_Bowra_4Acre_Basmati_Plot
2026-06-15T22:00:00,32.088861,73.590725,8.0,0,0.298,0.143,,0.65,1.0,0.0,140.0,84.0,0.013,0.0,28.0,61.0,0.0,0.0,31.2,0.339,0.02754,Pindi_Bowra_4Acre_Basmati_Plot
2026-06-15T23:00:00,32.088861,73.590725,8.0,0,0.298,0.143,,0.65,1.0,0.0,140.0,84.0,0.046,0.0,27.7,63.0,0.0,0.0,30.9,0.339,0.02673,Pindi_Bowra_4Acre_Basmati_Plot
2026-06-16T00:00:00,32.088757,73.591952,7.0,10,0.277,0.133,,0.65,1.0,0.0,140.0,84.0,0.019,0.0,23.6,90.0,0.0,0.0,30.4,0.374,0.02383,Pindi_Bowra_4Acre_Basmati_Plot
2026-06-16T01:00:00,32.088757,73.591707,7.0,8,0.27,0.13,,0.65,1.0,0.0,140.0,84.0,0.033,0.0,23.8,85.0,24.0,0.1,29.6,0.37,0.02144,Pindi_Bowra_4Acre_Basmati_Plot
2026-06-16T02:00:00,32.088861,73.590725,8.0,0,0.298,0.143,,0.65,1.0,0.0,140.0,84.0,0.058,0.0,25.1,82.0,88.0,0.0,29.6,0.356,0.02367,Pindi_Bowra_4Acre_Basmati_Plot
2026-06-16T03:00:00,32.088757,73.59183,7.0,9,0.272,0.131,,0.65,1.0,0.0,140.0,84.0,0.104,0.0,27.1,78.0,190.0,0.0,30.2,0.37,0.02294,Pindi_Bowra_4Acre_Basmati_Plot
2026-06-16T04:00:00,32.088757,73.591584,7.0,7,0.271,0.13,,0.65,1.0,0.0,140.0,84.0,0.227,0.0,29.4,68.0,445.0,0.0,31.4,0.364,0.02577,Pindi_Bowra_4Acre_Basmati_Plot
2026-06-16T05:00:00,32.088861,73.590725,8.0,0,0.298,0.143,,0.65,1.0,0.0,140.0,84.0,0.332,0.0,31.4,59.0,635.0,0.0,32.8,0.35,0.03259,Pindi_Bowra_4Acre_Basmati_Plot
2026-06-16T06:00:00,32.088757,73.591707,7.0,8,0.27,0.13,,0.65,1.0,0.0,140.0,84.0,0.37,0.0,30.3,62.0,768.0,0.0,33.1,0.403,0.03043,Pindi_Bowra_4Acre_Basmati_Plot
2026-06-16T07:00:00,32.088861,73.590848,8.0,1,0.297,0.143,,0.65,1.0,0.0,140.0,84.0,0.312,0.0,31.7,54.0,609.0,0.3,33.8,0.389,0.0359,Pindi_Bowra_4Acre_Basmati_Plot
2026-06-16T08:00:00,32.088861,73.590848,8.0,1,0.297,0.143,,0.65,1.0,0.0,140.0,84.0,0.423,0.0,33.4,48.0,819.0,0.0,35.2,0.383,0.0413,Pindi_Bowra_4Acre_Basmati_Plot
2026-06-16T09:00:00,32.088757,73.59183,7.0,9,0.272,0.131,,0.65,1.0,0.0,140.0,84.0,0.403,0.0,34.1,45.0,777.0,0.0,36.1,0.391,0.04138,Pindi_Bowra_4Acre_Basmati_Plot
2026-06-16T10:00:00,32.088861,73.590848,8.0,1,0.297,0.143,,0.65,1.0,0.0,140.0,84.0,0.358,0.0,34.4,43.0,679.0,0.0,36.5,0.372,0.04703,Pindi_Bowra_4Acre_Basmati_Plot
2026-06-16T11:00:00,32.088757,73.59183,7.0,9,0.272,0.131,,0.65,1.0,0.0,140.0,84.0,0.286,0.0,34.6,41.0,537.0,0.0,36.5,0.383,0.04307,Pindi_Bowra_4Acre_Basmati_Plot
2026-06-16T12:00:00,32.088757,73.59183,7.0,9,0.272,0.131,,0.65,1.0,0.0,140.0,84.0,0.208,0.0,34.3,43.0,353.0,0.0,36.2,0.381,0.0418,Pindi_Bowra_4Acre_Basmati_Plot
2026-06-16T13:00:00,32.088861,73.590848,8.0,1,0.297,0.143,,0.65,1.0,0.0,140.0,84.0,0.137,0.0,33.2,48.0,186.0,0.0,35.4,0.365,0.04213,Pindi_Bowra_4Acre_Basmati_Plot
2026-06-16T14:00:00,32.088757,73.59183,7.0,9,0.272,0.131,,0.65,1.0,0.0,140.0,84.0,0.046,0.0,31.4,55.0,52.0,0.0,34.5,0.377,0.03526,Pindi_Bowra_4Acre_Basmati_Plot
2026-06-16T15:00:00,32.088861,73.590848,8.0,1,0.297,0.143,,0.65,1.0,0.0,140.0,84.0,0.013,0.0,30.2,61.0,1.0,0.0,33.5,0.362,0.03484,Pindi_Bowra_4Acre_Basmati_Plot
2026-06-16T16:00:00,32.088757,73.59183,7.0,9,0.272,0.131,,0.65,1.0,0.0,140.0,84.0,0.026,0.0,29.7,64.0,0.0,0.0,32.8,0.374,0.02975,Pindi_Bowra_4Acre_Basmati_Plot
2026-06-16T17:00:00,32.088861,73.590848,8.0,1,0.297,0.143,,0.65,1.0,0.0,140.0,84.0,0.013,0.0,29.0,66.0,0.0,0.0,32.3,0.36,0.0309,Pindi_Bowra_4Acre_Basmati_Plot
2026-06-16T18:00:00,32.088757,73.59183,7.0,9,0.272,0.131,,0.65,1.0,0.0,140.0,84.0,0.026,0.0,29.1,62.0,0.0,0.0,31.9,0.374,0.02719,Pindi_Bowra_4Acre_Basmati_Plot
2026-06-16T19:00:00,32.088757,73.59183,7.0,9,0.272,0.131,,0.65,1.0,0.0,140.0,84.0,0.013,0.0,28.3,64.0,0.0,0.0,31.5,0.373,0.02612,Pindi_Bowra_4Acre_Basmati_Plot
2026-06-16T20:00:00,32.088861,73.590848,8.0,1,0.297,0.143,,0.65,1.0,0.0,140.0,84.0,0.007,0.0,27.7,68.0,0.0,0.0,31.1,0.359,0.02741,Pindi_Bowra_4Acre_Basmati_Plot
2026-06-16T21:00:00,32.088757,73.591707,7.0,8,0.27,0.13,,0.65,1.0,0.0,140.0,84.0,0.0,0.0,27.5,70.0,0.0,0.0,30.8,0.369,0.02418,Pindi_Bowra_4Acre_Basmati_Plot
2026-06-16T22:00:00,32.088757,73.591707,7.0,8,0.27,0.13,,0.65,1.0,0.0,140.0,84.0,0.0,0.0,27.2,72.0,0.0,0.0,30.5,0.368,0.02346,Pindi_Bowra_4Acre_Basmati_Plot
2026-06-16T23:00:00,32.088861,73.590725,8.0,0,0.298,0.143,,0.65,1.0,0.0,140.0,84.0,0.007,0.0,26.9,71.0,0.0,0.0,30.2,0.355,0.02513,Pindi_Bowra_4Acre_Basmati_Plot
2026-06-17T00:00:00,32.088757,73.59183,7.0,9,0.272,0.131,,0.65,1.0,0.0,140.0,84.0,0.0,0.0,27.6,77.0,0.0,0.0,30.1,0.365,0.02271,Pindi_Bowra_4Acre_Basmati_Plot
2026-06-17T01:00:00,32.088861,73.590848,8.0,1,0.297,0.143,,0.65,1.0,0.0,140.0,84.0,0.019,0.0,28.0,75.0,33.0,0.0,30.2,0.352,0.02505,Pindi_Bowra_4Acre_Basmati_Plot
2026-06-17T02:00:00,32.088861,73.590725,8.0,0,0.298,0.143,,0.65,1.0,0.0,140.0,84.0,0.072,0.0,29.6,71.0,151.0,0.0,30.9,0.349,0.02695,Pindi_Bowra_4Acre_Basmati_Plot
2026-06-17T03:00:00,32.088757,73.591461,7.0,6,0.275,0.132,,0.65,1.0,0.0,140.0,84.0,0.156,0.0,31.2,65.0,319.0,0.0,32.0,0.357,0.02777,Pindi_Bowra_4Acre_Basmati_Plot
2026-06-17T04:00:00,32.088757,73.591707,7.0,8,0.27,0.13,,0.65,1.0,0.0,140.0,84.0,0.247,0.0,33.2,56.0,498.0,0.0,33.3,0.359,0.03105,Pindi_Bowra_4Acre_Basmati_Plot
2026-06-17T05:00:00,32.088861,73.590848,8.0,1,0.297,0.143,,0.65,1.0,0.0,140.0,84.0,0.338,0.0,34.6,47.0,656.0,0.0,34.7,0.346,0.03928,Pindi_Bowra_4Acre_Basmati_Plot
2026-06-17T06:00:00,32.088757,73.59183,7.0,9,0.272,0.131,,0.65,1.0,0.0,140.0,84.0,0.351,0.0,35.0,39.0,672.0,0.0,35.8,0.36,0.04016,Pindi_Bowra_4Acre_Basmati_Plot
2026-06-17T07:00:00,32.088861,73.590848,8.0,1,0.297,0.143,,0.65,1.0,0.0,140.0,84.0,0.41,0.0,35.7,35.0,785.0,0.8,36.6,0.353,0.0475,Pindi_Bowra_4Acre_Basmati_Plot
2026-06-17T08:00:00,32.088757,73.59183,7.0,9,0.272,0.131,,0.65,1.0,0.0,140.0,84.0,0.384,0.0,35.9,35.0,732.0,0.0,37.2,0.364,0.04619,Pindi_Bowra_4Acre_Basmati_Plot
2026-06-17T09:00:00,32.088757,73.59183,7.0,9,0.272,0.131,,0.65,1.0,0.0,140.0,84.0,0.397,0.0,36.3,35.0,782.0,0.0,37.8,0.36,0.04905,Pindi_Bowra_4Acre_Basmati_Plot
2026-06-17T10:00:00,32.088861,73.590848,8.0,1,0.297,0.143,,0.65,1.0,0.0,140.0,84.0,0.345,0.0,36.3,34.0,662.0,0.0,38.0,0.345,0.05464,Pindi_Bowra_4Acre_Basmati_Plot
2026-06-17T11:00:00,32.088757,73.59183,7.0,9,0.272,0.131,,0.65,1.0,0.0,140.0,84.0,0.28,0.0,36.2,36.0,534.0,0.0,37.8,0.355,0.04905,Pindi_Bowra_4Acre_Basmati_Plot
2026-06-17T12:00:00,32.088757,73.591707,7.0,8,0.27,0.13,,0.65,1.0,0.0,140.0,84.0,0.195,0.0,37.0,31.0,347.0,0.0,37.5,0.35,0.04725,Pindi_Bowra_4Acre_Basmati_Plot
2026-06-17T13:00:00,32.088861,73.590725,8.0,0,0.298,0.143,,0.65,1.0,0.14,140.0,84.0,0.117,0.0,35.1,44.0,175.0,0.0,36.7,0.336,0.04654,Pindi_Bowra_4Acre_Basmati_Plot
2026-06-17T14:00:00,32.088757,73.59183,7.0,9,0.272,0.131,,0.65,1.0,0.28,140.0,84.0,0.085,0.0,33.5,45.0,52.0,0.0,35.7,0.35,0.03976,Pindi_Bowra_4Acre_Basmati_Plot
2026-06-17T15:00:00,32.088757,73.591584,7.0,7,0.271,0.13,,0.65,1.0,0.28,140.0,84.0,0.058,0.0,32.5,45.0,1.0,0.0,34.8,0.346,0.0362,Pindi_Bowra_4Acre_Basmati_Plot
2026-06-17T16:00:00,32.088861,73.590725,8.0,0,0.298,0.143,,0.65,1.0,0.28,140.0,84.0,0.046,0.0,31.4,50.0,0.0,0.0,34.1,0.335,0.03557,Pindi_Bowra_4Acre_Basmati_Plot
2026-06-17T17:00:00,32.088861,73.590725,8.0,0,0.298,0.143,,0.65,1.0,0.42,140.0,84.0,0.026,0.0,30.5,54.0,0.0,0.0,33.5,0.334,0.03321,Pindi_Bowra_4Acre_Basmati_Plot
2026-06-17T18:00:00,32.088757,73.591952,7.0,10,0.277,0.133,,0.65,1.0,1.82,140.0,84.0,0.046,0.0,30.4,53.0,0.0,0.0,32.9,0.341,0.0306,Pindi_Bowra_4Acre_Basmati_Plot
2026-06-17T19:00:00,32.088757,73.591707,7.0,8,0.27,0.13,,0.65,1.0,1.82,140.0,84.0,0.039,0.0,29.1,54.0,0.0,0.0,32.4,0.337,0.02766,Pindi_Bowra_4Acre_Basmati_Plot
2026-06-17T20:00:00,32.088861,73.590725,8.0,0,0.298,0.143,,0.65,1.0,1.82,140.0,84.0,0.026,0.0,28.3,57.0,0.0,0.0,31.9,0.324,0.02582,Pindi_Bowra_4Acre_Basmati_Plot
2026-06-17T21:00:00,32.088757,73.59183,7.0,9,0.272,0.131,,0.65,1.0,1.82,140.0,84.0,0.026,0.0,27.9,59.0,0.0,0.0,31.5,0.339,0.02591,Pindi_Bowra_4Acre_Basmati_Plot
2026-06-17T22:00:00,32.088757,73.591584,7.0,7,0.271,0.13,,0.65,1.0,1.82,140.0,84.0,0.019,0.0,27.7,60.0,0.0,0.0,31.2,0.335,0.02421,Pindi_Bowra_4Acre_Basmati_Plot
2026-06-17T23:00:00,32.088861,73.590725,8.0,0,0.298,0.143,,0.65,1.0,1.82,140.0,84.0,0.019,0.0,27.5,60.0,0.0,0.0,30.9,0.324,0.02336,Pindi_Bowra_4Acre_Basmati_Plot
2026-06-18T00:00:00,32.088757,73.591707,7.0,8,0.27,0.13,,0.65,0.9,8.68,140.0,84.0,0.018,0.0,26.6,70.0,0.0,0.0,30.0,0.288,0.01265,Pindi_Bowra_4Acre_Basmati_Plot
2026-06-18T01:00:00,32.088861,73.590848,8.0,1,0.297,0.143,,0.65,0.9,8.68,140.0,84.0,0.041,0.0,27.3,67.0,31.0,0.0,30.0,0.277,0.01166,Pindi_Bowra_4Acre_Basmati_Plot
2026-06-18T02:00:00,32.088757,73.591707,7.0,8,0.27,0.13,,0.65,0.905,8.54,140.0,84.0,0.071,0.0,28.5,63.0,132.0,0.0,30.5,0.289,0.01349,Pindi_Bowra_4Acre_Basmati_Plot
2026-06-18T03:00:00,32.088861,73.590725,8.0,0,0.298,0.143,,0.65,0.905,8.54,140.0,84.0,0.129,0.0,30.0,59.0,287.0,0.0,31.4,0.276,0.01322,Pindi_Bowra_4Acre_Basmati_Plot
2026-06-18T04:00:00,32.088757,73.59183,7.0,9,0.272,0.131,,0.65,0.9,8.68,140.0,84.0,0.228,0.0,32.2,51.0,487.0,0.0,32.7,0.29,0.01718,Pindi_Bowra_4Acre_Basmati_Plot
2026-06-18T05:00:00,32.088861,73.590848,8.0,1,0.297,0.143,,0.65,0.895,8.82,140.0,84.0,0.308,0.0,34.1,43.0,658.0,0.0,34.1,0.276,0.01726,Pindi_Bowra_4Acre_Basmati_Plot
2026-06-18T06:00:00,32.088861,73.590725,8.0,0,0.298,0.143,,0.65,0.927,7.84,140.0,84.0,0.368,0.0,35.0,38.0,778.0,0.0,35.4,0.28,0.02114,Pindi_Bowra_4Acre_Basmati_Plot
2026-06-18T07:00:00,32.088757,73.591461,7.0,6,0.275,0.132,,0.65,0.918,8.12,140.0,84.0,0.4,0.0,36.1,36.0,849.0,0.0,36.7,0.287,0.0248,Pindi_Bowra_4Acre_Basmati_Plot
2026-06-18T08:00:00,32.088757,73.591707,7.0,8,0.27,0.13,,0.65,0.909,8.4,140.0,84.0,0.396,0.0,36.8,35.0,850.0,0.0,37.6,0.29,0.02784,Pindi_Bowra_4Acre_Basmati_Plot
2026-06-18T09:00:00,32.088757,73.591707,7.0,8,0.27,0.13,,0.65,0.9,8.68,140.0,84.0,0.38,0.0,36.9,35.0,785.0,0.0,38.1,0.288,0.02843,Pindi_Bowra_4Acre_Basmati_Plot
2026-06-18T10:00:00,32.088861,73.590725,8.0,0,0.298,0.143,,0.65,0.9,8.68,140.0,84.0,0.298,0.0,36.2,36.0,563.0,0.2,37.8,0.275,0.02463,Pindi_Bowra_4Acre_Basmati_Plot
2026-06-18T11:00:00,32.088757,73.59183,7.0,9,0.272,0.131,,0.65,0.895,8.82,140.0,84.0,0.239,0.0,35.6,36.0,497.0,0.0,37.5,0.289,0.02737,Pindi_Bowra_4Acre_Basmati_Plot
2026-06-18T12:00:00,32.088757,73.591584,7.0,7,0.271,0.13,,0.65,0.923,7.98,140.0,84.0,0.156,0.0,36.5,35.0,279.0,0.3,36.3,0.29,0.02454,Pindi_Bowra_4Acre_Basmati_Plot
2026-06-18T13:00:00,32.088861,73.590725,8.0,0,0.298,0.143,,0.65,0.923,7.98,140.0,84.0,0.09,0.0,34.7,51.0,184.0,0.0,35.8,0.279,0.02163,Pindi_Bowra_4Acre_Basmati_Plot
2026-06-18T14:00:00,32.088861,73.590725,8.0,0,0.298,0.143,,0.65,0.923,7.98,140.0,84.0,0.048,0.0,32.6,55.0,54.0,0.0,35.0,0.279,0.01997,Pindi_Bowra_4Acre_Basmati_Plot
2026-06-18T15:00:00,32.088757,73.591952,7.0,10,0.277,0.133,,0.65,0.923,7.98,140.0,84.0,0.054,0.0,32.1,47.0,1.0,0.0,34.1,0.296,0.02185,Pindi_Bowra_4Acre_Basmati_Plot
2026-06-18T16:00:00,32.088757,73.591707,7.0,8,0.27,0.13,,0.65,0.927,7.84,140.0,84.0,0.03,0.0,31.4,49.0,0.0,0.0,33.4,0.293,0.01908,Pindi_Bowra_4Acre_Basmati_Plot
2026-06-18T17:00:00,32.088757,73.591707,7.0,8,0.27,0.13,,0.65,0.927,7.84,140.0,84.0,0.018,0.0,30.4,56.0,0.0,0.0,32.8,0.293,0.01797,Pindi_Bowra_4Acre_Basmati_Plot
2026-06-18T18:00:00,32.088757,73.591584,7.0,7,0.271,0.13,,0.65,1.0,3.08,140.0,84.0,0.072,0.0,30.4,51.0,0.0,0.0,32.2,0.326,0.02466,Pindi_Bowra_4Acre_Basmati_Plot
2026-06-18T19:00:00,32.088861,73.590848,8.0,1,0.297,0.143,,0.65,1.0,3.08,140.0,84.0,0.058,0.0,29.5,54.0,0.0,0.0,31.9,0.317,0.024,Pindi_Bowra_4Acre_Basmati_Plot
2026-06-18T20:00:00,32.088861,73.590725,8.0,0,0.298,0.143,,0.65,1.0,3.22,140.0,84.0,0.033,0.0,28.9,56.0,0.0,0.0,31.6,0.314,0.02265,Pindi_Bowra_4Acre_Basmati_Plot
2026-06-18T21:00:00,32.088757,73.591461,7.0,6,0.275,0.132,,0.65,1.0,3.22,140.0,84.0,0.019,0.0,28.4,59.0,0.0,0.0,31.4,0.323,0.02245,Pindi_Bowra_4Acre_Basmati_Plot
2026-06-18T22:00:00,32.088757,73.591707,7.0,8,0.27,0.13,,0.65,1.0,3.22,140.0,84.0,0.019,0.0,27.9,61.0,0.0,0.0,31.0,0.327,0.022,Pindi_Bowra_4Acre_Basmati_Plot
2026-06-18T23:00:00,32.088861,73.590848,8.0,1,0.297,0.143,,0.65,1.0,3.22,140.0,84.0,0.0,0.0,27.4,67.0,0.0,0.0,30.6,0.316,0.02086,Pindi_Bowra_4Acre_Basmati_Plot
2026-06-19T00:00:00,32.088757,73.59183,7.0,9,0.272,0.131,,0.65,1.0,4.34,140.0,84.0,0.013,0.0,26.6,71.0,0.0,0.0,29.8,0.321,0.01855,Pindi_Bowra_4Acre_Basmati_Plot
2026-06-19T01:00:00,32.088861,73.590848,8.0,1,0.297,0.143,,0.65,1.0,4.34,140.0,84.0,0.033,0.0,27.0,71.0,19.0,0.0,29.8,0.307,0.01745,Pindi_Bowra_4Acre_Basmati_Plot
2026-06-19T02:00:00,32.088757,73.59183,7.0,9,0.272,0.131,,0.65,1.0,4.48,140.0,84.0,0.091,0.0,28.3,67.0,152.0,0.0,30.3,0.32,0.01931,Pindi_Bowra_4Acre_Basmati_Plot
2026-06-19T03:00:00,32.088757,73.59183,7.0,9,0.272,0.131,,0.65,1.0,4.62,140.0,84.0,0.182,0.0,30.0,58.0,318.0,0.0,31.0,0.319,0.0205,Pindi_Bowra_4Acre_Basmati_Plot
2026-06-19T04:00:00,32.088861,73.590848,8.0,1,0.297,0.143,,0.65,1.0,4.76,140.0,84.0,0.267,0.0,32.2,49.0,495.0,0.0,32.2,0.304,0.02142,Pindi_Bowra_4Acre_Basmati_Plot
2026-06-19T05:00:00,32.088757,73.59183,7.0,9,0.272,0.131,,0.65,1.0,5.04,140.0,84.0,0.345,0.0,33.4,43.0,595.0,0.0,33.4,0.316,0.02527,Pindi_Bowra_4Acre_Basmati_Plot
2026-06-19T06:00:00,32.088757,73.591707,7.0,8,0.27,0.13,,0.65,1.0,0.56,140.0,84.0,0.41,0.0,34.4,40.0,750.0,0.0,34.3,0.346,0.03431,Pindi_Bowra_4Acre_Basmati_Plot
2026-06-19T07:00:00,32.088861,73.590725,8.0,0,0.298,0.143,,0.65,1.0,0.98,140.0,84.0,0.455,0.0,35.1,39.0,842.0,0.0,35.5,0.33,0.03914,Pindi_Bowra_4Acre_Basmati_Plot
2026-06-19T08:00:00,32.088861,73.590725,8.0,0,0.298,0.143,,0.65,1.0,0.84,140.0,84.0,0.455,0.0,34.6,37.0,841.0,0.5,36.1,0.331,0.04194,Pindi_Bowra_4Acre_Basmati_Plot
2026-06-19T09:00:00,32.088757,73.591707,7.0,8,0.27,0.13,,0.65,1.0,0.7,140.0,84.0,0.397,0.0,34.5,37.0,735.0,0.3,36.2,0.345,0.04149,Pindi_Bowra_4Acre_Basmati_Plot
2026-06-19T10:00:00,32.088861,73.590725,8.0,0,0.298,0.143,,0.65,1.0,0.98,140.0,84.0,0.338,0.0,34.6,37.0,616.0,0.1,36.3,0.33,0.0424,Pindi_Bowra_4Acre_Basmati_Plot
2026-06-19T11:00:00,32.088757,73.59183,7.0,9,0.272,0.131,,0.65,1.0,1.4,140.0,84.0,0.273,0.0,34.7,36.0,523.0,0.0,36.3,0.342,0.04222,Pindi_Bowra_4Acre_Basmati_Plot
2026-06-19T12:00:00,32.088861,73.590848,8.0,1,0.297,0.143,,0.65,1.0,5.6,140.0,84.0,0.201,0.0,34.4,40.0,341.0,0.0,36.1,0.298,0.02937,Pindi_Bowra_4Acre_Basmati_Plot
2026-06-19T13:00:00,32.088757,73.59183,7.0,9,0.272,0.131,,0.65,0.995,5.74,140.0,84.0,0.11,0.0,33.2,49.0,174.0,0.0,35.3,0.31,0.02865,Pindi_Bowra_4Acre_Basmati_Plot
2026-06-19T14:00:00,32.088861,73.590848,8.0,1,0.297,0.143,,0.65,0.995,5.74,140.0,84.0,0.039,0.0,31.3,59.0,53.0,0.0,34.3,0.297,0.02422,Pindi_Bowra_4Acre_Basmati_Plot
2026-06-19T15:00:00,32.088757,73.59183,7.0,9,0.272,0.131,,0.65,0.995,5.74,140.0,84.0,0.019,0.0,29.9,61.0,1.0,0.0,33.3,0.31,0.02346,Pindi_Bowra_4Acre_Basmati_Plot
2026-06-19T16:00:00,32.088757,73.59183,7.0,9,0.272,0.131,,0.65,0.995,5.74,140.0,84.0,0.013,0.0,29.2,64.0,0.0,0.0,32.5,0.31,0.02165,Pindi_Bowra_4Acre_Basmati_Plot
2026-06-19T17:00:00,32.088861,73.590848,8.0,1,0.297,0.143,,0.65,0.995,5.74,140.0,84.0,0.006,0.0,28.6,68.0,0.0,0.0,31.8,0.297,0.01886,Pindi_Bowra_4Acre_Basmati_Plot
2026-06-19T18:00:00,32.088757,73.59183,7.0,9,0.272,0.131,,0.65,0.882,9.24,140.0,84.0,0.006,0.0,28.3,66.0,0.0,0.0,31.3,0.286,0.01408,Pindi_Bowra_4Acre_Basmati_Plot
2026-06-19T19:00:00,32.088757,73.591707,7.0,8,0.27,0.13,,0.65,0.882,9.24,140.0,84.0,0.011,0.0,27.5,69.0,0.0,0.0,30.8,0.284,0.0129,Pindi_Bowra_4Acre_Basmati_Plot
2026-06-19T20:00:00,32.088861,73.590725,8.0,0,0.298,0.143,,0.65,0.882,9.24,140.0,84.0,0.011,0.0,27.1,70.0,0.0,0.0,30.5,0.271,0.01101,Pindi_Bowra_4Acre_Basmati_Plot
2026-06-19T21:00:00,32.088757,73.59183,7.0,9,0.272,0.131,,0.65,0.886,9.1,140.0,84.0,0.012,0.0,26.8,70.0,0.0,0.0,30.1,0.287,0.01268,Pindi_Bowra_4Acre_Basmati_Plot
2026-06-19T22:00:00,32.088757,73.591584,7.0,7,0.271,0.13,,0.65,0.886,9.1,140.0,84.0,0.006,0.0,26.3,73.0,0.0,0.0,29.7,0.283,0.01141,Pindi_Bowra_4Acre_Basmati_Plot
2026-06-19T23:00:00,32.088861,73.590725,8.0,0,0.298,0.143,,0.65,0.891,8.96,140.0,84.0,0.0,0.0,25.7,77.0,0.0,0.0,29.4,0.273,0.01025,Pindi_Bowra_4Acre_Basmati_Plot
2026-06-20T00:00:00,32.088861,73.590725,8.0,0,0.298,0.143,,0.65,0.909,8.4,140.0,84.0,0.006,0.0,27.2,69.0,0.0,0.0,29.5,0.277,0.01113,Pindi_Bowra_4Acre_Basmati_Plot
2026-06-20T01:00:00,32.088757,73.591952,7.0,10,0.277,0.133,,0.65,0.909,8.4,140.0,84.0,0.035,0.0,27.6,66.0,32.0,0.0,29.5,0.294,0.01343,Pindi_Bowra_4Acre_Basmati_Plot
2026-06-20T02:00:00,32.088757,73.591707,7.0,8,0.27,0.13,,0.65,0.909,8.4,140.0,84.0,0.071,0.0,28.9,60.0,151.0,0.0,30.0,0.29,0.01302,Pindi_Bowra_4Acre_Basmati_Plot
2026-06-20T03:00:00,32.088861,73.590725,8.0,0,0.298,0.143,,0.65,0.905,8.54,140.0,84.0,0.141,0.0,30.4,56.0,321.0,0.0,31.0,0.276,0.01271,Pindi_Bowra_4Acre_Basmati_Plot
2026-06-20T04:00:00,32.088757,73.59183,7.0,9,0.272,0.131,,0.65,0.9,8.68,140.0,84.0,0.222,0.0,32.1,51.0,499.0,0.0,32.4,0.29,0.01667,Pindi_Bowra_4Acre_Basmati_Plot
2026-06-20T05:00:00,32.088757,73.591584,7.0,7,0.271,0.13,,0.65,0.895,8.82,140.0,84.0,0.297,0.0,33.7,45.0,658.0,0.0,33.8,0.285,0.01774,Pindi_Bowra_4Acre_Basmati_Plot
2026-06-20T06:00:00,32.088861,73.590725,8.0,0,0.298,0.143,,0.65,0.973,6.44,140.0,84.0,0.392,0.0,34.2,41.0,779.0,0.0,34.9,0.29,0.02346,Pindi_Bowra_4Acre_Basmati_Plot
2026-06-20T07:00:00,32.088757,73.591707,7.0,8,0.27,0.13,,0.65,0.964,6.72,140.0,84.0,0.432,0.0,35.5,37.0,846.0,0.0,36.0,0.301,0.02745,Pindi_Bowra_4Acre_Basmati_Plot
2026-06-20T08:00:00,32.088861,73.590848,8.0,1,0.297,0.143,,0.65,0.955,7.0,140.0,84.0,0.422,0.0,36.4,33.0,833.0,0.0,36.8,0.288,0.02746,Pindi_Bowra_4Acre_Basmati_Plot
2026-06-20T09:00:00,32.088757,73.591707,7.0,8,0.27,0.13,,0.65,0.941,7.42,140.0,84.0,0.379,0.0,36.5,33.0,748.0,0.0,37.2,0.296,0.02904,Pindi_Bowra_4Acre_Basmati_Plot
2026-06-20T10:00:00,32.088861,73.590725,8.0,0,0.298,0.143,,0.65,0.932,7.7,140.0,84.0,0.351,0.0,36.8,31.0,697.0,0.0,37.4,0.281,0.02625,Pindi_Bowra_4Acre_Basmati_Plot
2026-06-20T11:00:00,32.088757,73.59183,7.0,9,0.272,0.131,,0.65,0.927,7.84,140.0,84.0,0.277,0.0,36.7,31.0,545.0,0.0,37.2,0.295,0.02887,Pindi_Bowra_4Acre_Basmati_Plot
2026-06-20T12:00:00,32.088861,73.590848,8.0,1,0.297,0.143,,0.65,0.868,9.66,140.0,84.0,0.192,0.0,36.8,33.0,368.0,0.0,37.0,0.27,0.0206,Pindi_Bowra_4Acre_Basmati_Plot
2026-06-20T13:00:00,32.088861,73.590725,8.0,0,0.298,0.143,,0.65,0.868,9.66,140.0,84.0,0.124,0.0,34.4,43.0,189.0,0.0,36.1,0.268,0.01814,Pindi_Bowra_4Acre_Basmati_Plot
2026-06-20T14:00:00,32.088757,73.591461,7.0,6,0.275,0.132,,0.65,0.868,9.66,140.0,84.0,0.056,0.0,32.2,47.0,56.0,0.0,35.0,0.277,0.0178,Pindi_Bowra_4Acre_Basmati_Plot
2026-06-20T15:00:00,32.088757,73.591707,7.0,8,0.27,0.13,,0.65,0.868,9.66,140.0,84.0,0.017,0.0,31.1,52.0,1.0,0.0,33.8,0.281,0.01659,Pindi_Bowra_4Acre_Basmati_Plot
2026-06-20T16:00:00,32.088757,73.591707,7.0,8,0.27,0.13,,0.65,0.868,9.66,140.0,84.0,0.011,0.0,30.6,53.0,0.0,0.0,32.9,0.281,0.01516,Pindi_Bowra_4Acre_Basmati_Plot
2026-06-20T17:00:00,32.088861,73.590725,8.0,0,0.298,0.143,,0.65,0.868,9.66,140.0,84.0,0.017,0.0,29.8,56.0,0.0,0.0,32.2,0.268,0.01228,Pindi_Bowra_4Acre_Basmati_Plot
2026-06-20T18:00:00,32.088757,73.59183,7.0,9,0.272,0.131,,0.65,0.841,10.5,140.0,84.0,0.016,0.0,29.7,59.0,0.0,0.0,31.8,0.277,0.01279,Pindi_Bowra_4Acre_Basmati_Plot
2026-06-20T19:00:00,32.088757,73.591584,7.0,7,0.271,0.13,,0.65,0.841,10.5,140.0,84.0,0.033,0.0,29.7,57.0,0.0,0.0,31.5,0.273,0.0115,Pindi_Bowra_4Acre_Basmati_Plot
2026-06-20T20:00:00,32.088861,73.590725,8.0,0,0.298,0.143,,0.65,0.841,10.5,140.0,84.0,0.033,0.0,29.5,54.0,0.0,0.0,31.2,0.262,0.00972,Pindi_Bowra_4Acre_Basmati_Plot
2026-06-20T21:00:00,32.088861,73.590725,8.0,0,0.298,0.143,,0.65,0.845,10.36,140.0,84.0,0.033,0.0,29.0,56.0,0.0,0.0,31.0,0.263,0.00976,Pindi_Bowra_4Acre_Basmati_Plot
2026-06-20T22:00:00,32.088757,73.591952,7.0,10,0.277,0.133,,0.65,0.845,10.36,140.0,84.0,0.027,0.0,28.6,59.0,0.0,0.0,30.8,0.28,0.0124,Pindi_Bowra_4Acre_Basmati_Plot
2026-06-20T23:00:00,32.088757,73.591707,7.0,8,0.27,0.13,,0.65,0.845,10.36,140.0,84.0,0.016,0.0,27.9,63.0,0.0,0.0,30.5,0.276,0.01095,Pindi_Bowra_4Acre_Basmati_Plot
2026-06-21T00:00:00,32.088757,73.591707,7.0,8,0.27,0.13,,0.65,0.714,14.42,140.0,84.0,0.005,2.42,28.2,71.0,0.0,0.4,30.4,0.246,0.00503,Pindi_Bowra_4Acre_Basmati_Plot
2026-06-21T01:00:00,32.088757,73.591584,7.0,7,0.271,0.13,,0.65,0.718,14.28,140.0,84.0,0.019,2.28,28.9,66.0,33.0,0.0,30.4,0.245,0.00486,Pindi_Bowra_4Acre_Basmati_Plot
2026-06-21T02:00:00,32.088861,73.590848,8.0,1,0.297,0.143,,0.65,0.718,14.28,140.0,84.0,0.07,2.28,30.3,64.0,153.0,0.0,30.9,0.236,0.00358,Pindi_Bowra_4Acre_Basmati_Plot
2026-06-21T03:00:00,32.088861,73.590725,8.0,0,0.298,0.143,,0.65,0.718,14.28,140.0,84.0,0.131,2.28,31.3,53.0,293.0,0.0,31.7,0.234,0.00341,Pindi_Bowra_4Acre_Basmati_Plot
2026-06-21T04:00:00,32.088757,73.591461,7.0,6,0.275,0.132,,0.65,0.723,14.14,140.0,84.0,0.094,2.14,30.1,59.0,207.0,0.1,31.8,0.244,0.00544,Pindi_Bowra_4Acre_Basmati_Plot
2026-06-21T05:00:00,32.088757,73.591707,7.0,8,0.27,0.13,,0.65,0.718,14.28,140.0,84.0,0.201,2.28,32.4,50.0,512.0,0.0,33.0,0.247,0.00678,Pindi_Bowra_4Acre_Basmati_Plot
2026-06-21T06:00:00,32.088861,73.590848,8.0,1,0.297,0.143,,0.65,0.705,14.7,140.0,84.0,0.247,2.7,35.8,35.0,655.0,0.0,34.6,0.233,0.00421,Pindi_Bowra_4Acre_Basmati_Plot
2026-06-21T07:00:00,32.088757,73.59183,7.0,9,0.272,0.131,,0.65,0.695,14.98,140.0,84.0,0.316,2.98,36.7,33.0,864.0,0.0,36.1,0.245,0.00862,Pindi_Bowra_4Acre_Basmati_Plot
2026-06-21T08:00:00,32.088861,73.590848,8.0,1,0.297,0.143,,0.65,0.718,14.28,140.0,84.0,0.331,2.28,37.1,29.0,841.0,0.5,37.1,0.236,0.00666,Pindi_Bowra_4Acre_Basmati_Plot
2026-06-21T09:00:00,32.088757,73.59183,7.0,9,0.272,0.131,,0.65,0.755,13.16,140.0,84.0,0.319,1.16,36.9,28.0,742.0,0.9,37.2,0.258,0.01463,Pindi_Bowra_4Acre_Basmati_Plot
2026-06-21T10:00:00,32.088757,73.59183,7.0,9,0.272,0.131,,0.65,0.755,13.16,140.0,84.0,0.25,1.16,35.7,32.0,567.0,0.1,37.0,0.258,0.01434,Pindi_Bowra_4Acre_Basmati_Plot
2026-06-21T11:00:00,32.088861,73.590848,8.0,1,0.297,0.143,,0.65,0.75,13.3,140.0,84.0,0.21,1.3,35.2,36.0,440.0,0.0,36.7,0.243,0.0092,Pindi_Bowra_4Acre_Basmati_Plot
2026-06-21T12:00:00,32.088757,73.59183,7.0,9,0.272,0.131,,0.65,0.786,12.18,140.0,84.0,0.153,0.18,33.6,41.0,332.0,0.0,36.9,0.265,0.01681,Pindi_Bowra_4Acre_Basmati_Plot
2026-06-21T13:00:00,32.088757,73.591707,7.0,8,0.27,0.13,,0.65,0.782,12.32,140.0,84.0,0.076,0.32,32.6,48.0,132.0,0.0,35.8,0.262,0.01395,Pindi_Bowra_4Acre_Basmati_Plot
2026-06-21T14:00:00,32.088861,73.590725,8.0,0,0.298,0.143,,0.65,0.782,12.32,140.0,84.0,0.03,0.32,30.9,57.0,48.0,0.0,34.7,0.248,0.0092,Pindi_Bowra_4Acre_Basmati_Plot
2026-06-21T15:00:00,32.088861,73.590725,8.0,0,0.298,0.143,,0.65,0.782,12.32,140.0,84.0,0.041,0.32,30.1,54.0,1.0,0.0,33.7,0.248,0.00832,Pindi_Bowra_4Acre_Basmati_Plot
2026-06-21T16:00:00,32.088757,73.591707,7.0,8,0.27,0.13,,0.65,0.786,12.18,140.0,84.0,0.015,0.18,29.4,56.0,0.0,0.0,32.8,0.263,0.01058,Pindi_Bowra_4Acre_Basmati_Plot
2026-06-21T17:00:00,32.088861,73.590725,8.0,0,0.298,0.143,,0.65,0.786,12.18,140.0,84.0,0.02,0.18,29.1,55.0,0.0,0.0,32.1,0.249,0.00734,Pindi_Bowra_4Acre_Basmati_Plot
2026-06-21T18:00:00,32.088757,73.59183,7.0,9,0.272,0.131,,0.65,0.827,10.92,140.0,84.0,0.075,0.0,28.8,55.0,0.0,0.0,31.4,0.274,0.01164,Pindi_Bowra_4Acre_Basmati_Plot
2026-06-21T19:00:00,32.088757,73.59183,7.0,9,0.272,0.131,,0.65,0.827,10.92,140.0,84.0,0.054,0.0,28.0,59.0,0.0,0.0,31.0,0.274,0.01118,Pindi_Bowra_4Acre_Basmati_Plot
2026-06-21T20:00:00,32.088861,73.590848,8.0,1,0.297,0.143,,0.65,0.827,10.92,140.0,84.0,0.032,0.0,27.6,60.0,0.0,0.0,30.7,0.261,0.009,Pindi_Bowra_4Acre_Basmati_Plot
2026-06-21T21:00:00,32.088757,73.59183,7.0,9,0.272,0.131,,0.65,0.827,10.92,140.0,84.0,0.005,0.0,27.3,65.0,0.0,0.0,30.4,0.274,0.01053,Pindi_Bowra_4Acre_Basmati_Plot
2026-06-21T22:00:00,32.088757,73.591707,7.0,8,0.27,0.13,,0.65,0.827,10.92,140.0,84.0,0.005,0.0,27.2,63.0,0.0,0.0,30.1,0.272,0.00977,Pindi_Bowra_4Acre_Basmati_Plot
2026-06-21T23:00:00,32.088861,73.590725,8.0,0,0.298,0.143,,0.65,0.827,10.92,140.0,84.0,0.022,0.0,26.6,66.0,0.0,0.0,29.8,0.259,0.00785,Pindi_Bowra_4Acre_Basmati_Plot
2026-06-22T00:00:00,32.088757,73.59183,7.0,9,0.272,0.131,,0.65,0.877,9.38,140.0,84.0,0.0,0.0,25.4,78.0,0.0,0.0,29.5,0.285,0.01159,Pindi_Bowra_4Acre_Basmati_Plot
2026-06-22T01:00:00,32.088757,73.591707,7.0,8,0.27,0.13,,0.65,0.877,9.38,140.0,84.0,0.023,0.0,25.6,78.0,31.0,0.0,29.3,0.283,0.01093,Pindi_Bowra_4Acre_Basmati_Plot
2026-06-22T02:00:00,32.088861,73.590725,8.0,0,0.298,0.143,,0.65,0.877,9.38,140.0,84.0,0.068,0.0,27.0,70.0,141.0,0.0,29.7,0.27,0.00996,Pindi_Bowra_4Acre_Basmati_Plot
2026-06-22T03:00:00,32.088757,73.59183,7.0,9,0.272,0.131,,0.65,0.877,9.38,140.0,84.0,0.154,0.0,28.5,63.0,314.0,0.0,30.5,0.285,0.0128,Pindi_Bowra_4Acre_Basmati_Plot
2026-06-22T04:00:00,32.088757,73.591584,7.0,7,0.271,0.13,,0.65,0.886,9.1,140.0,84.0,0.167,0.0,27.2,68.0,371.0,0.3,30.6,0.283,0.01249,Pindi_Bowra_4Acre_Basmati_Plot
2026-06-22T05:00:00,32.088861,73.590725,8.0,0,0.298,0.143,,0.65,0.905,8.54,140.0,84.0,0.223,0.0,28.4,66.0,503.0,0.6,31.3,0.276,0.01309,Pindi_Bowra_4Acre_Basmati_Plot
2026-06-22T06:00:00,32.088861,73.590725,8.0,0,0.298,0.143,,0.65,0.945,7.28,140.0,84.0,0.307,0.0,32.2,51.0,636.0,0.5,32.9,0.284,0.01756,Pindi_Bowra_4Acre_Basmati_Plot
2026-06-22T07:00:00,32.088757,73.59183,7.0,9,0.272,0.131,,0.65,0.941,7.42,140.0,84.0,0.398,0.0,33.2,43.0,833.0,0.1,34.3,0.298,0.02247,Pindi_Bowra_4Acre_Basmati_Plot
2026-06-22T08:00:00,32.088757,73.59183,7.0,9,0.272,0.131,,0.65,0.932,7.7,140.0,84.0,0.339,0.0,32.8,45.0,711.0,0.1,35.0,0.296,0.02348,Pindi_Bowra_4Acre_Basmati_Plot
2026-06-22T09:00:00,32.088861,73.590848,8.0,1,0.297,0.143,,0.65,0.927,7.84,140.0,84.0,0.313,0.0,33.4,44.0,660.0,0.0,35.5,0.282,0.02199,Pindi_Bowra_4Acre_Basmati_Plot
2026-06-22T10:00:00,32.088861,73.590725,8.0,0,0.298,0.143,,0.65,0.927,7.84,140.0,84.0,0.301,0.0,33.3,45.0,618.0,0.2,35.6,0.28,0.02156,Pindi_Bowra_4Acre_Basmati_Plot
2026-06-22T11:00:00,32.088861,73.590848,8.0,1,0.297,0.143,,0.65,0.918,8.12,140.0,84.0,0.233,0.0,33.3,44.0,478.0,0.0,35.4,0.28,0.02107,Pindi_Bowra_4Acre_Basmati_Plot
2026-06-22T12:00:00,32.088861,73.590848,8.0,1,0.297,0.143,,0.65,1.0,3.78,140.0,84.0,0.208,0.0,34.8,35.0,353.0,0.0,35.7,0.311,0.03292,Pindi_Bowra_4Acre_Basmati_Plot
2026-06-22T13:00:00,32.088757,73.59183,7.0,9,0.272,0.131,,0.65,1.0,3.78,140.0,84.0,0.111,0.0,33.3,44.0,197.0,0.0,34.9,0.325,0.03212,Pindi_Bowra_4Acre_Basmati_Plot
2026-06-22T14:00:00,32.088861,73.590725,8.0,0,0.298,0.143,,0.65,1.0,3.92,140.0,84.0,0.046,0.0,30.9,58.0,56.0,0.0,34.0,0.308,0.02695,Pindi_Bowra_4Acre_Basmati_Plot
2026-06-22T15:00:00,32.088757,73.591707,7.0,8,0.27,0.13,,0.65,1.0,3.92,140.0,84.0,0.065,0.0,29.7,56.0,1.0,0.0,33.0,0.322,0.02561,Pindi_Bowra_4Acre_Basmati_Plot
2026-06-22T16:00:00,32.088861,73.590725,8.0,0,0.298,0.143,,0.65,1.0,4.06,140.0,84.0,0.026,0.0,28.8,56.0,0.0,0.0,32.2,0.307,0.02226,Pindi_Bowra_4Acre_Basmati_Plot
2026-06-22T17:00:00,32.088757,73.59183,7.0,9,0.272,0.131,,0.65,1.0,4.06,140.0,84.0,0.007,0.0,28.5,60.0,0.0,0.0,31.5,0.323,0.02242,Pindi_Bowra_4Acre_Basmati_Plot
2026-06-22T18:00:00,32.088757,73.591584,7.0,7,0.271,0.13,,0.65,1.0,4.62,140.0,84.0,0.013,0.0,29.0,60.0,0.0,0.0,31.1,0.315,0.0198,Pindi_Bowra_4Acre_Basmati_Plot
2026-06-22T19:00:00,32.088861,73.590725,8.0,0,0.298,0.143,,0.65,1.0,4.76,140.0,84.0,0.013,0.0,28.1,60.0,0.0,0.0,30.6,0.302,0.01787,Pindi_Bowra_4Acre_Basmati_Plot
2026-06-22T20:00:00,32.088861,73.590725,8.0,0,0.298,0.143,,0.65,1.0,4.76,140.0,84.0,0.007,0.0,27.4,65.0,0.0,0.0,30.3,0.302,0.01735,Pindi_Bowra_4Acre_Basmati_Plot
2026-06-22T21:00:00,32.088757,73.59183,7.0,9,0.272,0.131,,0.65,1.0,4.76,140.0,84.0,0.007,0.0,26.8,69.0,0.0,0.0,29.9,0.318,0.01818,Pindi_Bowra_4Acre_Basmati_Plot
2026-06-22T22:00:00,32.088757,73.59183,7.0,9,0.272,0.131,,0.65,1.0,4.76,140.0,84.0,0.007,0.0,26.8,70.0,0.0,0.0,29.6,0.318,0.01764,Pindi_Bowra_4Acre_Basmati_Plot
2026-06-22T23:00:00,32.088861,73.590848,8.0,1,0.297,0.143,,0.65,1.0,4.9,140.0,84.0,0.007,0.0,26.7,70.0,0.0,0.0,29.3,0.303,0.01583,Pindi_Bowra_4Acre_Basmati_Plot
2026-06-23T00:00:00,32.088757,73.592075,7.0,11,0.284,0.136,,0.65,0.855,10.08,140.0,84.0,0.017,0.0,27.8,65.0,0.0,0.0,29.3,0.284,0.01167,Pindi_Bowra_4Acre_Basmati_Plot
2026-06-23T01:00:00,32.088757,73.59183,7.0,9,0.272,0.131,,0.65,0.855,10.08,140.0,84.0,0.033,0.0,27.9,66.0,32.0,0.0,29.3,0.28,0.01048,Pindi_Bowra_4Acre_Basmati_Plot
2026-06-23T02:00:00,32.088757,73.591707,7.0,8,0.27,0.13,,0.65,0.85,10.22,140.0,84.0,0.077,0.0,29.3,64.0,152.0,0.0,29.9,0.277,0.0105,Pindi_Bowra_4Acre_Basmati_Plot
2026-06-23T03:00:00,32.088861,73.590725,8.0,0,0.298,0.143,,0.65,0.85,10.22,140.0,84.0,0.149,0.0,31.5,54.0,321.0,0.0,30.9,0.264,0.00988,Pindi_Bowra_4Acre_Basmati_Plot
2026-06-23T04:00:00,32.088757,73.59183,7.0,9,0.272,0.131,,0.65,0.841,10.5,140.0,84.0,0.235,0.0,33.4,45.0,501.0,0.0,32.2,0.277,0.01331,Pindi_Bowra_4Acre_Basmati_Plot
2026-06-23T05:00:00,32.088757,73.59183,7.0,9,0.272,0.131,,0.65,0.836,10.64,140.0,84.0,0.299,0.0,34.6,40.0,659.0,0.0,33.5,0.276,0.01489,Pindi_Bowra_4Acre_Basmati_Plot
2026-06-23T06:00:00,32.088861,73.590848,8.0,1,0.297,0.143,,0.65,0.823,11.06,140.0,84.0,0.326,0.0,35.6,34.0,777.0,0.0,35.1,0.26,0.01363,Pindi_Bowra_4Acre_Basmati_Plot
2026-06-23T07:00:00,32.088861,73.590725,8.0,0,0.298,0.143,,0.65,0.814,11.34,140.0,84.0,0.344,0.0,36.3,32.0,802.0,0.0,36.2,0.256,0.01374,Pindi_Bowra_4Acre_Basmati_Plot
2026-06-23T08:00:00,32.088861,73.590848,8.0,1,0.297,0.143,,0.65,0.809,11.48,140.0,84.0,0.326,0.0,36.4,32.0,766.0,0.2,36.7,0.257,0.01479,Pindi_Bowra_4Acre_Basmati_Plot
2026-06-23T09:00:00,32.088861,73.590848,8.0,1,0.297,0.143,,0.65,0.8,11.76,140.0,84.0,0.328,0.0,36.7,32.0,773.0,0.0,37.2,0.255,0.01471,Pindi_Bowra_4Acre_Basmati_Plot
2026-06-23T10:00:00,32.088757,73.59183,7.0,9,0.272,0.131,,0.65,0.791,12.04,140.0,84.0,0.298,0.04,36.7,33.0,683.0,0.0,37.4,0.266,0.01807,Pindi_Bowra_4Acre_Basmati_Plot
2026-06-23T11:00:00,32.088861,73.590725,8.0,0,0.298,0.143,,0.65,0.782,12.32,140.0,84.0,0.244,0.32,36.5,34.0,536.0,0.0,37.2,0.248,0.01181,Pindi_Bowra_4Acre_Basmati_Plot
2026-06-23T12:00:00,32.088757,73.59183,7.0,9,0.272,0.131,,0.65,0.759,13.02,140.0,84.0,0.192,1.02,36.0,37.0,368.0,0.0,36.8,0.259,0.01442,Pindi_Bowra_4Acre_Basmati_Plot
2026-06-23T13:00:00,32.088861,73.590848,8.0,1,0.297,0.143,,0.65,0.755,13.16,140.0,84.0,0.103,1.16,34.4,44.0,192.0,0.0,36.0,0.244,0.00895,Pindi_Bowra_4Acre_Basmati_Plot
2026-06-23T14:00:00,32.088757,73.592075,7.0,11,0.284,0.136,,0.65,0.755,13.16,140.0,84.0,0.044,1.16,32.2,50.0,57.0,0.0,34.9,0.262,0.01341,Pindi_Bowra_4Acre_Basmati_Plot
2026-06-23T15:00:00,32.088757,73.59183,7.0,9,0.272,0.131,,0.65,0.755,13.16,140.0,84.0,0.034,1.16,31.1,53.0,1.0,0.0,33.9,0.258,0.01052,Pindi_Bowra_4Acre_Basmati_Plot
2026-06-23T16:00:00,32.088757,73.59183,7.0,9,0.272,0.131,,0.65,0.755,13.16,140.0,84.0,0.025,1.16,30.7,55.0,0.0,0.0,33.1,0.258,0.00971,Pindi_Bowra_4Acre_Basmati_Plot
2026-06-23T17:00:00,32.088861,73.590848,8.0,1,0.297,0.143,,0.65,0.755,13.16,140.0,84.0,0.02,1.16,29.9,58.0,0.0,0.0,32.5,0.244,0.00631,Pindi_Bowra_4Acre_Basmati_Plot
2026-06-23T18:00:00,32.088861,73.590725,8.0,0,0.298,0.143,,0.65,0.727,14.0,140.0,84.0,0.019,2.0,30.6,56.0,0.0,0.0,32.1,0.236,0.00405,Pindi_Bowra_4Acre_Basmati_Plot
2026-06-23T19:00:00,32.088757,73.591707,7.0,8,0.27,0.13,,0.65,0.727,14.0,140.0,84.0,0.024,2.0,29.9,56.0,0.0,0.0,31.8,0.249,0.00646,Pindi_Bowra_4Acre_Basmati_Plot
2026-06-23T20:00:00,32.088861,73.590725,8.0,0,0.298,0.143,,0.65,0.727,14.0,140.0,84.0,0.024,2.0,29.6,56.0,0.0,0.0,31.5,0.236,0.00382,Pindi_Bowra_4Acre_Basmati_Plot
2026-06-23T21:00:00,32.088757,73.59183,7.0,9,0.272,0.131,,0.65,0.727,14.0,140.0,84.0,0.014,2.0,29.1,58.0,0.0,0.0,31.2,0.252,0.00676,Pindi_Bowra_4Acre_Basmati_Plot
2026-06-23T22:00:00,32.088757,73.591584,7.0,7,0.271,0.13,,0.65,0.732,13.86,140.0,84.0,0.038,1.86,26.7,71.0,0.0,0.1,31.0,0.248,0.00578,Pindi_Bowra_4Acre_Basmati_Plot
2026-06-23T23:00:00,32.088861,73.590725,8.0,0,0.298,0.143,,0.65,1.0,0.0,140.0,84.0,0.0,0.0,24.2,90.0,0.0,7.9,29.5,0.343,0.02343,Pindi_Bowra_4Acre_Basmati_Plot
2026-06-24T00:00:00,32.088861,73.590725,8.0,0,0.468,0.225,,0.9,0.686,15.26,140.0,84.0,0.012,3.26,28.7,66.0,0.0,2.3,30.5,0.228,0.00271,Pindi_Bowra_4Acre_Basmati_Plot
2026-06-24T01:00:00,32.088757,73.59183,7.0,9,0.442,0.212,,0.9,0.686,15.26,140.0,84.0,0.012,3.26,29.3,67.0,32.0,0.0,30.5,0.243,0.00736,Pindi_Bowra_4Acre_Basmati_Plot
2026-06-24T02:00:00,32.088757,73.591707,7.0,8,0.44,0.211,,0.9,0.686,15.26,140.0,84.0,0.086,3.26,30.3,63.0,147.0,0.0,31.1,0.241,0.00711,Pindi_Bowra_4Acre_Basmati_Plot
2026-06-24T03:00:00,32.088861,73.590725,8.0,0,0.468,0.225,,0.9,0.682,15.4,140.0,84.0,0.16,3.4,32.0,57.0,312.0,0.0,32.0,0.227,0.00276,Pindi_Bowra_4Acre_Basmati_Plot
2026-06-24T04:00:00,32.088757,73.59183,7.0,9,0.442,0.212,,0.9,0.677,15.54,140.0,84.0,0.25,3.54,34.2,50.0,497.0,0.0,33.2,0.241,0.00881,Pindi_Bowra_4Acre_Basmati_Plot
2026-06-24T05:00:00,32.088757,73.591707,7.0,8,0.44,0.211,,0.9,0.673,15.68,140.0,84.0,0.339,3.68,35.8,42.0,659.0,0.0,34.6,0.238,0.00864,Pindi_Bowra_4Acre_Basmati_Plot
2026-06-24T06:00:00,32.088861,73.590725,8.0,0,0.468,0.225,,0.9,0.732,13.86,140.0,84.0,0.441,1.86,36.8,34.0,778.0,0.0,36.2,0.237,0.01019,Pindi_Bowra_4Acre_Basmati_Plot
2026-06-24T07:00:00,32.088757,73.59183,7.0,9,0.442,0.212,,0.9,0.723,14.14,140.0,84.0,0.403,2.14,36.9,33.0,741.0,0.0,36.9,0.251,0.01882,Pindi_Bowra_4Acre_Basmati_Plot
2026-06-24T08:00:00,32.088757,73.591707,7.0,8,0.44,0.211,,0.9,0.714,14.42,140.0,84.0,0.417,2.42,37.5,32.0,811.0,0.0,37.8,0.246,0.01719,Pindi_Bowra_4Acre_Basmati_Plot
2026-06-24T09:00:00,32.088861,73.590725,8.0,0,0.468,0.225,,0.9,0.705,14.7,140.0,84.0,0.393,2.7,37.6,31.0,774.0,0.0,38.3,0.231,0.00813,Pindi_Bowra_4Acre_Basmati_Plot
2026-06-24T10:00:00,32.088757,73.59183,7.0,9,0.442,0.212,,0.9,0.695,14.98,140.0,84.0,0.338,2.98,37.6,30.0,690.0,0.0,38.5,0.245,0.01781,Pindi_Bowra_4Acre_Basmati_Plot
2026-06-24T11:00:00,32.088757,73.591584,7.0,7,0.441,0.212,,0.9,0.686,15.26,140.0,84.0,0.253,3.26,37.4,30.0,528.0,0.0,38.3,0.239,0.01324,Pindi_Bowra_4Acre_Basmati_Plot
2026-06-24T12:00:00,32.088861,73.590725,8.0,0,0.468,0.225,,0.9,0.745,13.44,140.0,84.0,0.235,1.44,37.7,35.0,366.0,0.0,37.9,0.24,0.01421,Pindi_Bowra_4Acre_Basmati_Plot
2026-06-24T13:00:00,32.088861,73.590725,8.0,0,0.468,0.225,,0.9,0.741,13.58,140.0,84.0,0.153,1.58,34.7,50.0,161.0,0.0,36.9,0.239,0.01221,Pindi_Bowra_4Acre_Basmati_Plot
2026-06-24T14:00:00,32.088757,73.59183,7.0,9,0.442,0.212,,0.9,0.741,13.58,140.0,84.0,0.08,1.58,33.5,52.0,54.0,0.0,35.9,0.255,0.01923,Pindi_Bowra_4Acre_Basmati_Plot
2026-06-24T15:00:00,32.088757,73.59183,7.0,9,0.442,0.212,,0.9,0.741,13.58,140.0,84.0,0.067,1.58,32.9,50.0,1.0,0.0,35.0,0.255,0.01757,Pindi_Bowra_4Acre_Basmati_Plot
2026-06-24T16:00:00,32.088861,73.590848,8.0,1,0.467,0.224,,0.9,0.741,13.58,140.0,84.0,0.053,1.58,32.1,50.0,0.0,0.0,34.3,0.241,0.01039,Pindi_Bowra_4Acre_Basmati_Plot
2026-06-24T17:00:00,32.088861,73.590725,8.0,0,0.468,0.225,,0.9,0.741,13.58,140.0,84.0,0.047,1.58,31.5,53.0,0.0,0.0,33.7,0.239,0.00887,Pindi_Bowra_4Acre_Basmati_Plot
2026-06-24T18:00:00,32.088861,73.590848,8.0,1,0.467,0.224,,0.9,0.818,11.2,140.0,84.0,0.059,0.0,31.6,58.0,0.0,0.0,33.3,0.259,0.01745,Pindi_Bowra_4Acre_Basmati_Plot
2026-06-24T19:00:00,32.088861,73.590848,8.0,1,0.467,0.224,,0.9,0.818,11.2,140.0,84.0,0.052,0.0,31.0,60.0,0.0,0.0,32.9,0.259,0.01677,Pindi_Bowra_4Acre_Basmati_Plot
2026-06-24T20:00:00,32.088757,73.59183,7.0,9,0.442,0.212,,0.9,0.818,11.2,140.0,84.0,0.052,0.0,30.6,61.0,0.0,0.0,32.6,0.272,0.02053,Pindi_Bowra_4Acre_Basmati_Plot
2026-06-24T21:00:00,32.088861,73.590725,8.0,0,0.468,0.225,,0.9,0.818,11.2,140.0,84.0,0.052,0.0,30.1,63.0,0.0,0.0,32.4,0.257,0.01516,Pindi_Bowra_4Acre_Basmati_Plot
2026-06-24T22:00:00,32.088757,73.591707,7.0,8,0.44,0.211,,0.9,0.818,11.2,140.0,84.0,0.044,0.0,29.7,63.0,0.0,0.0,32.1,0.27,0.0187,Pindi_Bowra_4Acre_Basmati_Plot
2026-06-24T23:00:00,32.088861,73.590725,8.0,0,0.468,0.225,,0.9,1.0,1.82,140.0,84.0,0.027,0.0,24.8,89.0,0.0,5.0,30.9,0.324,0.03669,Pindi_Bowra_4Acre_Basmati_Plot
2026-06-25T00:00:00,32.088757,73.59183,7.0,9,0.442,0.212,,0.9,0.591,18.2,140.0,84.0,0.021,6.2,25.6,86.0,0.0,5.6,31.4,0.222,0.0007,Pindi_Bowra_4Acre_Basmati_Plot
2026-06-25T01:00:00,32.088757,73.591584,7.0,7,0.441,0.212,,0.9,0.645,16.52,140.0,84.0,0.029,4.52,25.3,90.0,21.0,1.0,29.8,0.23,0.00298,Pindi_Bowra_4Acre_Basmati_Plot
2026-06-25T02:00:00,32.088861,73.590725,8.0,0,0.468,0.225,,0.9,0.709,14.56,140.0,84.0,0.057,2.56,25.3,91.0,114.0,1.2,29.0,0.232,0.0035,Pindi_Bowra_4Acre_Basmati_Plot
2026-06-25T03:00:00,32.088861,73.590725,8.0,0,0.468,0.225,,0.9,0.714,14.42,140.0,84.0,0.128,2.42,26.7,78.0,248.0,0.1,29.3,0.233,0.00391,Pindi_Bowra_4Acre_Basmati_Plot
2026-06-25T04:00:00,32.088757,73.59183,7.0,9,0.442,0.212,,0.9,0.714,14.42,140.0,84.0,0.199,2.42,27.6,73.0,405.0,0.0,30.4,0.248,0.00887,Pindi_Bowra_4Acre_Basmati_Plot
2026-06-25T05:00:00,32.088757,73.59183,7.0,9,0.442,0.212,,0.9,0.709,14.56,140.0,84.0,0.268,2.56,28.8,68.0,553.0,0.0,31.5,0.247,0.00955,Pindi_Bowra_4Acre_Basmati_Plot
2026-06-25T06:00:00,32.088861,73.590848,8.0,1,0.467,0.224,,0.9,0.964,6.72,140.0,84.0,0.486,0.0,30.5,57.0,722.0,0.0,32.6,0.29,0.02921,Pindi_Bowra_4Acre_Basmati_Plot
2026-06-25T07:00:00,32.088757,73.592075,7.0,11,0.454,0.218,,0.9,0.955,7.0,140.0,84.0,0.558,0.0,31.6,54.0,827.0,0.0,33.8,0.305,0.03887,Pindi_Bowra_4Acre_Basmati_Plot
2026-06-25T08:00:00,32.088757,73.59183,7.0,9,0.442,0.212,,0.9,0.941,7.42,140.0,84.0,0.542,0.0,32.0,53.0,817.0,0.0,34.7,0.298,0.038,Pindi_Bowra_4Acre_Basmati_Plot
2026-06-25T09:00:00,32.088757,73.591707,7.0,8,0.44,0.211,,0.9,0.932,7.7,140.0,84.0,0.512,0.0,32.4,52.0,766.0,0.0,35.4,0.294,0.03849,Pindi_Bowra_4Acre_Basmati_Plot
2026-06-25T10:00:00,32.088861,73.590725,8.0,0,0.468,0.225,,0.9,0.923,7.98,140.0,84.0,0.448,0.0,32.7,51.0,669.0,0.0,35.7,0.279,0.03364,Pindi_Bowra_4Acre_Basmati_Plot
2026-06-25T11:00:00,32.088757,73.59183,7.0,9,0.442,0.212,,0.9,0.914,8.26,140.0,84.0,0.345,0.0,32.8,51.0,538.0,0.0,35.7,0.293,0.0393,Pindi_Bowra_4Acre_Basmati_Plot
2026-06-25T12:00:00,32.088757,73.59183,7.0,9,0.442,0.212,,0.9,1.0,0.0,140.0,84.0,0.27,0.0,32.9,53.0,362.0,0.0,35.2,0.382,0.06146,Pindi_Bowra_4Acre_Basmati_Plot
2026-06-25T13:00:00,32.088861,73.590848,8.0,1,0.467,0.224,,0.9,1.0,0.0,140.0,84.0,0.153,0.0,32.4,56.0,182.0,0.0,34.5,0.364,0.06055,Pindi_Bowra_4Acre_Basmati_Plot
2026-06-25T14:00:00,32.088861,73.590725,8.0,0,0.468,0.225,,0.9,1.0,0.0,140.0,84.0,0.045,0.0,31.2,67.0,53.0,0.0,33.7,0.36,0.05601,Pindi_Bowra_4Acre_Basmati_Plot
2026-06-25T15:00:00,32.088861,73.590848,8.0,1,0.467,0.224,,0.9,1.0,0.0,140.0,84.0,0.027,0.0,30.0,69.0,1.0,0.0,32.9,0.36,0.05159,Pindi_Bowra_4Acre_Basmati_Plot
2026-06-25T16:00:00,32.088861,73.590848,8.0,1,0.467,0.224,,0.9,1.0,0.0,140.0,84.0,0.018,0.0,29.3,71.0,0.0,0.0,32.2,0.359,0.04811,Pindi_Bowra_4Acre_Basmati_Plot
2026-06-25T17:00:00,32.088757,73.59183,7.0,9,0.442,0.212,,0.9,1.0,0.0,140.0,84.0,0.009,0.0,28.6,73.0,0.0,0.0,31.7,0.37,0.04331,Pindi_Bowra_4Acre_Basmati_Plot
2026-06-25T18:00:00,32.088861,73.590725,8.0,0,0.468,0.225,,0.9,1.0,0.0,140.0,84.0,0.009,0.0,28.9,73.0,0.0,0.0,31.3,0.347,0.04406,Pindi_Bowra_4Acre_Basmati_Plot
2026-06-25T19:00:00,32.088757,73.59183,7.0,9,0.442,0.212,,0.9,1.0,0.0,140.0,84.0,0.0,0.0,28.0,76.0,0.0,0.0,30.9,0.361,0.03998,Pindi_Bowra_4Acre_Basmati_Plot
2026-06-25T20:00:00,32.088861,73.590848,8.0,1,0.467,0.224,,0.9,1.0,0.0,140.0,84.0,0.009,0.0,27.6,78.0,0.0,0.0,30.6,0.347,0.04099,Pindi_Bowra_4Acre_Basmati_Plot
2026-06-25T21:00:00,32.088757,73.592075,7.0,11,0.454,0.218,,0.9,1.0,0.0,140.0,84.0,0.009,0.0,27.3,79.0,0.0,0.0,30.3,0.363,0.03867,Pindi_Bowra_4Acre_Basmati_Plot
2026-06-25T22:00:00,32.088757,73.59183,7.0,9,0.442,0.212,,0.9,1.0,0.0,140.0,84.0,0.0,0.0,27.0,79.0,0.0,0.0,30.0,0.358,0.03654,Pindi_Bowra_4Acre_Basmati_Plot
2026-06-25T23:00:00,32.088757,73.59183,7.0,9,0.442,0.212,,0.9,1.0,0.0,140.0,84.0,0.0,0.0,26.8,79.0,0.0,0.0,29.8,0.357,0.03582,Pindi_Bowra_4Acre_Basmati_Plot
2026-06-26T00:00:00,32.088861,73.590848,8.0,1,0.467,0.224,,0.9,0.955,7.0,140.0,84.0,0.009,0.0,27.2,79.0,0.0,0.0,29.4,0.288,0.0206,Pindi_Bowra_4Acre_Basmati_Plot
2026-06-26T01:00:00,32.088861,73.590725,8.0,0,0.468,0.225,,0.9,0.955,7.0,140.0,84.0,0.043,0.0,27.8,77.0,30.0,0.0,29.4,0.286,0.02004,Pindi_Bowra_4Acre_Basmati_Plot
2026-06-26T02:00:00,32.088757,73.591707,7.0,8,0.44,0.211,,0.9,0.955,7.0,140.0,84.0,0.112,0.0,29.4,72.0,145.0,0.0,30.0,0.299,0.02395,Pindi_Bowra_4Acre_Basmati_Plot
2026-06-26T03:00:00,32.088861,73.590725,8.0,0,0.468,0.225,,0.9,0.95,7.14,140.0,84.0,0.222,0.0,31.2,61.0,310.0,0.0,31.0,0.285,0.02316,Pindi_Bowra_4Acre_Basmati_Plot
2026-06-26T04:00:00,32.088757,73.59183,7.0,9,0.442,0.212,,0.9,0.945,7.28,140.0,84.0,0.349,0.0,32.5,56.0,486.0,0.0,32.1,0.299,0.02968,Pindi_Bowra_4Acre_Basmati_Plot
2026-06-26T05:00:00,32.088757,73.591584,7.0,7,0.441,0.212,,0.9,0.941,7.42,140.0,84.0,0.44,0.0,33.6,54.0,640.0,0.0,33.4,0.294,0.03158,Pindi_Bowra_4Acre_Basmati_Plot
2026-06-26T06:00:00,32.088861,73.590725,8.0,0,0.468,0.225,,0.9,1.0,5.46,140.0,84.0,0.54,0.0,33.9,51.0,742.0,0.0,34.5,0.297,0.03893,Pindi_Bowra_4Acre_Basmati_Plot
2026-06-26T07:00:00,32.088861,73.590725,8.0,0,0.468,0.225,,0.9,0.991,5.88,140.0,84.0,0.598,0.0,34.7,49.0,833.0,0.0,35.5,0.294,0.04135,Pindi_Bowra_4Acre_Basmati_Plot
2026-06-26T08:00:00,32.088757,73.59183,7.0,9,0.442,0.212,,0.9,0.982,6.16,140.0,84.0,0.592,0.0,35.2,48.0,838.0,0.0,36.4,0.307,0.05024,Pindi_Bowra_4Acre_Basmati_Plot
2026-06-26T09:00:00,32.088757,73.59183,7.0,9,0.442,0.212,,0.9,0.968,6.58,140.0,84.0,0.549,0.0,35.5,47.0,783.0,0.0,36.9,0.304,0.05099,Pindi_Bowra_4Acre_Basmati_Plot
2026-06-26T10:00:00,32.088861,73.590848,8.0,1,0.467,0.224,,0.9,0.959,6.86,140.0,84.0,0.475,0.0,35.7,47.0,680.0,0.0,37.1,0.289,0.04515,Pindi_Bowra_4Acre_Basmati_Plot
2026-06-26T11:00:00,32.088757,73.592075,7.0,11,0.454,0.218,,0.9,0.955,7.0,140.0,84.0,0.378,0.0,35.6,48.0,528.0,0.0,37.0,0.305,0.05353,Pindi_Bowra_4Acre_Basmati_Plot
2026-06-26T12:00:00,32.088757,73.59183,7.0,9,0.442,0.212,,0.9,0.95,7.14,140.0,84.0,0.265,0.0,35.1,46.0,358.0,0.0,36.7,0.3,0.0476,Pindi_Bowra_4Acre_Basmati_Plot
2026-06-26T13:00:00,32.088757,73.591707,7.0,8,0.44,0.211,,0.9,0.95,7.14,140.0,84.0,0.145,0.0,34.3,52.0,193.0,0.0,35.8,0.298,0.04223,Pindi_Bowra_4Acre_Basmati_Plot
2026-06-26T14:00:00,32.088861,73.590725,8.0,0,0.468,0.225,,0.9,0.95,7.14,140.0,84.0,0.051,0.0,32.9,61.0,56.0,0.0,34.9,0.285,0.03421,Pindi_Bowra_4Acre_Basmati_Plot
2026-06-26T15:00:00,32.088757,73.591952,7.0,10,0.447,0.215,,0.9,0.95,7.14,140.0,84.0,0.017,0.0,32.4,58.0,1.0,0.0,33.8,0.302,0.03692,Pindi_Bowra_4Acre_Basmati_Plot
2026-06-26T16:00:00,32.088757,73.591707,7.0,8,0.44,0.211,,0.9,0.95,7.14,140.0,84.0,0.0,0.0,32.3,55.0,0.0,0.0,33.1,0.298,0.03224,Pindi_Bowra_4Acre_Basmati_Plot
2026-06-26T17:00:00,32.088861,73.590725,8.0,0,0.468,0.225,,0.9,0.95,7.14,140.0,84.0,0.026,0.0,31.4,58.0,0.0,0.0,32.5,0.285,0.02691,Pindi_Bowra_4Acre_Basmati_Plot
2026-06-26T18:00:00,32.088757,73.59183,7.0,9,0.442,0.212,,0.9,0.873,9.52,140.0,84.0,0.024,0.0,30.9,62.0,0.0,0.0,32.1,0.284,0.02404,Pindi_Bowra_4Acre_Basmati_Plot
2026-06-26T19:00:00,32.088757,73.591584,7.0,7,0.441,0.212,,0.9,0.873,9.52,140.0,84.0,0.016,0.0,29.7,68.0,0.0,0.0,31.7,0.28,0.02161,Pindi_Bowra_4Acre_Basmati_Plot
2026-06-26T20:00:00,32.088861,73.590725,8.0,0,0.468,0.225,,0.9,0.873,9.52,140.0,84.0,0.008,0.0,29.1,72.0,0.0,0.0,31.3,0.269,0.01799,Pindi_Bowra_4Acre_Basmati_Plot
2026-06-26T21:00:00,32.088861,73.590725,8.0,0,0.468,0.225,,0.9,0.877,9.38,140.0,84.0,0.008,0.0,28.7,74.0,0.0,0.0,31.0,0.27,0.01782,Pindi_Bowra_4Acre_Basmati_Plot
2026-06-26T22:00:00,32.088757,73.59183,7.0,9,0.442,0.212,,0.9,0.877,9.38,140.0,84.0,0.0,0.0,28.6,74.0,0.0,0.0,30.7,0.285,0.02123,Pindi_Bowra_4Acre_Basmati_Plot
2026-06-26T23:00:00,32.088757,73.59183,7.0,9,0.442,0.212,,0.9,0.877,9.38,140.0,84.0,0.0,0.0,27.9,75.0,0.0,0.0,30.5,0.285,0.02081,Pindi_Bowra_4Acre_Basmati_Plot
2026-06-27T00:00:00,32.088861,73.590848,8.0,1,0.467,0.224,,0.9,0.786,12.18,140.0,84.0,0.014,0.18,28.7,73.0,0.0,0.0,30.3,0.252,0.01061,Pindi_Bowra_4Acre_Basmati_Plot
2026-06-27T01:00:00,32.088757,73.592075,7.0,11,0.454,0.218,,0.9,0.786,12.18,140.0,84.0,0.042,0.18,28.9,75.0,29.0,0.0,30.4,0.269,0.01595,Pindi_Bowra_4Acre_Basmati_Plot
2026-06-27T02:00:00,32.088757,73.59183,7.0,9,0.442,0.212,,0.9,0.786,12.18,140.0,84.0,0.092,0.18,30.6,74.0,141.0,0.0,30.9,0.265,0.01499,Pindi_Bowra_4Acre_Basmati_Plot
2026-06-27T03:00:00,32.088757,73.591707,7.0,8,0.44,0.211,,0.9,0.786,12.18,140.0,84.0,0.184,0.18,32.7,66.0,305.0,0.0,32.0,0.263,0.01592,Pindi_Bowra_4Acre_Basmati_Plot
2026-06-27T04:00:00,32.088861,73.590725,8.0,0,0.468,0.225,,0.9,0.782,12.32,140.0,84.0,0.288,0.32,34.3,57.0,483.0,0.0,33.2,0.248,0.01243,Pindi_Bowra_4Acre_Basmati_Plot
2026-06-27T05:00:00,32.088757,73.59183,7.0,9,0.442,0.212,,0.9,0.777,12.46,140.0,84.0,0.378,0.46,35.5,52.0,646.0,0.0,34.5,0.263,0.02053,Pindi_Bowra_4Acre_Basmati_Plot
2026-06-27T06:00:00,32.088757,73.59183,7.0,9,0.442,0.212,,0.9,0.823,11.06,140.0,84.0,0.474,0.0,36.5,47.0,767.0,0.0,35.8,0.273,0.02882,Pindi_Bowra_4Acre_Basmati_Plot
2026-06-27T07:00:00,32.088861,73.590848,8.0,1,0.467,0.224,,0.9,0.814,11.34,140.0,84.0,0.498,0.0,37.4,45.0,830.0,0.0,36.9,0.258,0.02437,Pindi_Bowra_4Acre_Basmati_Plot
2026-06-27T08:00:00,32.088861,73.590725,8.0,0,0.468,0.225,,0.9,0.805,11.62,140.0,84.0,0.492,0.0,37.8,44.0,825.0,0.0,37.7,0.254,0.02367,Pindi_Bowra_4Acre_Basmati_Plot
2026-06-27T09:00:00,32.088861,73.590848,8.0,1,0.467,0.224,,0.9,0.795,11.9,140.0,84.0,0.451,0.0,38.1,42.0,780.0,0.0,38.3,0.254,0.02508,Pindi_Bowra_4Acre_Basmati_Plot
2026-06-27T10:00:00,32.088861,73.590848,8.0,1,0.467,0.224,,0.9,0.786,12.18,140.0,84.0,0.375,0.18,38.1,41.0,647.0,0.0,38.4,0.252,0.02385,Pindi_Bowra_4Acre_Basmati_Plot
2026-06-27T11:00:00,32.088757,73.59183,7.0,9,0.442,0.212,,0.9,0.782,12.32,140.0,84.0,0.31,0.32,37.9,41.0,514.0,0.0,38.2,0.264,0.03042,Pindi_Bowra_4Acre_Basmati_Plot
2026-06-27T12:00:00,32.088861,73.590725,8.0,0,0.468,0.225,,0.9,0.782,12.32,140.0,84.0,0.225,0.32,38.2,41.0,357.0,0.0,37.8,0.248,0.01969,Pindi_Bowra_4Acre_Basmati_Plot
2026-06-27T13:00:00,32.088757,73.59183,7.0,9,0.442,0.212,,0.9,0.782,12.32,140.0,84.0,0.12,0.32,36.3,55.0,177.0,0.0,37.1,0.264,0.02725,Pindi_Bowra_4Acre_Basmati_Plot
2026-06-27T14:00:00,32.088861,73.590848,8.0,1,0.467,0.224,,0.9,0.782,12.32,140.0,84.0,0.042,0.32,34.0,67.0,55.0,0.0,36.2,0.251,0.01854,Pindi_Bowra_4Acre_Basmati_Plot
2026-06-27T15:00:00,32.088757,73.592075,7.0,11,0.454,0.218,,0.9,0.782,12.32,140.0,84.0,0.042,0.32,33.1,65.0,1.0,0.0,35.3,0.268,0.0255,Pindi_Bowra_4Acre_Basmati_Plot
2026-06-27T16:00:00,32.088757,73.59183,7.0,9,0.442,0.212,,0.9,0.782,12.32,140.0,84.0,0.021,0.32,32.6,63.0,0.0,0.0,34.6,0.264,0.02122,Pindi_Bowra_4Acre_Basmati_Plot
2026-06-27T17:00:00,32.088757,73.591707,7.0,8,0.44,0.211,,0.9,0.782,12.32,140.0,84.0,0.021,0.32,31.9,64.0,0.0,0.0,33.9,0.262,0.0188,Pindi_Bowra_4Acre_Basmati_Plot
2026-06-27T18:00:00,32.088861,73.590725,8.0,0,0.468,0.225,,0.9,0.786,12.18,140.0,84.0,0.035,0.18,32.6,60.0,0.0,0.0,33.6,0.249,0.0134,Pindi_Bowra_4Acre_Basmati_Plot
2026-06-27T19:00:00,32.088757,73.59183,7.0,9,0.442,0.212,,0.9,0.786,12.18,140.0,84.0,0.028,0.18,32.0,61.0,0.0,0.0,33.3,0.265,0.01906,Pindi_Bowra_4Acre_Basmati_Plot
2026-06-27T20:00:00,32.088757,73.591707,7.0,8,0.44,0.211,,0.9,0.791,12.04,140.0,84.0,0.021,0.04,31.5,63.0,0.0,0.0,32.9,0.264,0.01782,Pindi_Bowra_4Acre_Basmati_Plot
2026-06-27T21:00:00,32.088861,73.590725,8.0,0,0.468,0.225,,0.9,0.791,12.04,140.0,84.0,0.021,0.04,31.1,64.0,0.0,0.0,32.6,0.251,0.01296,Pindi_Bowra_4Acre_Basmati_Plot
2026-06-27T22:00:00,32.088757,73.59183,7.0,9,0.442,0.212,,0.9,0.791,12.04,140.0,84.0,0.007,0.04,30.9,66.0,0.0,0.0,32.3,0.266,0.01763,Pindi_Bowra_4Acre_Basmati_Plot
2026-06-27T23:00:00,32.088757,73.591584,7.0,7,0.441,0.212,,0.9,0.791,12.04,140.0,84.0,0.0,0.04,30.4,66.0,0.0,0.0,32.1,0.262,0.01574,Pindi_Bowra_4Acre_Basmati_Plot
2026-06-28T00:00:00,32.088861,73.590725,8.0,0,0.468,0.225,,0.9,0.836,10.64,140.0,84.0,0.008,0.0,30.5,68.0,0.0,0.0,31.6,0.261,0.01551,Pindi_Bowra_4Acre_Basmati_Plot
2026-06-28T01:00:00,32.088757,73.591707,7.0,8,0.44,0.211,,0.9,0.841,10.5,140.0,84.0,0.015,0.0,31.3,64.0,30.0,0.0,31.7,0.275,0.01976,Pindi_Bowra_4Acre_Basmati_Plot
2026-06-28T02:00:00,32.088861,73.590725,8.0,0,0.468,0.225,,0.9,0.836,10.64,140.0,84.0,0.128,0.0,30.5,69.0,137.0,0.0,32.0,0.261,0.01614,Pindi_Bowra_4Acre_Basmati_Plot
2026-06-28T03:00:00,32.088757,73.59183,7.0,9,0.442,0.212,,0.9,0.836,10.64,140.0,84.0,0.203,0.0,31.8,67.0,311.0,0.0,32.7,0.276,0.02234,Pindi_Bowra_4Acre_Basmati_Plot
2026-06-28T04:00:00,32.088861,73.590848,8.0,1,0.467,0.224,,0.9,0.832,10.78,140.0,84.0,0.322,0.0,34.0,59.0,493.0,0.0,33.8,0.262,0.01976,Pindi_Bowra_4Acre_Basmati_Plot
2026-06-28T05:00:00,32.088757,73.592075,7.0,11,0.454,0.218,,0.9,0.823,11.06,140.0,84.0,0.415,0.0,35.6,54.0,651.0,0.0,35.0,0.277,0.02939,Pindi_Bowra_4Acre_Basmati_Plot
2026-06-28T06:00:00,32.088757,73.59183,7.0,9,0.442,0.212,,0.9,0.814,11.34,140.0,84.0,0.483,0.0,36.8,49.0,771.0,0.0,36.2,0.271,0.02887,Pindi_Bowra_4Acre_Basmati_Plot
2026-06-28T07:00:00,32.088757,73.59183,7.0,9,0.442,0.212,,0.9,0.805,11.62,140.0,84.0,0.529,0.0,37.8,45.0,839.0,0.0,37.2,0.269,0.03065,Pindi_Bowra_4Acre_Basmati_Plot
2026-06-28T08:00:00,32.088861,73.590848,8.0,1,0.467,0.224,,0.9,0.791,12.04,140.0,84.0,0.534,0.04,38.5,43.0,849.0,0.0,38.1,0.253,0.02386,Pindi_Bowra_4Acre_Basmati_Plot
2026-06-28T09:00:00,32.088861,73.590725,8.0,0,0.468,0.225,,0.9,0.782,12.32,140.0,84.0,0.493,0.32,39.0,41.0,790.0,0.0,38.6,0.248,0.02133,Pindi_Bowra_4Acre_Basmati_Plot
2026-06-28T10:00:00,32.088757,73.591707,7.0,8,0.44,0.211,,0.9,0.773,12.6,140.0,84.0,0.424,0.6,39.2,40.0,681.0,0.0,38.8,0.26,0.02923,Pindi_Bowra_4Acre_Basmati_Plot
2026-06-28T11:00:00,32.088861,73.590725,8.0,0,0.468,0.225,,0.9,0.764,12.88,140.0,84.0,0.33,0.88,39.1,40.0,532.0,0.0,38.7,0.244,0.01847,Pindi_Bowra_4Acre_Basmati_Plot
2026-06-28T12:00:00,32.088757,73.59183,7.0,9,0.442,0.212,,0.9,0.759,13.02,140.0,84.0,0.239,1.02,38.4,44.0,363.0,0.0,38.2,0.259,0.02696,Pindi_Bowra_4Acre_Basmati_Plot
2026-06-28T13:00:00,32.088757,73.591584,7.0,7,0.441,0.212,,0.9,0.759,13.02,140.0,84.0,0.137,1.02,36.7,53.0,191.0,0.0,37.5,0.255,0.02251,Pindi_Bowra_4Acre_Basmati_Plot
2026-06-28T14:00:00,32.088861,73.590725,8.0,0,0.468,0.225,,0.9,0.759,13.02,140.0,84.0,0.061,1.02,35.0,56.0,56.0,0.0,36.5,0.243,0.0142,Pindi_Bowra_4Acre_Basmati_Plot
2026-06-28T15:00:00,32.088861,73.590725,8.0,0,0.468,0.225,,0.9,0.759,13.02,140.0,84.0,0.055,1.02,34.3,58.0,1.0,0.0,35.7,0.243,0.01311,Pindi_Bowra_4Acre_Basmati_Plot
2026-06-28T16:00:00,32.088757,73.59183,7.0,9,0.442,0.212,,0.9,0.759,13.02,140.0,84.0,0.061,1.02,34.2,52.0,0.0,0.0,35.1,0.259,0.01978,Pindi_Bowra_4Acre_Basmati_Plot
2026-06-28T17:00:00,32.088757,73.591707,7.0,8,0.44,0.211,,0.9,0.759,13.02,140.0,84.0,0.061,1.02,33.6,52.0,0.0,0.0,34.5,0.257,0.01759,Pindi_Bowra_4Acre_Basmati_Plot
2026-06-28T18:00:00,32.088861,73.590725,8.0,0,0.468,0.225,,0.9,0.823,11.06,140.0,84.0,0.074,0.0,34.1,54.0,0.0,0.0,34.2,0.258,0.01865,Pindi_Bowra_4Acre_Basmati_Plot
2026-06-28T19:00:00,32.088757,73.59183,7.0,9,0.442,0.212,,0.9,0.823,11.06,140.0,84.0,0.067,0.0,33.2,56.0,0.0,0.0,34.0,0.273,0.02407,Pindi_Bowra_4Acre_Basmati_Plot
2026-06-28T20:00:00,32.088757,73.591707,7.0,8,0.44,0.211,,0.9,0.823,11.06,140.0,84.0,0.052,0.0,32.5,57.0,0.0,0.0,33.7,0.271,0.02238,Pindi_Bowra_4Acre_Basmati_Plot
2026-06-28T21:00:00,32.088861,73.590725,8.0,0,0.468,0.225,,0.9,0.823,11.06,140.0,84.0,0.037,0.0,31.9,58.0,0.0,0.0,33.3,0.258,0.01704,Pindi_Bowra_4Acre_Basmati_Plot
2026-06-28T22:00:00,32.088757,73.59183,7.0,9,0.442,0.212,,0.9,0.823,11.06,140.0,84.0,0.015,0.0,31.4,63.0,0.0,0.0,33.0,0.273,0.02178,Pindi_Bowra_4Acre_Basmati_Plot
2026-06-28T23:00:00,32.088757,73.591707,7.0,8,0.44,0.211,,0.9,0.823,11.06,140.0,84.0,0.015,0.0,30.8,63.0,0.0,0.0,32.7,0.271,0.02025,Pindi_Bowra_4Acre_Basmati_Plot
2026-06-29T00:00:00,32.088861,73.590725,8.0,0,0.468,0.225,,0.9,0.891,8.96,140.0,84.0,0.016,0.0,30.5,71.0,0.0,0.0,32.4,0.273,0.02172,Pindi_Bowra_4Acre_Basmati_Plot
2026-06-29T01:00:00,32.088757,73.59183,7.0,9,0.442,0.212,,0.9,0.891,8.96,140.0,84.0,0.064,0.0,30.8,70.0,29.0,0.0,32.4,0.288,0.02632,Pindi_Bowra_4Acre_Basmati_Plot
2026-06-29T02:00:00,32.088757,73.591584,7.0,7,0.441,0.212,,0.9,0.891,8.96,140.0,84.0,0.12,0.0,31.9,69.0,143.0,0.0,32.8,0.284,0.02573,Pindi_Bowra_4Acre_Basmati_Plot
2026-06-29T03:00:00,32.088861,73.590725,8.0,0,0.468,0.225,,0.9,0.886,9.1,140.0,84.0,0.215,0.0,33.7,61.0,312.0,0.0,33.6,0.272,0.02403,Pindi_Bowra_4Acre_Basmati_Plot
2026-06-29T04:00:00,32.088861,73.590725,8.0,0,0.468,0.225,,0.9,0.882,9.24,140.0,84.0,0.333,0.0,35.4,55.0,492.0,0.0,34.7,0.271,0.02631,Pindi_Bowra_4Acre_Basmati_Plot
2026-06-29T05:00:00,32.088757,73.59183,7.0,9,0.442,0.212,,0.9,0.873,9.52,140.0,84.0,0.44,0.0,36.8,50.0,653.0,0.0,35.9,0.284,0.03515,Pindi_Bowra_4Acre_Basmati_Plot
2026-06-29T06:00:00,32.088757,73.59183,7.0,9,0.442,0.212,,0.9,0.936,7.56,140.0,84.0,0.556,0.0,37.2,46.0,772.0,0.0,37.0,0.297,0.04721,Pindi_Bowra_4Acre_Basmati_Plot
2026-06-29T07:00:00,32.088861,73.590848,8.0,1,0.467,0.224,,0.9,0.923,7.98,140.0,84.0,0.598,0.0,37.9,45.0,837.0,0.0,37.9,0.281,0.04324,Pindi_Bowra_4Acre_Basmati_Plot
2026-06-29T08:00:00,32.088861,73.590725,8.0,0,0.468,0.225,,0.9,0.909,8.4,140.0,84.0,0.597,0.0,38.5,44.0,846.0,0.0,38.6,0.277,0.04343,Pindi_Bowra_4Acre_Basmati_Plot
2026-06-29T09:00:00,32.088861,73.590848,8.0,1,0.467,0.224,,0.9,0.895,8.82,140.0,84.0,0.564,0.0,38.7,44.0,796.0,0.0,39.0,0.276,0.04431,Pindi_Bowra_4Acre_Basmati_Plot
2026-06-29T10:00:00,32.088861,73.590848,8.0,1,0.467,0.224,,0.9,0.886,9.1,140.0,84.0,0.487,0.0,38.9,43.0,691.0,0.0,39.2,0.274,0.04359,Pindi_Bowra_4Acre_Basmati_Plot
2026-06-29T11:00:00,32.088757,73.59183,7.0,9,0.442,0.212,,0.9,0.877,9.38,140.0,84.0,0.387,0.0,38.6,44.0,542.0,0.0,39.0,0.285,0.04868,Pindi_Bowra_4Acre_Basmati_Plot
2026-06-29T12:00:00,32.088861,73.590725,8.0,0,0.468,0.225,,0.9,0.814,11.34,140.0,84.0,0.264,0.0,38.7,45.0,363.0,0.0,38.5,0.256,0.02715,Pindi_Bowra_4Acre_Basmati_Plot
2026-06-29T13:00:00,32.088757,73.591707,7.0,8,0.44,0.211,,0.9,0.809,11.48,140.0,84.0,0.138,0.0,37.0,56.0,183.0,0.0,37.8,0.268,0.03174,Pindi_Bowra_4Acre_Basmati_Plot
2026-06-29T14:00:00,32.088861,73.590725,8.0,0,0.468,0.225,,0.9,0.809,11.48,140.0,84.0,0.058,0.0,35.3,61.0,56.0,0.0,36.9,0.255,0.0225,Pindi_Bowra_4Acre_Basmati_Plot
2026-06-29T15:00:00,32.088757,73.59183,7.0,9,0.442,0.212,,0.9,0.809,11.48,140.0,84.0,0.051,0.0,34.6,59.0,1.0,0.0,36.1,0.27,0.02802,Pindi_Bowra_4Acre_Basmati_Plot
2026-06-29T16:00:00,32.088757,73.591584,7.0,7,0.441,0.212,,0.9,0.809,11.48,140.0,84.0,0.051,0.0,34.3,57.0,0.0,0.0,35.5,0.266,0.02422,Pindi_Bowra_4Acre_Basmati_Plot
2026-06-29T17:00:00,32.088861,73.590725,8.0,0,0.468,0.225,,0.9,0.809,11.48,140.0,84.0,0.036,0.0,33.4,59.0,0.0,0.0,35.0,0.255,0.0186,Pindi_Bowra_4Acre_Basmati_Plot
2026-06-29T18:00:00,32.088861,73.590725,8.0,0,0.468,0.225,,0.9,0.818,11.2,140.0,84.0,0.059,0.0,34.3,57.0,0.0,0.0,34.6,0.257,0.0189,Pindi_Bowra_4Acre_Basmati_Plot
2026-06-29T19:00:00,32.088757,73.59183,7.0,9,0.442,0.212,,0.9,0.818,11.2,140.0,84.0,0.066,0.0,33.5,59.0,0.0,0.0,34.4,0.272,0.02458,Pindi_Bowra_4Acre_Basmati_Plot
2026-06-29T20:00:00,32.088757,73.59183,7.0,9,0.442,0.212,,0.9,0.818,11.2,140.0,84.0,0.037,0.0,32.8,61.0,0.0,0.0,34.1,0.272,0.02386,Pindi_Bowra_4Acre_Basmati_Plot
2026-06-29T21:00:00,32.088861,73.590848,8.0,1,0.467,0.224,,0.9,0.818,11.2,140.0,84.0,0.007,0.0,31.7,69.0,0.0,0.0,33.7,0.259,0.01816,Pindi_Bowra_4Acre_Basmati_Plot
2026-06-29T22:00:00,32.088757,73.592075,7.0,11,0.454,0.218,,0.9,0.818,11.2,140.0,84.0,0.015,0.0,31.0,70.0,0.0,0.0,33.4,0.276,0.02461,Pindi_Bowra_4Acre_Basmati_Plot
2026-06-29T23:00:00,32.088757,73.59183,7.0,9,0.442,0.212,,0.9,0.818,11.2,140.0,84.0,0.029,0.0,30.9,73.0,0.0,0.0,33.2,0.272,0.0218,Pindi_Bowra_4Acre_Basmati_Plot
2026-06-30T00:00:00,32.088757,73.591707,7.0,8,0.44,0.211,,0.9,0.8,11.76,140.0,84.0,0.0,0.0,30.9,76.0,0.0,0.0,33.0,0.266,0.01882,Pindi_Bowra_4Acre_Basmati_Plot
2026-06-30T01:00:00,32.088861,73.590725,8.0,0,0.468,0.225,,0.9,0.8,11.76,140.0,84.0,0.05,0.0,31.2,75.0,28.0,0.0,32.9,0.253,0.01422,Pindi_Bowra_4Acre_Basmati_Plot
2026-06-30T02:00:00,32.088757,73.59183,7.0,9,0.442,0.212,,0.9,0.8,11.76,140.0,84.0,0.108,0.0,31.4,74.0,142.0,0.0,33.2,0.268,0.02013,Pindi_Bowra_4Acre_Basmati_Plot
2026-06-30T03:00:00,32.088757,73.59183,7.0,9,0.442,0.212,,0.9,0.795,11.9,140.0,84.0,0.186,0.0,32.4,72.0,305.0,0.0,33.9,0.267,0.02114,Pindi_Bowra_4Acre_Basmati_Plot
2026-06-30T04:00:00,32.088861,73.590848,8.0,1,0.467,0.224,,0.9,0.791,12.04,140.0,84.0,0.285,0.04,34.1,66.0,482.0,0.0,34.9,0.253,0.01733,Pindi_Bowra_4Acre_Basmati_Plot
2026-06-30T05:00:00,32.088861,73.590725,8.0,0,0.468,0.225,,0.9,0.782,12.32,140.0,84.0,0.38,0.32,35.6,60.0,640.0,0.0,36.0,0.248,0.01645,Pindi_Bowra_4Acre_Basmati_Plot
2026-06-30T06:00:00,32.088861,73.590848,8.0,1,0.467,0.224,,0.9,0.814,11.34,140.0,84.0,0.469,0.0,36.8,52.0,759.0,0.0,37.1,0.258,0.02487,Pindi_Bowra_4Acre_Basmati_Plot
2026-06-30T07:00:00,32.088861,73.590848,8.0,1,0.467,0.224,,0.9,0.805,11.62,140.0,84.0,0.514,0.0,37.7,49.0,832.0,0.0,38.1,0.256,0.02603,Pindi_Bowra_4Acre_Basmati_Plot
2026-06-30T08:00:00,32.088757,73.59183,7.0,9,0.442,0.212,,0.9,0.791,12.04,140.0,84.0,0.52,0.04,38.3,47.0,841.0,0.0,38.8,0.266,0.03377,Pindi_Bowra_4Acre_Basmati_Plot
2026-06-30T09:00:00,32.088861,73.590725,8.0,0,0.468,0.225,,0.9,0.782,12.32,140.0,84.0,0.493,0.32,38.6,46.0,791.0,0.0,39.2,0.248,0.02265,Pindi_Bowra_4Acre_Basmati_Plot
2026-06-30T10:00:00,32.088757,73.59183,7.0,9,0.442,0.212,,0.9,0.773,12.6,140.0,84.0,0.431,0.6,38.6,45.0,687.0,0.0,39.3,0.262,0.03241,Pindi_Bowra_4Acre_Basmati_Plot
2026-06-30T11:00:00,32.088861,73.590848,8.0,1,0.467,0.224,,0.9,0.764,12.88,140.0,84.0,0.337,0.88,38.4,45.0,541.0,0.0,39.2,0.246,0.02099,Pindi_Bowra_4Acre_Basmati_Plot
2026-06-30T12:00:00,32.088757,73.592075,7.0,11,0.454,0.218,,0.9,0.732,13.86,140.0,84.0,0.244,1.86,38.3,46.0,367.0,0.0,38.7,0.257,0.02762,Pindi_Bowra_4Acre_Basmati_Plot
2026-06-30T13:00:00,32.088757,73.59183,7.0,9,0.442,0.212,,0.9,0.727,14.0,140.0,84.0,0.131,2.0,36.8,53.0,187.0,0.0,37.9,0.252,0.02147,Pindi_Bowra_4Acre_Basmati_Plot
2026-06-30T14:00:00,32.088757,73.59183,7.0,9,0.442,0.212,,0.9,0.727,14.0,140.0,84.0,0.065,2.0,35.1,56.0,53.0,0.0,37.0,0.252,0.01962,Pindi_Bowra_4Acre_Basmati_Plot
2026-06-30T15:00:00,32.088861,73.590848,8.0,1,0.467,0.224,,0.9,0.727,14.0,140.0,84.0,0.052,2.0,34.5,55.0,1.0,0.0,36.2,0.238,0.01076,Pindi_Bowra_4Acre_Basmati_Plot
2026-06-30T16:00:00,32.088861,73.590725,8.0,0,0.468,0.225,,0.9,0.727,14.0,140.0,84.0,0.046,2.0,34.2,56.0,0.0,0.0,35.6,0.236,0.00903,Pindi_Bowra_4Acre_Basmati_Plot
2026-06-30T17:00:00,32.088757,73.591707,7.0,8,0.44,0.211,,0.9,0.727,14.0,140.0,84.0,0.007,2.0,33.2,64.0,0.0,0.0,35.0,0.249,0.01449,Pindi_Bowra_4Acre_Basmati_Plot
2026-06-30T18:00:00,32.088861,73.590725,8.0,0,0.468,0.225,,0.9,0.691,15.12,140.0,84.0,0.056,3.12,34.2,54.0,0.0,0.0,34.8,0.229,0.00469,Pindi_Bowra_4Acre_Basmati_Plot
2026-06-30T19:00:00,32.088757,73.59183,7.0,9,0.442,0.212,,0.9,0.691,15.12,140.0,84.0,0.056,3.12,33.4,54.0,0.0,0.0,34.5,0.244,0.01146,Pindi_Bowra_4Acre_Basmati_Plot
2026-06-30T20:00:00,32.088757,73.591584,7.0,7,0.441,0.212,,0.9,0.691,15.12,140.0,84.0,0.05,3.12,32.9,55.0,0.0,0.0,34.2,0.24,0.00925,Pindi_Bowra_4Acre_Basmati_Plot
2026-06-30T21:00:00,32.088861,73.590725,8.0,0,0.468,0.225,,0.9,0.691,15.12,140.0,84.0,0.025,3.12,31.8,60.0,0.0,0.0,33.9,0.229,0.00429,Pindi_Bowra_4Acre_Basmati_Plot
2026-06-30T22:00:00,32.088861,73.590725,8.0,0,0.468,0.225,,0.9,0.691,15.12,140.0,84.0,0.019,3.12,30.9,64.0,0.0,0.0,33.5,0.229,0.00412,Pindi_Bowra_4Acre_Basmati_Plot
2026-06-30T23:00:00,32.088757,73.59183,7.0,9,0.442,0.212,,0.9,0.691,15.12,140.0,84.0,0.044,3.12,30.6,70.0,0.0,0.0,33.2,0.244,0.01006,Pindi_Bowra_4Acre_Basmati_Plot
2026-07-01T00:00:00,32.088757,73.59183,7.0,9,0.442,0.212,,0.9,0.755,13.16,140.0,84.0,0.027,1.16,30.7,81.0,0.0,0.0,31.5,0.258,0.01344,Pindi_Bowra_4Acre_Basmati_Plot
2026-07-01T01:00:00,32.088861,73.590848,8.0,1,0.467,0.224,,0.9,0.786,12.18,140.0,84.0,0.028,0.18,29.1,89.0,25.0,0.6,31.4,0.252,0.01184,Pindi_Bowra_4Acre_Basmati_Plot
2026-07-01T02:00:00,32.088757,73.592075,7.0,11,0.454,0.218,,0.9,0.791,12.04,140.0,84.0,0.078,0.04,30.1,88.0,130.0,0.1,31.7,0.27,0.01854,Pindi_Bowra_4Acre_Basmati_Plot
2026-07-01T03:00:00,32.088757,73.59183,7.0,9,0.442,0.212,,0.9,0.786,12.18,140.0,84.0,0.17,0.18,30.8,79.0,295.0,0.0,32.5,0.265,0.01759,Pindi_Bowra_4Acre_Basmati_Plot
2026-07-01T04:00:00,32.088757,73.591707,7.0,8,0.44,0.211,,0.9,0.782,12.32,140.0,84.0,0.274,0.32,32.2,72.0,472.0,0.0,33.5,0.262,0.01807,Pindi_Bowra_4Acre_Basmati_Plot
2026-07-01T05:00:00,32.088861,73.590725,8.0,0,0.468,0.225,,0.9,0.777,12.46,140.0,84.0,0.364,0.46,33.3,67.0,637.0,0.0,34.7,0.247,0.01393,Pindi_Bowra_4Acre_Basmati_Plot
2026-07-01T06:00:00,32.088757,73.591952,7.0,10,0.447,0.215,,0.9,0.814,11.34,140.0,84.0,0.454,0.0,34.6,62.0,742.0,0.0,35.7,0.273,0.02886,Pindi_Bowra_4Acre_Basmati_Plot
2026-07-01T07:00:00,32.088757,73.591707,7.0,8,0.44,0.211,,0.9,0.805,11.62,140.0,84.0,0.5,0.0,35.2,56.0,819.0,0.0,36.7,0.267,0.02784,Pindi_Bowra_4Acre_Basmati_Plot
2026-07-01T08:00:00,32.088861,73.590725,8.0,0,0.468,0.225,,0.9,0.791,12.04,140.0,84.0,0.484,0.04,36.0,56.0,800.0,0.0,37.4,0.251,0.02095,Pindi_Bowra_4Acre_Basmati_Plot
2026-07-01T09:00:00,32.088757,73.59183,7.0,9,0.442,0.212,,0.9,0.782,12.32,140.0,84.0,0.436,0.32,36.6,54.0,705.0,0.0,37.9,0.264,0.02952,Pindi_Bowra_4Acre_Basmati_Plot
2026-07-01T10:00:00,32.088757,73.591584,7.0,7,0.441,0.212,,0.9,0.773,12.6,140.0,84.0,0.362,0.6,36.8,52.0,558.0,0.0,37.9,0.258,0.02544,Pindi_Bowra_4Acre_Basmati_Plot
2026-07-01T11:00:00,32.088861,73.590725,8.0,0,0.468,0.225,,0.9,0.768,12.74,140.0,84.0,0.311,0.74,36.5,52.0,462.0,0.0,37.8,0.245,0.01758,Pindi_Bowra_4Acre_Basmati_Plot
2026-07-01T12:00:00,32.088861,73.590725,8.0,0,0.468,0.225,,0.9,0.741,13.58,140.0,84.0,0.207,1.58,35.5,58.0,296.0,0.1,35.2,0.239,0.0103,Pindi_Bowra_4Acre_Basmati_Plot
2026-07-01T13:00:00,32.088757,73.59183,7.0,9,0.442,0.212,,0.9,0.759,13.02,140.0,84.0,0.109,1.02,30.5,80.0,164.0,0.5,34.7,0.259,0.019,Pindi_Bowra_4Acre_Basmati_Plot
2026-07-01T14:00:00,32.088757,73.59183,7.0,9,0.442,0.212,,0.9,0.809,11.48,140.0,84.0,0.029,0.0,30.6,86.0,30.0,0.9,33.4,0.27,0.02139,Pindi_Bowra_4Acre_Basmati_Plot
2026-07-01T15:00:00,32.088861,73.590848,8.0,1,0.467,0.224,,0.9,0.823,11.06,140.0,84.0,0.015,0.0,29.3,90.0,1.0,0.3,32.3,0.26,0.0162,Pindi_Bowra_4Acre_Basmati_Plot
2026-07-01T16:00:00,32.088757,73.592075,7.0,11,0.454,0.218,,0.9,0.823,11.06,140.0,84.0,0.022,0.0,27.7,86.0,0.0,0.0,31.5,0.277,0.02071,Pindi_Bowra_4Acre_Basmati_Plot
2026-07-01T17:00:00,32.088757,73.59183,7.0,9,0.442,0.212,,0.9,0.823,11.06,140.0,84.0,0.022,0.0,27.4,85.0,0.0,0.0,31.2,0.273,0.0182,Pindi_Bowra_4Acre_Basmati_Plot
2026-07-01T18:00:00,32.088757,73.591707,7.0,8,0.44,0.211,,0.9,0.918,8.12,140.0,84.0,0.025,0.0,26.2,83.0,0.0,0.0,31.1,0.291,0.02402,Pindi_Bowra_4Acre_Basmati_Plot
2026-07-01T19:00:00,32.088861,73.590725,8.0,0,0.468,0.225,,0.9,0.918,8.12,140.0,84.0,0.017,0.0,26.4,85.0,0.0,0.0,30.8,0.278,0.02026,Pindi_Bowra_4Acre_Basmati_Plot
2026-07-01T20:00:00,32.088757,73.59183,7.0,9,0.442,0.212,,0.9,0.918,8.12,140.0,84.0,0.017,0.0,26.6,84.0,0.0,0.0,30.6,0.293,0.0236,Pindi_Bowra_4Acre_Basmati_Plot
2026-07-01T21:00:00,32.088757,73.59183,7.0,9,0.442,0.212,,0.9,0.918,8.12,140.0,84.0,0.008,0.0,26.6,84.0,0.0,0.0,30.4,0.293,0.02313,Pindi_Bowra_4Acre_Basmati_Plot
2026-07-01T22:00:00,32.088861,73.590848,8.0,1,0.467,0.224,,0.9,0.918,8.12,140.0,84.0,0.008,0.0,26.5,84.0,0.0,0.0,30.2,0.28,0.01969,Pindi_Bowra_4Acre_Basmati_Plot
2026-07-01T23:00:00,32.088861,73.590725,8.0,0,0.468,0.225,,0.9,0.918,8.12,140.0,84.0,0.008,0.0,26.5,84.0,0.0,0.0,30.1,0.278,0.01889,Pindi_Bowra_4Acre_Basmati_Plot
2026-07-02T00:00:00,32.088861,73.590848,8.0,1,0.467,0.224,,0.9,1.0,0.84,140.0,84.0,0.0,0.0,25.5,91.0,0.0,0.0,30.0,0.333,0.03635,Pindi_Bowra_4Acre_Basmati_Plot
2026-07-02T01:00:00,32.088861,73.590848,8.0,1,0.467,0.224,,0.9,1.0,0.14,140.0,84.0,0.027,0.0,25.6,91.0,7.0,0.5,29.0,0.338,0.03435,Pindi_Bowra_4Acre_Basmati_Plot
2026-07-02T02:00:00,32.088757,73.59183,7.0,9,0.442,0.212,,0.9,1.0,0.28,140.0,84.0,0.063,0.0,26.1,89.0,63.0,0.0,28.9,0.35,0.03273,Pindi_Bowra_4Acre_Basmati_Plot
2026-07-02T03:00:00,32.088861,73.590725,8.0,0,0.468,0.225,,0.9,1.0,0.56,140.0,84.0,0.171,0.0,27.9,80.0,238.0,0.0,29.7,0.333,0.03535,Pindi_Bowra_4Acre_Basmati_Plot
2026-07-02T04:00:00,32.088757,73.59183,7.0,9,0.442,0.212,,0.9,1.0,0.84,140.0,84.0,0.288,0.0,29.3,74.0,430.0,0.0,30.8,0.346,0.03958,Pindi_Bowra_4Acre_Basmati_Plot
2026-07-02T05:00:00,32.088861,73.590848,8.0,1,0.467,0.224,,0.9,1.0,1.12,140.0,84.0,0.423,0.0,30.7,70.0,618.0,0.0,32.3,0.331,0.04494,Pindi_Bowra_4Acre_Basmati_Plot
2026-07-02T06:00:00,32.088757,73.592075,7.0,11,0.454,0.218,,0.9,1.0,0.0,140.0,84.0,0.504,0.0,31.1,66.0,744.0,0.0,33.5,0.39,0.05326,Pindi_Bowra_4Acre_Basmati_Plot
2026-07-02T07:00:00,32.088757,73.59183,7.0,9,0.442,0.212,,0.9,1.0,0.0,140.0,84.0,0.549,0.0,32.4,61.0,790.0,0.0,34.5,0.38,0.0573,Pindi_Bowra_4Acre_Basmati_Plot
2026-07-02T08:00:00,32.088757,73.591707,7.0,8,0.44,0.211,,0.9,1.0,0.0,140.0,84.0,0.576,0.0,33.2,58.0,814.0,0.0,35.3,0.372,0.0618,Pindi_Bowra_4Acre_Basmati_Plot
2026-07-02T09:00:00,32.088861,73.590725,8.0,0,0.468,0.225,,0.9,1.0,0.0,140.0,84.0,0.558,0.0,34.0,55.0,788.0,0.0,36.0,0.353,0.07049,Pindi_Bowra_4Acre_Basmati_Plot
2026-07-02T10:00:00,32.088757,73.59183,7.0,9,0.442,0.212,,0.9,1.0,0.0,140.0,84.0,0.495,0.0,34.4,54.0,687.0,0.0,36.3,0.364,0.06861,Pindi_Bowra_4Acre_Basmati_Plot
2026-07-02T11:00:00,32.088757,73.59183,7.0,9,0.442,0.212,,0.9,1.0,0.0,140.0,84.0,0.387,0.0,34.4,54.0,537.0,0.0,36.2,0.36,0.06792,Pindi_Bowra_4Acre_Basmati_Plot
2026-07-02T12:00:00,32.088861,73.590848,8.0,1,0.467,0.224,,0.9,1.0,1.68,140.0,84.0,0.288,0.0,34.7,53.0,365.0,0.0,36.5,0.327,0.06594,Pindi_Bowra_4Acre_Basmati_Plot
2026-07-02T13:00:00,32.088861,73.590725,8.0,0,0.468,0.225,,0.9,1.0,1.96,140.0,84.0,0.153,0.0,33.9,60.0,185.0,0.0,35.8,0.323,0.05931,Pindi_Bowra_4Acre_Basmati_Plot
2026-07-02T14:00:00,32.088861,73.590848,8.0,1,0.467,0.224,,0.9,1.0,2.1,140.0,84.0,0.054,0.0,32.4,69.0,55.0,0.0,34.9,0.324,0.05461,Pindi_Bowra_4Acre_Basmati_Plot
2026-07-02T15:00:00,32.088757,73.591707,7.0,8,0.44,0.211,,0.9,1.0,2.24,140.0,84.0,0.036,0.0,31.5,70.0,1.0,0.0,34.1,0.334,0.05207,Pindi_Bowra_4Acre_Basmati_Plot
2026-07-02T16:00:00,32.088861,73.590848,8.0,1,0.467,0.224,,0.9,1.0,2.24,140.0,84.0,0.027,0.0,31.0,69.0,0.0,0.0,33.5,0.323,0.04702,Pindi_Bowra_4Acre_Basmati_Plot
2026-07-02T17:00:00,32.088757,73.591707,7.0,8,0.44,0.211,,0.9,1.0,2.38,140.0,84.0,0.036,0.0,30.7,70.0,0.0,0.0,33.0,0.333,0.04623,Pindi_Bowra_4Acre_Basmati_Plot
2026-07-02T18:00:00,32.088757,73.59183,7.0,9,0.442,0.212,,0.9,1.0,1.96,140.0,84.0,0.045,0.0,31.3,69.0,0.0,0.0,32.8,0.338,0.04754,Pindi_Bowra_4Acre_Basmati_Plot
2026-07-02T19:00:00,32.088861,73.590848,8.0,1,0.467,0.224,,0.9,1.0,1.96,140.0,84.0,0.036,0.0,30.5,71.0,0.0,0.0,32.5,0.325,0.04337,Pindi_Bowra_4Acre_Basmati_Plot
2026-07-02T20:00:00,32.088861,73.590725,8.0,0,0.468,0.225,,0.9,1.0,2.1,140.0,84.0,0.036,0.0,30.0,72.0,0.0,0.0,32.2,0.322,0.04098,Pindi_Bowra_4Acre_Basmati_Plot
2026-07-02T21:00:00,32.088861,73.590848,8.0,1,0.467,0.224,,0.9,1.0,2.24,140.0,84.0,0.036,0.0,29.6,73.0,0.0,0.0,32.0,0.323,0.04047,Pindi_Bowra_4Acre_Basmati_Plot
2026-07-02T22:00:00,32.088861,73.590848,8.0,1,0.467,0.224,,0.9,1.0,2.24,140.0,84.0,0.027,0.0,29.2,75.0,0.0,0.0,31.7,0.323,0.03928,Pindi_Bowra_4Acre_Basmati_Plot
2026-07-02T23:00:00,32.088757,73.59183,7.0,9,0.442,0.212,,0.9,1.0,2.38,140.0,84.0,0.027,0.0,28.9,77.0,0.0,0.0,31.5,0.335,0.04068,Pindi_Bowra_4Acre_Basmati_Plot
2026-07-03T00:00:00,32.088861,73.590725,8.0,0,0.468,0.225,,0.9,0.977,6.3,140.0,84.0,0.026,0.0,29.0,77.0,0.0,0.0,31.4,0.291,0.02633,Pindi_Bowra_4Acre_Basmati_Plot
2026-07-03T01:00:00,32.088861,73.590848,8.0,1,0.467,0.224,,0.9,0.973,6.44,140.0,84.0,0.044,0.0,29.1,79.0,27.0,0.0,31.3,0.292,0.02638,Pindi_Bowra_4Acre_Basmati_Plot
2026-07-03T02:00:00,32.088757,73.59183,7.0,9,0.442,0.212,,0.9,0.973,6.44,140.0,84.0,0.123,0.0,30.2,77.0,139.0,0.0,31.6,0.305,0.03037,Pindi_Bowra_4Acre_Basmati_Plot
2026-07-03T03:00:00,32.088861,73.590848,8.0,1,0.467,0.224,,0.9,0.968,6.58,140.0,84.0,0.227,0.0,31.5,73.0,296.0,0.0,32.3,0.291,0.02875,Pindi_Bowra_4Acre_Basmati_Plot
2026-07-03T04:00:00,32.088757,73.59183,7.0,9,0.442,0.212,,0.9,0.964,6.72,140.0,84.0,0.347,0.0,33.0,64.0,487.0,0.0,33.3,0.303,0.03515,Pindi_Bowra_4Acre_Basmati_Plot
2026-07-03T05:00:00,32.088757,73.59183,7.0,9,0.442,0.212,,0.9,0.95,7.14,140.0,84.0,0.436,0.0,34.2,58.0,639.0,0.0,34.5,0.3,0.0382,Pindi_Bowra_4Acre_Basmati_Plot
2026-07-03T06:00:00,32.088861,73.590848,8.0,1,0.467,0.224,,0.9,0.982,6.16,140.0,84.0,0.53,0.0,34.3,54.0,759.0,0.0,35.9,0.294,0.04295,Pindi_Bowra_4Acre_Basmati_Plot
2026-07-03T07:00:00,32.088757,73.591707,7.0,8,0.44,0.211,,0.9,0.973,6.44,140.0,84.0,0.569,0.0,35.1,51.0,817.0,0.0,36.8,0.303,0.04966,Pindi_Bowra_4Acre_Basmati_Plot
2026-07-03T08:00:00,32.088757,73.59183,7.0,9,0.442,0.212,,0.9,0.959,6.86,140.0,84.0,0.57,0.0,35.8,47.0,831.0,0.0,37.5,0.302,0.05286,Pindi_Bowra_4Acre_Basmati_Plot
2026-07-03T09:00:00,32.088861,73.590848,8.0,1,0.467,0.224,,0.9,0.945,7.28,140.0,84.0,0.545,0.0,36.3,45.0,796.0,0.0,37.9,0.286,0.04678,Pindi_Bowra_4Acre_Basmati_Plot
2026-07-03T10:00:00,32.088757,73.59183,7.0,9,0.442,0.212,,0.9,0.932,7.7,140.0,84.0,0.47,0.0,36.5,44.0,686.0,0.0,38.0,0.296,0.0515,Pindi_Bowra_4Acre_Basmati_Plot
2026-07-03T11:00:00,32.088757,73.591707,7.0,8,0.44,0.211,,0.9,0.923,7.98,140.0,84.0,0.374,0.0,36.3,46.0,537.0,0.0,37.8,0.292,0.04761,Pindi_Bowra_4Acre_Basmati_Plot
2026-07-03T12:00:00,32.088861,73.590725,8.0,0,0.468,0.225,,0.9,0.809,11.48,140.0,84.0,0.204,0.0,35.7,51.0,362.0,0.0,37.7,0.255,0.02437,Pindi_Bowra_4Acre_Basmati_Plot
2026-07-03T13:00:00,32.088757,73.59183,7.0,9,0.442,0.212,,0.9,0.809,11.48,140.0,84.0,0.117,0.0,34.9,55.0,191.0,0.0,36.9,0.27,0.03035,Pindi_Bowra_4Acre_Basmati_Plot
2026-07-03T14:00:00,32.088757,73.591707,7.0,8,0.44,0.211,,0.9,0.809,11.48,140.0,84.0,0.051,0.0,33.1,65.0,56.0,0.0,35.9,0.268,0.02625,Pindi_Bowra_4Acre_Basmati_Plot
2026-07-03T15:00:00,32.088861,73.590725,8.0,0,0.468,0.225,,0.9,0.809,11.48,140.0,84.0,0.015,0.0,32.0,67.0,1.0,0.0,35.0,0.255,0.0186,Pindi_Bowra_4Acre_Basmati_Plot
2026-07-03T16:00:00,32.088757,73.59183,7.0,9,0.442,0.212,,0.9,0.809,11.48,140.0,84.0,0.007,0.0,31.3,68.0,0.0,0.0,34.3,0.27,0.0234,Pindi_Bowra_4Acre_Basmati_Plot
2026-07-03T17:00:00,32.088757,73.591584,7.0,7,0.441,0.212,,0.9,0.809,11.48,140.0,84.0,0.015,0.0,30.8,68.0,0.0,0.0,33.7,0.266,0.02023,Pindi_Bowra_4Acre_Basmati_Plot
2026-07-03T18:00:00,32.088861,73.590725,8.0,0,0.468,0.225,,0.9,0.718,14.28,140.0,84.0,0.019,2.28,31.2,61.0,0.0,0.0,33.2,0.234,0.00622,Pindi_Bowra_4Acre_Basmati_Plot
2026-07-03T19:00:00,32.088861,73.590725,8.0,0,0.468,0.225,,0.9,0.718,14.28,140.0,84.0,0.013,2.28,30.4,66.0,0.0,0.0,32.8,0.234,0.00597,Pindi_Bowra_4Acre_Basmati_Plot
2026-07-03T20:00:00,32.088757,73.59183,7.0,9,0.442,0.212,,0.9,0.718,14.28,140.0,84.0,0.013,2.28,30.2,70.0,0.0,0.0,32.5,0.249,0.01134,Pindi_Bowra_4Acre_Basmati_Plot
2026-07-03T21:00:00,32.088757,73.59183,7.0,9,0.442,0.212,,0.9,0.723,14.14,140.0,84.0,0.007,2.14,29.9,74.0,0.0,0.0,32.2,0.251,0.01176,Pindi_Bowra_4Acre_Basmati_Plot
2026-07-03T22:00:00,32.088861,73.590848,8.0,1,0.467,0.224,,0.9,0.723,14.14,140.0,84.0,0.007,2.14,29.7,75.0,0.0,0.0,32.0,0.237,0.00668,Pindi_Bowra_4Acre_Basmati_Plot
2026-07-03T23:00:00,32.088861,73.590725,8.0,0,0.468,0.225,,0.9,0.723,14.14,140.0,84.0,0.007,2.14,29.4,76.0,0.0,0.0,31.8,0.235,0.00579,Pindi_Bowra_4Acre_Basmati_Plot
2026-07-04T00:00:00,32.088861,73.590848,8.0,1,0.467,0.224,,0.9,0.695,14.98,140.0,84.0,0.019,2.98,30.1,76.0,0.0,0.0,31.8,0.232,0.00462,Pindi_Bowra_4Acre_Basmati_Plot
2026-07-04T01:00:00,32.088861,73.590848,8.0,1,0.467,0.224,,0.9,0.695,14.98,140.0,84.0,0.031,2.98,29.1,77.0,25.0,0.0,31.8,0.232,0.00462,Pindi_Bowra_4Acre_Basmati_Plot
2026-07-04T02:00:00,32.088757,73.59183,7.0,9,0.442,0.212,,0.9,0.695,14.98,140.0,84.0,0.069,2.98,29.9,76.0,138.0,0.0,32.1,0.245,0.00939,Pindi_Bowra_4Acre_Basmati_Plot
2026-07-04T03:00:00,32.088861,73.590725,8.0,0,0.468,0.225,,0.9,0.695,14.98,140.0,84.0,0.15,2.98,31.8,70.0,302.0,0.0,32.9,0.23,0.00431,Pindi_Bowra_4Acre_Basmati_Plot
2026-07-04T04:00:00,32.088757,73.591707,7.0,8,0.44,0.211,,0.9,0.691,15.12,140.0,84.0,0.236,3.12,33.6,63.0,479.0,0.0,34.0,0.242,0.00995,Pindi_Bowra_4Acre_Basmati_Plot
2026-07-04T05:00:00,32.088861,73.590725,8.0,0,0.468,0.225,,0.9,0.682,15.4,140.0,84.0,0.319,3.4,34.9,57.0,638.0,0.0,35.2,0.227,0.0038,Pindi_Bowra_4Acre_Basmati_Plot
2026-07-04T06:00:00,32.088757,73.59183,7.0,9,0.442,0.212,,0.9,0.682,15.4,140.0,84.0,0.356,3.4,35.6,51.0,719.0,0.0,36.5,0.242,0.01283,Pindi_Bowra_4Acre_Basmati_Plot
2026-07-04T07:00:00,32.088757,73.591584,7.0,7,0.441,0.212,,0.9,0.677,15.54,140.0,84.0,0.402,3.54,36.3,49.0,818.0,0.1,37.5,0.237,0.01093,Pindi_Bowra_4Acre_Basmati_Plot
2026-07-04T08:00:00,32.088861,73.590725,8.0,0,0.468,0.225,,0.9,0.668,15.82,140.0,84.0,0.397,3.82,36.6,48.0,822.0,0.0,38.2,0.224,0.00293,Pindi_Bowra_4Acre_Basmati_Plot
2026-07-04T09:00:00,32.088861,73.590725,8.0,0,0.468,0.225,,0.9,0.659,16.1,140.0,84.0,0.368,4.1,36.8,47.0,774.0,0.0,38.7,0.222,0.00154,Pindi_Bowra_4Acre_Basmati_Plot
2026-07-04T10:00:00,32.088757,73.59183,7.0,9,0.442,0.212,,0.9,0.655,16.24,140.0,84.0,0.318,4.24,36.9,45.0,655.0,0.0,38.8,0.236,0.01175,Pindi_Bowra_4Acre_Basmati_Plot
2026-07-04T11:00:00,32.088757,73.59183,7.0,9,0.442,0.212,,0.9,0.645,16.52,140.0,84.0,0.25,4.52,36.8,45.0,524.0,0.0,38.5,0.234,0.00997,Pindi_Bowra_4Acre_Basmati_Plot
2026-07-04T12:00:00,32.088861,73.590848,8.0,1,0.467,0.224,,0.9,0.673,15.68,140.0,84.0,0.182,3.68,37.3,46.0,365.0,0.0,38.2,0.227,0.00511,Pindi_Bowra_4Acre_Basmati_Plot
2026-07-04T13:00:00,32.088757,73.592075,7.0,11,0.454,0.218,,0.9,0.668,15.82,140.0,84.0,0.114,3.82,36.0,56.0,190.0,0.0,37.5,0.243,0.01523,Pindi_Bowra_4Acre_Basmati_Plot
2026-07-04T14:00:00,32.088757,73.59183,7.0,9,0.442,0.212,,0.9,0.668,15.82,140.0,84.0,0.054,3.82,34.1,61.0,57.0,0.0,36.6,0.239,0.01119,Pindi_Bowra_4Acre_Basmati_Plot
2026-07-04T15:00:00,32.088757,73.591707,7.0,8,0.44,0.211,,0.9,0.668,15.82,140.0,84.0,0.018,3.82,32.9,66.0,1.0,0.0,35.7,0.237,0.00911,Pindi_Bowra_4Acre_Basmati_Plot
2026-07-04T16:00:00,32.088861,73.590725,8.0,0,0.468,0.225,,0.9,0.673,15.68,140.0,84.0,0.012,3.68,32.4,68.0,0.0,0.0,34.9,0.225,0.00263,Pindi_Bowra_4Acre_Basmati_Plot
2026-07-04T17:00:00,32.088757,73.59183,7.0,9,0.442,0.212,,0.9,0.673,15.68,140.0,84.0,0.03,3.68,32.2,68.0,0.0,0.0,34.4,0.24,0.00946,Pindi_Bowra_4Acre_Basmati_Plot
2026-07-04T18:00:00,32.088757,73.59183,7.0,9,0.442,0.212,,0.9,0.668,15.82,140.0,84.0,0.018,3.82,32.0,71.0,0.0,0.0,34.1,0.239,0.00872,Pindi_Bowra_4Acre_Basmati_Plot
2026-07-04T19:00:00,32.088861,73.590848,8.0,1,0.467,0.224,,0.9,0.668,15.82,140.0,84.0,0.018,3.82,31.6,71.0,0.0,0.0,33.8,0.226,0.00282,Pindi_Bowra_4Acre_Basmati_Plot
2026-07-04T20:00:00,32.088861,73.590725,8.0,0,0.468,0.225,,0.9,0.668,15.82,140.0,84.0,0.03,3.82,31.6,70.0,0.0,0.0,33.5,0.224,0.00183,Pindi_Bowra_4Acre_Basmati_Plot
2026-07-04T21:00:00,32.088861,73.590848,8.0,1,0.467,0.224,,0.9,0.668,15.82,140.0,84.0,0.024,3.82,31.3,71.0,0.0,0.0,33.3,0.226,0.00268,Pindi_Bowra_4Acre_Basmati_Plot
2026-07-04T22:00:00,32.088861,73.590848,8.0,1,0.467,0.224,,0.9,0.673,15.68,140.0,84.0,0.024,3.68,31.0,72.0,0.0,0.0,33.0,0.227,0.00304,Pindi_Bowra_4Acre_Basmati_Plot
2026-07-04T23:00:00,32.088757,73.59183,7.0,9,0.442,0.212,,0.9,0.673,15.68,140.0,84.0,0.012,3.68,30.5,74.0,0.0,0.0,32.8,0.24,0.00806,Pindi_Bowra_4Acre_Basmati_Plot
2026-07-05T00:00:00,32.088861,73.590725,8.0,0,0.468,0.225,,0.9,0.691,15.12,140.0,84.0,0.0,3.12,30.9,77.0,0.0,0.0,32.5,0.229,0.00373,Pindi_Bowra_4Acre_Basmati_Plot
2026-07-05T01:00:00,32.088757,73.59183,7.0,9,0.442,0.212,,0.9,0.691,15.12,140.0,84.0,0.031,3.12,30.7,77.0,26.0,0.0,32.4,0.244,0.00929,Pindi_Bowra_4Acre_Basmati_Plot
2026-07-05T02:00:00,32.088861,73.590848,8.0,1,0.467,0.224,,0.9,0.691,15.12,140.0,84.0,0.087,3.12,31.9,72.0,138.0,0.0,32.8,0.231,0.00468,Pindi_Bowra_4Acre_Basmati_Plot
2026-07-05T03:00:00,32.088757,73.592075,7.0,11,0.454,0.218,,0.9,0.686,15.26,140.0,84.0,0.167,3.26,33.2,65.0,306.0,0.0,33.6,0.247,0.0121,Pindi_Bowra_4Acre_Basmati_Plot
2026-07-05T04:00:00,32.088757,73.59183,7.0,9,0.442,0.212,,0.9,0.682,15.4,140.0,84.0,0.252,3.4,34.2,63.0,485.0,0.0,34.6,0.242,0.01061,Pindi_Bowra_4Acre_Basmati_Plot
2026-07-05T05:00:00,32.088757,73.59183,7.0,9,0.442,0.212,,0.9,0.677,15.54,140.0,84.0,0.323,3.54,35.4,60.0,648.0,0.0,35.8,0.241,0.01142,Pindi_Bowra_4Acre_Basmati_Plot
2026-07-05T06:00:00,32.088861,73.590848,8.0,1,0.467,0.224,,0.9,0.777,12.46,140.0,84.0,0.434,0.46,35.9,54.0,762.0,0.0,36.9,0.249,0.0186,Pindi_Bowra_4Acre_Basmati_Plot
2026-07-05T07:00:00,32.088861,73.590725,8.0,0,0.468,0.225,,0.9,0.764,12.88,140.0,84.0,0.447,0.88,36.7,49.0,784.0,0.0,37.8,0.244,0.01688,Pindi_Bowra_4Acre_Basmati_Plot
2026-07-05T08:00:00,32.088757,73.591707,7.0,8,0.44,0.211,,0.9,0.755,13.16,140.0,84.0,0.435,1.16,37.0,47.0,776.0,0.0,38.3,0.256,0.02502,Pindi_Bowra_4Acre_Basmati_Plot
2026-07-05T09:00:00,32.088861,73.590725,8.0,0,0.468,0.225,,0.9,0.741,13.58,140.0,84.0,0.407,1.58,37.2,45.0,714.0,0.0,38.7,0.239,0.01462,Pindi_Bowra_4Acre_Basmati_Plot
2026-07-05T10:00:00,32.088757,73.59183,7.0,9,0.442,0.212,,0.9,0.732,13.86,140.0,84.0,0.362,1.86,37.3,43.0,644.0,0.0,38.7,0.253,0.02398,Pindi_Bowra_4Acre_Basmati_Plot
2026-07-05T11:00:00,32.088757,73.591584,7.0,7,0.441,0.212,,0.9,0.727,14.0,140.0,84.0,0.288,2.0,37.1,43.0,510.0,0.0,38.4,0.247,0.019,Pindi_Bowra_4Acre_Basmati_Plot
2026-07-05T12:00:00,32.088861,73.590725,8.0,0,0.468,0.225,,0.9,0.695,14.98,140.0,84.0,0.207,2.98,37.4,47.0,358.0,0.0,38.0,0.23,0.00718,Pindi_Bowra_4Acre_Basmati_Plot
2026-07-05T13:00:00,32.088861,73.590725,8.0,0,0.468,0.225,,0.9,0.695,14.98,140.0,84.0,0.106,2.98,36.2,56.0,178.0,0.0,37.4,0.23,0.00676,Pindi_Bowra_4Acre_Basmati_Plot
2026-07-05T14:00:00,32.088757,73.59183,7.0,9,0.442,0.212,,0.9,0.695,14.98,140.0,84.0,0.038,2.98,35.1,59.0,56.0,0.0,36.6,0.245,0.01473,Pindi_Bowra_4Acre_Basmati_Plot
2026-07-05T15:00:00,32.088757,73.591707,7.0,8,0.44,0.211,,0.9,0.695,14.98,140.0,84.0,0.013,2.98,33.8,64.0,1.0,0.0,35.7,0.243,0.01233,Pindi_Bowra_4Acre_Basmati_Plot
2026-07-05T16:00:00,32.088861,73.590725,8.0,0,0.468,0.225,,0.9,0.695,14.98,140.0,84.0,0.025,2.98,33.1,62.0,0.0,0.0,35.0,0.23,0.00532,Pindi_Bowra_4Acre_Basmati_Plot
2026-07-05T17:00:00,32.088757,73.59183,7.0,9,0.442,0.212,,0.9,0.695,14.98,140.0,84.0,0.044,2.98,33.1,58.0,0.0,0.0,34.5,0.245,0.01194,Pindi_Bowra_4Acre_Basmati_Plot
2026-07-05T18:00:00,32.088757,73.591584,7.0,7,0.441,0.212,,0.9,0.614,17.5,140.0,84.0,0.033,5.5,33.6,60.0,0.0,0.0,34.1,0.223,0.00137,Pindi_Bowra_4Acre_Basmati_Plot
2026-07-05T19:00:00,32.088861,73.590725,8.0,0,0.468,0.225,,0.9,0.614,17.5,140.0,84.0,0.028,5.5,32.5,66.0,0.0,0.0,33.9,0.211,0.0,Pindi_Bowra_4Acre_Basmati_Plot
2026-07-05T20:00:00,32.088757,73.591707,7.0,8,0.44,0.211,,0.9,0.614,17.5,140.0,84.0,0.022,5.5,32.1,69.0,0.0,0.0,33.6,0.225,0.00217,Pindi_Bowra_4Acre_Basmati_Plot
2026-07-05T21:00:00,32.088861,73.590848,8.0,1,0.467,0.224,,0.9,0.614,17.5,140.0,84.0,0.022,5.5,32.0,69.0,0.0,0.0,33.4,0.213,0.0,Pindi_Bowra_4Acre_Basmati_Plot
2026-07-05T22:00:00,32.088861,73.590848,8.0,1,0.467,0.224,,0.9,0.614,17.5,140.0,84.0,0.017,5.5,31.7,70.0,0.0,0.0,33.2,0.213,0.0,Pindi_Bowra_4Acre_Basmati_Plot
2026-07-05T23:00:00,32.088757,73.59183,7.0,9,0.442,0.212,,0.9,0.614,17.5,140.0,84.0,0.017,5.5,31.5,71.0,0.0,0.0,33.1,0.227,0.00291,Pindi_Bowra_4Acre_Basmati_Plot
2026-07-06T00:00:00,32.088861,73.590848,8.0,1,0.467,0.224,,0.9,0.732,13.86,140.0,84.0,0.013,1.86,30.8,78.0,0.0,0.1,32.7,0.239,0.00801,Pindi_Bowra_4Acre_Basmati_Plot
2026-07-06T01:00:00,32.088757,73.59183,7.0,9,0.442,0.212,,0.9,0.732,13.86,140.0,84.0,0.059,1.86,28.3,81.0,25.0,0.0,32.5,0.253,0.0129,Pindi_Bowra_4Acre_Basmati_Plot
2026-07-06T02:00:00,32.088757,73.59183,7.0,9,0.442,0.212,,0.9,0.732,13.86,140.0,84.0,0.059,1.86,27.7,85.0,91.0,0.0,32.1,0.253,0.0124,Pindi_Bowra_4Acre_Basmati_Plot
2026-07-06T03:00:00,32.088861,73.590848,8.0,1,0.467,0.224,,0.9,0.727,14.0,140.0,84.0,0.151,2.0,30.3,76.0,280.0,0.0,32.7,0.238,0.00759,Pindi_Bowra_4Acre_Basmati_Plot
2026-07-06T04:00:00,32.088757,73.59183,7.0,9,0.442,0.212,,0.9,0.727,14.0,140.0,84.0,0.249,2.0,32.4,70.0,461.0,0.0,33.6,0.252,0.01397,Pindi_Bowra_4Acre_Basmati_Plot
2026-07-06T05:00:00,32.088757,73.591707,7.0,8,0.44,0.211,,0.9,0.718,14.28,140.0,84.0,0.323,2.28,34.0,65.0,600.0,0.0,34.7,0.247,0.01309,Pindi_Bowra_4Acre_Basmati_Plot
2026-07-06T06:00:00,32.088861,73.590725,8.0,0,0.468,0.225,,0.9,0.941,7.42,140.0,84.0,0.5,0.0,33.3,65.0,748.0,0.0,35.9,0.283,0.03664,Pindi_Bowra_4Acre_Basmati_Plot
2026-07-06T07:00:00,32.088757,73.59183,7.0,9,0.442,0.212,,0.9,0.927,7.84,140.0,84.0,0.542,0.0,34.3,61.0,808.0,0.0,36.7,0.295,0.04463,Pindi_Bowra_4Acre_Basmati_Plot
2026-07-06T08:00:00,32.088757,73.591584,7.0,7,0.441,0.212,,0.9,0.914,8.26,140.0,84.0,0.559,0.0,35.0,58.0,833.0,0.0,37.3,0.289,0.0435,Pindi_Bowra_4Acre_Basmati_Plot
2026-07-06T09:00:00,32.088861,73.590725,8.0,0,0.468,0.225,,0.9,0.9,8.68,140.0,84.0,0.527,0.0,35.4,57.0,782.0,0.0,37.8,0.275,0.03868,Pindi_Bowra_4Acre_Basmati_Plot
2026-07-06T10:00:00,32.088861,73.590725,8.0,0,0.468,0.225,,0.9,0.891,8.96,140.0,84.0,0.457,0.0,35.6,55.0,678.0,0.0,37.9,0.273,0.03765,Pindi_Bowra_4Acre_Basmati_Plot
2026-07-06T11:00:00,32.088757,73.591952,7.0,10,0.447,0.215,,0.9,0.877,9.38,140.0,84.0,0.355,0.0,35.6,55.0,538.0,0.0,37.8,0.287,0.04501,Pindi_Bowra_4Acre_Basmati_Plot
2026-07-06T12:00:00,32.088757,73.591707,7.0,8,0.44,0.211,,0.9,0.791,12.04,140.0,84.0,0.214,0.04,35.8,51.0,345.0,0.0,37.8,0.264,0.02909,Pindi_Bowra_4Acre_Basmati_Plot
2026-07-06T13:00:00,32.088757,73.591707,7.0,8,0.44,0.211,,0.9,0.786,12.18,140.0,84.0,0.113,0.18,35.2,55.0,184.0,0.0,37.1,0.263,0.02651,Pindi_Bowra_4Acre_Basmati_Plot
2026-07-06T14:00:00,32.088757,73.591584,7.0,7,0.441,0.212,,0.9,0.786,12.18,140.0,84.0,0.035,0.18,33.7,70.0,51.0,0.0,36.3,0.261,0.02339,Pindi_Bowra_4Acre_Basmati_Plot
2026-07-06T15:00:00,32.088861,73.590848,8.0,1,0.467,0.224,,0.9,0.786,12.18,140.0,84.0,0.007,0.18,33.0,70.0,1.0,0.0,35.4,0.252,0.01767,Pindi_Bowra_4Acre_Basmati_Plot
2026-07-06T16:00:00,32.088861,73.590725,8.0,0,0.468,0.225,,0.9,0.786,12.18,140.0,84.0,0.021,0.18,32.3,70.0,0.0,0.0,34.8,0.249,0.01511,Pindi_Bowra_4Acre_Basmati_Plot
2026-07-06T17:00:00,32.088757,73.591461,7.0,6,0.445,0.214,,0.9,0.786,12.18,140.0,84.0,0.035,0.18,32.1,68.0,0.0,0.0,34.3,0.259,0.01838,Pindi_Bowra_4Acre_Basmati_Plot
2026-07-06T18:00:00,32.088757,73.591584,7.0,7,0.441,0.212,,0.9,0.845,10.36,140.0,84.0,0.008,0.0,31.2,74.0,0.0,0.0,33.7,0.274,0.02375,Pindi_Bowra_4Acre_Basmati_Plot
2026-07-06T19:00:00,32.088757,73.591707,7.0,8,0.44,0.211,,0.9,0.845,10.36,140.0,84.0,0.0,0.0,30.3,80.0,0.0,0.0,33.2,0.276,0.02338,Pindi_Bowra_4Acre_Basmati_Plot
2026-07-06T20:00:00,32.088861,73.590725,8.0,0,0.468,0.225,,0.9,0.845,10.36,140.0,84.0,0.0,0.0,29.8,81.0,0.0,0.0,32.8,0.263,0.01834,Pindi_Bowra_4Acre_Basmati_Plot
2026-07-06T21:00:00,32.088757,73.59183,7.0,9,0.442,0.212,,0.9,0.845,10.36,140.0,84.0,0.015,0.0,29.7,79.0,0.0,0.0,32.5,0.278,0.02268,Pindi_Bowra_4Acre_Basmati_Plot
2026-07-06T22:00:00,32.088757,73.591584,7.0,7,0.441,0.212,,0.9,0.841,10.5,140.0,84.0,0.015,0.0,29.6,77.0,0.0,0.0,32.3,0.273,0.02027,Pindi_Bowra_4Acre_Basmati_Plot
2026-07-06T23:00:00,32.088861,73.590725,8.0,0,0.468,0.225,,0.9,0.841,10.5,140.0,84.0,0.015,0.0,29.2,77.0,0.0,0.0,32.1,0.262,0.0167,Pindi_Bowra_4Acre_Basmati_Plot
2026-07-07T00:00:00,32.088861,73.590725,8.0,0,0.468,0.225,,0.9,0.791,12.04,140.0,84.0,0.007,0.04,25.1,92.0,0.0,0.0,31.8,0.251,0.01197,Pindi_Bowra_4Acre_Basmati_Plot
2026-07-07T01:00:00,32.088757,73.591952,7.0,10,0.447,0.215,,0.9,0.895,8.82,140.0,84.0,0.016,0.0,26.3,93.0,5.0,1.7,30.5,0.291,0.02298,Pindi_Bowra_4Acre_Basmati_Plot
2026-07-07T02:00:00,32.088757,73.591707,7.0,8,0.44,0.211,,0.9,0.923,7.98,140.0,84.0,0.058,0.0,26.6,93.0,91.0,0.6,30.1,0.292,0.02204,Pindi_Bowra_4Acre_Basmati_Plot
2026-07-07T03:00:00,32.088757,73.591707,7.0,8,0.44,0.211,,0.9,0.923,7.98,140.0,84.0,0.149,0.0,28.2,86.0,251.0,0.0,30.7,0.292,0.02341,Pindi_Bowra_4Acre_Basmati_Plot
2026-07-07T04:00:00,32.088757,73.591584,7.0,7,0.441,0.212,,0.9,0.918,8.12,140.0,84.0,0.273,0.0,29.6,79.0,446.0,0.0,31.8,0.289,0.0251,Pindi_Bowra_4Acre_Basmati_Plot
2026-07-07T05:00:00,32.088861,73.590848,8.0,1,0.467,0.224,,0.9,0.909,8.4,140.0,84.0,0.376,0.0,31.2,73.0,613.0,0.0,33.2,0.279,0.02614,Pindi_Bowra_4Acre_Basmati_Plot
2026-07-07T06:00:00,32.088861,73.590725,8.0,0,0.468,0.225,,0.9,0.659,16.1,140.0,84.0,0.356,4.1,34.5,63.0,744.0,0.0,35.1,0.222,0.00107,Pindi_Bowra_4Acre_Basmati_Plot
2026-07-07T07:00:00,32.088757,73.591461,7.0,6,0.445,0.214,,0.9,0.645,16.52,140.0,84.0,0.401,4.52,35.6,57.0,839.0,0.0,36.3,0.228,0.0046,Pindi_Bowra_4Acre_Basmati_Plot
2026-07-07T08:00:00,32.088757,73.591584,7.0,7,0.441,0.212,,0.9,0.636,16.8,140.0,84.0,0.384,4.8,36.0,56.0,810.0,0.0,37.3,0.228,0.00504,Pindi_Bowra_4Acre_Basmati_Plot
2026-07-07T09:00:00,32.088861,73.590848,8.0,1,0.467,0.224,,0.9,0.627,17.08,140.0,84.0,0.356,5.08,36.4,54.0,746.0,0.0,37.8,0.216,0.0,Pindi_Bowra_4Acre_Basmati_Plot
2026-07-07T10:00:00,32.088757,73.59183,7.0,9,0.442,0.212,,0.9,0.623,17.22,140.0,84.0,0.291,5.22,36.5,51.0,611.0,0.0,38.0,0.229,0.0061,Pindi_Bowra_4Acre_Basmati_Plot
2026-07-07T11:00:00,32.088861,73.590848,8.0,1,0.467,0.224,,0.9,0.614,17.5,140.0,84.0,0.237,5.5,36.3,51.0,506.0,0.0,37.9,0.213,0.0,Pindi_Bowra_4Acre_Basmati_Plot
2026-07-07T12:00:00,32.088757,73.59183,7.0,9,0.442,0.212,,0.9,0.814,11.34,140.0,84.0,0.212,0.0,36.6,54.0,338.0,0.0,37.6,0.271,0.03321,Pindi_Bowra_4Acre_Basmati_Plot
2026-07-07T13:00:00,32.088757,73.59183,7.0,9,0.442,0.212,,0.9,0.809,11.48,140.0,84.0,0.117,0.0,35.6,60.0,182.0,0.0,36.9,0.27,0.03035,Pindi_Bowra_4Acre_Basmati_Plot
2026-07-07T14:00:00,32.088861,73.590848,8.0,1,0.467,0.224,,0.9,0.809,11.48,140.0,84.0,0.036,0.0,34.0,69.0,51.0,0.0,36.1,0.257,0.02191,Pindi_Bowra_4Acre_Basmati_Plot
2026-07-07T15:00:00,32.088757,73.591707,7.0,8,0.44,0.211,,0.9,0.809,11.48,140.0,84.0,0.0,0.0,33.6,69.0,1.0,0.0,35.3,0.268,0.02472,Pindi_Bowra_4Acre_Basmati_Plot
2026-07-07T16:00:00,32.088757,73.591707,7.0,8,0.44,0.211,,0.9,0.809,11.48,140.0,84.0,0.007,0.0,32.8,70.0,0.0,0.0,34.6,0.268,0.02305,Pindi_Bowra_4Acre_Basmati_Plot
2026-07-07T17:00:00,32.088861,73.590725,8.0,0,0.468,0.225,,0.9,0.809,11.48,140.0,84.0,0.007,0.0,31.9,73.0,0.0,0.0,34.1,0.255,0.017,Pindi_Bowra_4Acre_Basmati_Plot
2026-07-07T18:00:00,32.088757,73.59183,7.0,9,0.442,0.212,,0.9,0.818,11.2,140.0,84.0,0.044,0.0,32.6,66.0,0.0,0.0,33.8,0.272,0.02315,Pindi_Bowra_4Acre_Basmati_Plot
2026-07-07T19:00:00,32.088861,73.590848,8.0,1,0.467,0.224,,0.9,0.818,11.2,140.0,84.0,0.044,0.0,31.7,66.0,0.0,0.0,33.5,0.259,0.0178,Pindi_Bowra_4Acre_Basmati_Plot
2026-07-07T20:00:00,32.088861,73.590725,8.0,0,0.468,0.225,,0.9,0.823,11.06,140.0,84.0,0.022,0.0,31.1,70.0,0.0,0.1,33.1,0.258,0.0167,Pindi_Bowra_4Acre_Basmati_Plot
2026-07-07T21:00:00,32.088757,73.591093,7.0,3,0.467,0.224,,0.9,0.823,11.06,140.0,84.0,0.015,0.0,30.4,74.0,0.0,0.0,32.6,0.261,0.01711,Pindi_Bowra_4Acre_Basmati_Plot
2026-07-07T22:00:00,32.0886,73.5914,30.0,75,0.0,30.0,26.1,0.04,1973.26,,,,,,,,,,,,,
2026-07-07T23:00:00,32.0886,73.5914,29.7,74,0.0,30.0,26.1,0.04,1955.43,,,,,,,,,,,,,
2026-07-08T00:00:00,32.0886,73.5914,28.9,87,0.0,30.0,22.5,0.01,1958.66,,,,,,,,,,,,,
2026-07-08T01:00:00,32.0886,73.5914,28.9,83,3.0,30.0,22.5,0.06,1958.0,,,,,,,,,,,,,
2026-07-08T02:00:00,32.0886,73.5914,29.5,81,45.0,30.0,22.5,0.12,1972.0,,,,,,,,,,,,,
2026-07-08T03:00:00,32.0886,73.5914,31.1,76,155.0,30.0,22.5,0.24,1974.74,,,,,,,,,,,,,
2026-07-08T04:00:00,32.0886,73.5914,32.3,72,286.0,30.0,22.4,0.38,1966.83,,,,,,,,,,,,,
2026-07-08T05:00:00,32.0886,73.5914,33.5,67,406.0,30.0,22.2,0.51,1960.99,,,,,,,,,,,,,
2026-07-08T06:00:00,32.0886,73.5914,34.9,57,462.0,30.0,22.6,0.61,1970.74,,,,,,,,,,,,,
2026-07-08T07:00:00,32.0886,73.5914,36.2,51,534.0,30.0,22.3,0.65,1965.52,,,,,,,,,,,,,
2026-07-08T08:00:00,32.0886,73.5914,35.5,53,470.0,30.0,22.1,0.61,1964.93,,,,,,,,,,,,,
2026-07-08T09:00:00,32.0886,73.5914,35.4,52,436.0,30.0,22.0,0.58,1966.38,,,,,,,,,,,,,
2026-07-08T10:00:00,32.0886,73.5914,36.0,50,315.0,30.0,21.8,0.5,1958.66,,,,,,,,,,,,,
2026-07-08T11:00:00,32.0886,73.5914,35.4,52,312.0,30.0,22.9,0.43,1971.54,,,,,,,,,,,,,
2026-07-08T12:00:00,32.0886,73.5914,34.2,52,179.0,30.0,23.3,0.31,1966.25,,,,,,,,,,,,,
2026-07-08T13:00:00,32.0886,73.5914,33.1,59,80.0,30.0,23.200000000000003,0.19,1955.1,,,,,,,,,,,,,
2026-07-08T14:00:00,32.0886,73.5914,31.6,64,12.0,30.0,23.200000000000003,0.09,1969.1,,,,,,,,,,,,,
2026-07-08T15:00:00,32.0886,73.5914,30.8,68,0.0,30.0,23.200000000000003,0.06,1965.57,,,,,,,,,,,,,
2026-07-08T16:00:00,32.0886,73.5914,30.1,73,0.0,30.0,23.200000000000003,0.04,1970.13,,,,,,,,,,,,,
2026-07-08T17:00:00,32.0886,73.5914,29.3,77,0.0,30.0,23.200000000000003,0.04,1964.7,,,,,,,,,,,,,
2026-07-08T18:00:00,32.0886,73.5914,27.7,81,0.0,30.0,23.200000000000003,0.03,1960.2,,,,,,,,,,,,,
2026-07-08T19:00:00,32.0886,73.5914,27.2,81,0.0,30.0,23.1,0.02,1965.71,,,,,,,,,,,,,
2026-07-08T20:00:00,32.0886,73.5914,27.0,81,0.0,30.0,23.1,0.01,1964.78,,,,,,,,,,,,,
2026-07-08T21:00:00,32.0886,73.5914,26.6,83,0.0,30.0,23.1,0.01,1968.29,,,,,,,,,,,,,
2026-07-08T22:00:00,32.0886,73.5914,26.3,85,0.0,30.0,23.1,0.01,1963.28,,,,,,,,,,,,,
2026-07-08T23:00:00,32.0886,73.5914,26.1,86,0.0,30.0,23.1,0.01,1970.01,,,,,,,,,,,,,
2026-07-09T00:00:00,32.0886,73.5914,27.0,84,0.0,30.0,27.4,0.01,1966.6,,,,,,,,,,,,,
2026-07-09T01:00:00,32.0886,73.5914,27.1,85,3.0,30.0,27.4,0.03,1966.23,,,,,,,,,,,,,
2026-07-09T02:00:00,32.0886,73.5914,28.3,81,42.0,30.0,27.3,0.1,1968.5,,,,,,,,,,,,,
2026-07-09T03:00:00,32.0886,73.5914,29.7,77,146.0,30.0,27.200000000000003,0.22,1968.94,,,,,,,,,,,,,
2026-07-09T04:00:00,32.0886,73.5914,31.3,73,282.0,30.0,27.1,0.36,1963.39,,,,,,,,,,,,,
2026-07-09T05:00:00,32.0886,73.5914,32.7,67,411.0,30.0,26.9,0.49,1965.71,,,,,,,,,,,,,
2026-07-09T06:00:00,32.0886,73.5914,33.5,60,513.0,30.0,27.0,0.59,1966.93,,,,,,,,,,,,,
2026-07-09T07:00:00,32.0886,73.5914,34.6,57,497.0,30.0,26.700000000000003,0.61,1966.34,,,,,,,,,,,,,
2026-07-09T08:00:00,32.0886,73.5914,35.3,54,526.0,30.0,26.5,0.63,1973.95,,,,,,,,,,,,,
2026-07-09T09:00:00,32.0886,73.5914,35.5,53,439.0,30.0,26.3,0.57,1964.85,,,,,,,,,,,,,
2026-07-09T10:00:00,32.0886,73.5914,35.7,52,368.0,30.0,26.0,0.5,1970.92,,,,,,,,,,,,,
2026-07-09T11:00:00,32.0886,73.5914,35.7,52,302.0,30.0,25.9,0.42,1959.01,,,,,,,,,,,,,
2026-07-09T12:00:00,32.0886,73.5914,36.2,51,185.0,30.0,26.1,0.31,1973.14,,,,,,,,,,,,,
2026-07-09T13:00:00,32.0886,73.5914,34.6,61,60.0,30.0,26.0,0.18,1966.93,,,,,,,,,,,,,
2026-07-09T14:00:00,32.0886,73.5914,33.0,62,9.0,30.0,25.9,0.1,1969.08,,,,,,,,,,,,,
2026-07-09T15:00:00,32.0886,73.5914,32.3,63,0.0,30.0,25.9,0.06,1966.95,,,,,,,,,,,,,
2026-07-09T16:00:00,32.0886,73.5914,32.2,63,0.0,30.0,25.9,0.07,1960.69,,,,,,,,,,,,,
2026-07-09T17:00:00,32.0886,73.5914,32.0,64,0.0,30.0,25.8,0.08,1961.97,,,,,,,,,,,,,
2026-07-09T18:00:00,32.0886,73.5914,31.9,67,0.0,30.0,24.6,0.1,1966.56,,,,,,,,,,,,,
2026-07-09T19:00:00,32.0886,73.5914,30.9,71,0.0,30.0,24.6,0.07,1972.84,,,,,,,,,,,,,
2026-07-09T20:00:00,32.0886,73.5914,30.1,76,0.0,30.0,24.6,0.05,1961.58,,,,,,,,,,,,,
2026-07-09T21:00:00,32.0886,73.5914,29.4,78,0.0,30.0,24.6,0.04,1957.92,,,,,,,,,,,,,
2026-07-09T22:00:00,32.0886,73.5914,29.0,79,0.0,30.0,24.6,0.03,1961.78,,,,,,,,,,,,,
2026-07-09T23:00:00,32.0886,73.5914,27.6,85,0.0,30.0,25.0,0.02,1960.43,,,,,,,,,,,,,
2026-07-10T00:00:00,32.0886,73.5914,26.4,91,0.0,30.0,27.700000000000003,0.02,1962.18,,,,,,,,,,,,,
2026-07-10T01:00:00,32.0886,73.5914,26.7,86,2.0,30.0,27.6,0.04,1961.02,,,,,,,,,,,,,
2026-07-10T02:00:00,32.0886,73.5914,27.8,80,39.0,30.0,27.6,0.11,1964.77,,,,,,,,,,,,,
2026-07-10T03:00:00,32.0886,73.5914,29.3,74,136.0,30.0,27.500000000000004,0.23,1963.56,,,,,,,,,,,,,
2026-07-10T04:00:00,32.0886,73.5914,31.0,69,266.0,30.0,27.3,0.36,1971.5,,,,,,,,,,,,,
2026-07-10T05:00:00,32.088548,73.59183,5.0,9,0.459,0.22,,0.9,0.868,9.66,140.0,84.0,0.383,0.0,32.7,64.0,624.0,0.0,33.4,0.277,0.02532,Pindi_Bowra_4Acre_Basmati_Plot
2026-07-10T06:00:00,32.088339,73.590848,3.0,1,0.496,0.238,,0.9,1.0,4.34,140.0,84.0,0.531,0.0,33.2,64.0,753.0,0.0,34.7,0.292,0.03936,Pindi_Bowra_4Acre_Basmati_Plot
2026-07-10T07:00:00,32.088548,73.591339,5.0,5,0.469,0.225,,0.9,1.0,4.9,140.0,84.0,0.594,0.0,34.5,60.0,822.0,0.0,35.8,0.302,0.04732,Pindi_Bowra_4Acre_Basmati_Plot
2026-07-10T08:00:00,32.088548,73.591584,5.0,7,0.458,0.22,,0.9,1.0,5.46,140.0,84.0,0.603,0.0,35.2,58.0,834.0,0.0,36.7,0.302,0.05056,Pindi_Bowra_4Acre_Basmati_Plot
2026-07-10T09:00:00,32.089174,73.590725,11.0,0,0.441,0.212,,0.9,0.991,5.88,140.0,84.0,0.553,0.0,35.8,55.0,747.0,0.0,37.1,0.303,0.05129,Pindi_Bowra_4Acre_Basmati_Plot
2026-07-10T10:00:00,32.088548,73.59183,5.0,9,0.459,0.22,,0.9,0.977,6.3,140.0,84.0,0.44,0.0,35.8,54.0,578.0,0.0,37.1,0.3,0.05145,Pindi_Bowra_4Acre_Basmati_Plot
2026-07-10T11:00:00,32.08907,73.592075,10.0,11,0.421,0.202,,0.9,0.968,6.58,140.0,84.0,0.357,0.0,35.6,54.0,457.0,0.0,36.8,0.318,0.0561,Pindi_Bowra_4Acre_Basmati_Plot
2026-07-10T12:00:00,32.088548,73.591339,5.0,5,0.469,0.225,,0.9,0.9,8.68,140.0,84.0,0.235,0.0,36.2,51.0,328.0,0.0,36.5,0.276,0.03466,Pindi_Bowra_4Acre_Basmati_Plot
2026-07-10T13:00:00,32.08907,73.592075,10.0,11,0.421,0.202,,0.9,0.895,8.82,140.0,84.0,0.153,0.0,34.6,61.0,177.0,0.0,35.9,0.302,0.0429,Pindi_Bowra_4Acre_Basmati_Plot
2026-07-10T14:00:00,32.08907,73.592075,10.0,11,0.421,0.202,,0.9,0.891,8.96,140.0,84.0,0.112,0.0,33.4,62.0,53.0,0.0,35.2,0.301,0.03951,Pindi_Bowra_4Acre_Basmati_Plot
2026-07-10T15:00:00,32.088548,73.59183,5.0,9,0.459,0.22,,0.9,0.891,8.96,140.0,84.0,0.064,0.0,30.8,68.0,1.0,0.0,34.4,0.282,0.03044,Pindi_Bowra_4Acre_Basmati_Plot
2026-07-10T16:00:00,32.08907,73.591584,10.0,7,0.408,0.196,,0.9,0.886,9.1,140.0,84.0,0.04,0.0,30.0,71.0,0.0,0.0,33.7,0.292,0.0293,Pindi_Bowra_4Acre_Basmati_Plot
2026-07-10T17:00:00,32.088548,73.591339,5.0,5,0.469,0.225,,0.9,0.886,9.1,140.0,84.0,0.04,0.0,29.6,73.0,0.0,0.0,33.1,0.273,0.02335,Pindi_Bowra_4Acre_Basmati_Plot
2026-07-10T18:00:00,32.088548,73.591461,5.0,6,0.463,0.222,,0.9,0.936,7.56,140.0,84.0,0.025,0.0,27.8,80.0,0.0,0.0,32.6,0.285,0.02689,Pindi_Bowra_4Acre_Basmati_Plot
2026-07-10T19:00:00,32.088548,73.59183,5.0,9,0.459,0.22,,0.9,0.941,7.42,140.0,84.0,0.025,0.0,27.9,82.0,0.0,0.2,31.5,0.292,0.02645,Pindi_Bowra_4Acre_Basmati_Plot
2026-07-10T20:00:00,32.08907,73.592075,10.0,11,0.421,0.202,,0.9,0.941,7.42,140.0,84.0,0.025,0.0,28.1,82.0,0.0,0.0,31.0,0.311,0.02917,Pindi_Bowra_4Acre_Basmati_Plot
2026-07-10T21:00:00,32.088548,73.591339,5.0,5,0.469,0.225,,0.9,0.941,7.42,140.0,84.0,0.025,0.0,28.1,81.0,0.0,0.0,30.8,0.284,0.0224,Pindi_Bowra_4Acre_Basmati_Plot
2026-07-10T22:00:00,32.088548,73.591461,5.0,6,0.463,0.222,,0.9,0.936,7.56,140.0,84.0,0.017,0.0,28.1,80.0,0.0,0.0,30.7,0.285,0.02224,Pindi_Bowra_4Acre_Basmati_Plot
2026-07-10T23:00:00,32.088548,73.591339,5.0,5,0.469,0.225,,0.9,0.936,7.56,140.0,84.0,0.025,0.0,28.1,81.0,0.0,0.0,30.7,0.283,0.02183,Pindi_Bowra_4Acre_Basmati_Plot
2026-07-11T00:00:00,32.088548,73.591461,5.0,6,0.463,0.222,,0.9,0.914,8.26,140.0,84.0,0.016,0.0,26.3,82.0,0.0,0.0,31.0,0.281,0.0215,Pindi_Bowra_4Acre_Basmati_Plot
2026-07-11T01:00:00,32.088548,73.591584,5.0,7,0.458,0.22,,0.9,0.914,8.26,140.0,84.0,0.033,0.0,26.6,84.0,23.0,0.0,30.8,0.283,0.02153,Pindi_Bowra_4Acre_Basmati_Plot
2026-07-11T02:00:00,32.08907,73.59183,10.0,9,0.409,0.196,,0.9,0.909,8.4,140.0,84.0,0.09,0.0,27.6,83.0,128.0,0.0,30.9,0.301,0.02497,Pindi_Bowra_4Acre_Basmati_Plot
2026-07-11T03:00:00,32.088548,73.59183,5.0,9,0.459,0.22,,0.9,0.905,8.54,140.0,84.0,0.179,0.0,29.1,79.0,273.0,0.0,31.4,0.285,0.02364,Pindi_Bowra_4Acre_Basmati_Plot
2026-07-11T04:00:00,32.088548,73.59183,5.0,9,0.459,0.22,,0.9,0.895,8.82,140.0,84.0,0.29,0.0,30.9,73.0,466.0,0.0,32.4,0.283,0.02532,Pindi_Bowra_4Acre_Basmati_Plot
2026-07-11T05:00:00,32.088548,73.59183,5.0,9,0.459,0.22,,0.9,0.886,9.1,140.0,84.0,0.399,0.0,32.4,67.0,628.0,0.0,33.5,0.281,0.02737,Pindi_Bowra_4Acre_Basmati_Plot
2026-07-11T06:00:00,32.08907,73.59183,10.0,9,0.409,0.196,,0.9,1.0,3.92,140.0,84.0,0.504,0.0,31.9,67.0,733.0,0.0,34.3,0.333,0.04894,Pindi_Bowra_4Acre_Basmati_Plot
2026-07-11T07:00:00,32.088548,73.59183,5.0,9,0.459,0.22,,0.9,1.0,4.34,140.0,84.0,0.414,0.0,33.4,61.0,547.0,0.0,34.8,0.315,0.04855,Pindi_Bowra_4Acre_Basmati_Plot
2026-07-11T08:00:00,32.08907,73.59183,10.0,9,0.409,0.196,,0.9,1.0,4.76,140.0,84.0,0.387,0.0,33.9,60.0,515.0,0.0,35.3,0.327,0.05122,Pindi_Bowra_4Acre_Basmati_Plot
2026-07-11T09:00:00,32.088548,73.591584,5.0,7,0.458,0.22,,0.9,1.0,5.04,140.0,84.0,0.414,0.0,34.3,59.0,552.0,0.2,35.7,0.305,0.04742,Pindi_Bowra_4Acre_Basmati_Plot
2026-07-11T10:00:00,32.08907,73.59183,10.0,9,0.409,0.196,,0.9,1.0,5.18,140.0,84.0,0.423,0.0,34.7,58.0,557.0,0.2,35.8,0.324,0.05234,Pindi_Bowra_4Acre_Basmati_Plot
2026-07-11T11:00:00,32.088548,73.59183,5.0,9,0.459,0.22,,0.9,1.0,5.18,140.0,84.0,0.36,0.0,34.5,59.0,468.0,0.3,35.7,0.308,0.0492,Pindi_Bowra_4Acre_Basmati_Plot
2026-07-11T12:00:00,32.088548,73.591707,5.0,8,0.457,0.219,,0.9,0.877,9.38,140.0,84.0,0.197,0.0,33.1,66.0,291.0,0.1,34.5,0.277,0.02814,Pindi_Bowra_4Acre_Basmati_Plot
2026-07-11T13:00:00,32.088548,73.591584,5.0,7,0.458,0.22,,0.9,0.882,9.24,140.0,84.0,0.119,0.0,30.7,78.0,157.0,0.2,33.9,0.276,0.0261,Pindi_Bowra_4Acre_Basmati_Plot
2026-07-11T14:00:00,32.08907,73.59183,10.0,9,0.409,0.196,,0.9,0.886,9.1,140.0,84.0,0.056,0.0,28.8,86.0,42.0,0.2,33.0,0.296,0.02891,Pindi_Bowra_4Acre_Basmati_Plot
2026-07-11T15:00:00,32.088548,73.591461,5.0,6,0.463,0.222,,0.9,0.886,9.1,140.0,84.0,0.016,0.0,28.5,85.0,1.0,0.1,32.1,0.275,0.02164,Pindi_Bowra_4Acre_Basmati_Plot
2026-07-11T16:00:00,32.088548,73.591339,5.0,5,0.469,0.225,,0.9,0.882,9.24,140.0,84.0,0.008,0.0,28.7,86.0,0.0,0.0,31.6,0.272,0.01972,Pindi_Bowra_4Acre_Basmati_Plot
2026-07-11T17:00:00,32.088548,73.591461,5.0,6,0.463,0.222,,0.9,0.882,9.24,140.0,84.0,0.008,0.0,29.2,85.0,0.0,0.0,31.4,0.274,0.01981,Pindi_Bowra_4Acre_Basmati_Plot
2026-07-11T18:00:00,32.088548,73.591461,5.0,6,0.463,0.222,,0.9,0.809,11.48,140.0,84.0,0.007,0.0,30.4,84.0,0.0,0.0,31.2,0.258,0.01367,Pindi_Bowra_4Acre_Basmati_Plot
2026-07-11T19:00:00,32.088548,73.591339,5.0,5,0.469,0.225,,0.9,0.809,11.48,140.0,84.0,0.015,0.0,29.8,88.0,0.0,0.0,31.2,0.256,0.01311,Pindi_Bowra_4Acre_Basmati_Plot
2026-07-11T20:00:00,32.089174,73.590725,11.0,0,0.441,0.212,,0.9,0.809,11.48,140.0,84.0,0.015,0.0,28.4,88.0,0.0,0.0,31.0,0.264,0.01477,Pindi_Bowra_4Acre_Basmati_Plot
2026-07-11T21:00:00,32.088548,73.591584,5.0,7,0.458,0.22,,0.9,0.809,11.48,140.0,84.0,0.022,0.0,26.7,85.0,0.0,0.0,30.7,0.26,0.01354,Pindi_Bowra_4Acre_Basmati_Plot
2026-07-11T22:00:00,32.08907,73.59183,10.0,9,0.409,0.196,,0.9,0.873,9.52,140.0,84.0,0.016,0.0,24.6,91.0,0.0,1.1,30.2,0.293,0.02098,Pindi_Bowra_4Acre_Basmati_Plot
2026-07-11T23:00:00,32.088548,73.59183,5.0,9,0.459,0.22,,0.9,1.0,0.0,140.0,84.0,0.0,0.0,24.4,96.0,0.0,9.1,28.9,0.4,0.03399,Pindi_Bowra_4Acre_Basmati_Plot
2026-07-12T00:00:00,32.088548,73.59183,5.0,9,0.459,0.22,,0.9,1.0,0.0,140.0,84.0,0.0,0.0,25.4,95.0,0.0,2.8,28.4,0.348,0.03233,Pindi_Bowra_4Acre_Basmati_Plot
2026-07-12T01:00:00,32.088548,73.59183,5.0,9,0.459,0.22,,0.9,1.0,0.0,140.0,84.0,0.018,0.0,25.8,90.0,3.0,2.2,28.3,0.377,0.03201,Pindi_Bowra_4Acre_Basmati_Plot
2026-07-12T02:00:00,32.08907,73.59183,10.0,9,0.409,0.196,,0.9,1.0,0.0,140.0,84.0,0.027,0.0,25.9,90.0,21.0,2.6,28.2,0.421,0.02824,Pindi_Bowra_4Acre_Basmati_Plot
2026-07-12T03:00:00,32.088548,73.59183,5.0,9,0.459,0.22,,0.9,1.0,0.0,140.0,84.0,0.036,0.0,26.0,94.0,31.0,2.2,28.1,0.418,0.03138,Pindi_Bowra_4Acre_Basmati_Plot
2026-07-12T04:00:00,32.08907,73.59183,10.0,9,0.409,0.196,,0.9,1.0,0.0,140.0,84.0,0.108,0.0,26.7,93.0,158.0,0.1,28.5,0.422,0.0291,Pindi_Bowra_4Acre_Basmati_Plot
2026-07-12T05:00:00,32.088548,73.591584,5.0,7,0.458,0.22,,0.9,1.0,0.0,140.0,84.0,0.333,0.0,29.3,81.0,506.0,0.0,30.0,0.394,0.03786,Pindi_Bowra_4Acre_Basmati_Plot
2026-07-12T06:00:00,32.08907,73.59183,10.0,9,0.409,0.196,,0.9,1.0,0.0,140.0,84.0,0.432,0.0,25.6,91.0,779.0,0.0,30.8,0.499,0.03663,Pindi_Bowra_4Acre_Basmati_Plot
2026-07-12T07:00:00,32.088548,73.59183,5.0,9,0.459,0.22,,0.9,1.0,0.0,140.0,84.0,0.306,0.0,28.8,77.0,453.0,0.0,31.2,0.41,0.04278,Pindi_Bowra_4Acre_Basmati_Plot
2026-07-12T08:00:00,32.088548,73.591707,5.0,8,0.457,0.219,,0.9,1.0,0.0,140.0,84.0,0.396,0.0,30.0,70.0,580.0,0.0,32.0,0.399,0.04614,Pindi_Bowra_4Acre_Basmati_Plot
2026-07-12T09:00:00,32.088548,73.591584,5.0,7,0.458,0.22,,0.9,1.0,0.0,140.0,84.0,0.54,0.0,31.4,63.0,787.0,0.0,33.0,0.39,0.05111,Pindi_Bowra_4Acre_Basmati_Plot
2026-07-12T10:00:00,32.08907,73.59183,10.0,9,0.409,0.196,,0.9,1.0,0.0,140.0,84.0,0.495,0.0,31.8,60.0,705.0,0.0,33.5,0.403,0.04798,Pindi_Bowra_4Acre_Basmati_Plot
2026-07-12T11:00:00,32.088548,73.591461,5.0,6,0.463,0.222,,0.9,1.0,0.0,140.0,84.0,0.369,0.0,31.7,60.0,522.0,0.0,33.6,0.377,0.05486,Pindi_Bowra_4Acre_Basmati_Plot
2026-07-12T12:00:00,32.088548,73.591339,5.0,5,0.469,0.225,,0.9,1.0,0.0,140.0,84.0,0.279,0.0,31.4,64.0,360.0,0.0,33.2,0.369,0.05339,Pindi_Bowra_4Acre_Basmati_Plot
2026-07-12T13:00:00,32.08907,73.592075,10.0,11,0.421,0.202,,0.9,1.0,0.0,140.0,84.0,0.144,0.0,30.8,69.0,166.0,0.0,32.7,0.394,0.04559,Pindi_Bowra_4Acre_Basmati_Plot
2026-07-12T14:00:00,32.088548,73.59183,5.0,9,0.459,0.22,,0.9,1.0,0.0,140.0,84.0,0.045,0.0,29.5,77.0,52.0,0.0,32.0,0.372,0.04634,Pindi_Bowra_4Acre_Basmati_Plot
2026-07-12T15:00:00,32.08907,73.59183,10.0,9,0.409,0.196,,0.9,1.0,0.0,140.0,84.0,0.009,0.0,28.8,81.0,1.0,0.0,31.3,0.387,0.0385,Pindi_Bowra_4Acre_Basmati_Plot
2026-07-12T16:00:00,32.088443,73.592075,4.0,11,0.474,0.228,,0.9,1.0,0.0,140.0,84.0,0.0,0.0,28.1,83.0,0.0,0.0,30.7,0.37,0.04203,Pindi_Bowra_4Acre_Basmati_Plot
2026-07-12T17:00:00,32.088548,73.591339,5.0,5,0.469,0.225,,0.9,1.0,0.0,140.0,84.0,0.0,0.0,27.2,87.0,0.0,0.0,30.2,0.36,0.03955,Pindi_Bowra_4Acre_Basmati_Plot
2026-07-12T18:00:00,32.088548,73.591584,5.0,7,0.458,0.22,,0.9,1.0,0.28,140.0,84.0,0.0,0.0,27.5,88.0,0.0,0.0,30.0,0.34,0.03786,Pindi_Bowra_4Acre_Basmati_Plot
2026-07-12T19:00:00,32.08907,73.591707,10.0,8,0.407,0.195,,0.9,1.0,0.42,140.0,84.0,0.0,0.0,27.1,91.0,0.0,0.0,29.8,0.356,0.03298,Pindi_Bowra_4Acre_Basmati_Plot
2026-07-12T20:00:00,32.088548,73.591584,5.0,7,0.458,0.22,,0.9,1.0,0.42,140.0,84.0,0.0,0.0,26.7,92.0,0.0,0.0,29.5,0.339,0.03571,Pindi_Bowra_4Acre_Basmati_Plot
2026-07-12T21:00:00,32.088548,73.591707,5.0,8,0.457,0.219,,0.9,1.0,0.42,140.0,84.0,0.0,0.0,26.4,93.0,0.0,0.0,29.3,0.341,0.03522,Pindi_Bowra_4Acre_Basmati_Plot
2026-07-12T22:00:00,32.088548,73.591584,5.0,7,0.458,0.22,,0.9,1.0,0.56,140.0,84.0,0.0,0.0,26.2,94.0,0.0,0.0,29.1,0.338,0.03403,Pindi_Bowra_4Acre_Basmati_Plot
2026-07-12T23:00:00,32.088548,73.591584,5.0,7,0.458,0.22,,0.9,1.0,0.56,140.0,84.0,0.0,0.0,25.9,96.0,0.0,0.0,28.8,0.338,0.03302,Pindi_Bowra_4Acre_Basmati_Plot
2026-07-13T00:00:00,32.08907,73.59183,10.0,9,0.409,0.196,,0.9,1.0,1.54,140.0,84.0,0.0,0.0,27.0,90.0,0.0,0.0,28.8,0.35,0.02999,Pindi_Bowra_4Acre_Basmati_Plot
2026-07-13T01:00:00,32.088548,73.59183,5.0,9,0.459,0.22,,0.9,1.0,1.68,140.0,84.0,0.018,0.0,27.0,90.0,11.0,0.0,28.9,0.334,0.03229,Pindi_Bowra_4Acre_Basmati_Plot
2026-07-13T02:00:00,32.088548,73.591707,5.0,8,0.457,0.219,,0.9,1.0,1.68,140.0,84.0,0.045,0.0,27.6,88.0,47.0,0.0,29.2,0.332,0.03255,Pindi_Bowra_4Acre_Basmati_Plot
2026-07-13T03:00:00,32.088548,73.591584,5.0,7,0.458,0.22,,0.9,1.0,1.82,140.0,84.0,0.144,0.0,29.3,79.0,206.0,0.0,29.9,0.329,0.03405,Pindi_Bowra_4Acre_Basmati_Plot
2026-07-13T04:00:00,32.08907,73.59183,10.0,9,0.409,0.196,,0.9,1.0,1.96,140.0,84.0,0.288,0.0,30.9,69.0,430.0,0.0,31.1,0.347,0.03774,Pindi_Bowra_4Acre_Basmati_Plot
2026-07-13T05:00:00,32.088548,73.591461,5.0,6,0.463,0.222,,0.9,1.0,2.24,140.0,84.0,0.234,0.0,31.0,67.0,317.0,0.0,31.6,0.324,0.03893,Pindi_Bowra_4Acre_Basmati_Plot
2026-07-13T06:00:00,32.088548,73.591339,5.0,5,0.469,0.225,,0.9,1.0,1.12,140.0,84.0,0.252,0.0,31.3,66.0,332.0,0.0,31.9,0.33,0.04298,Pindi_Bowra_4Acre_Basmati_Plot
2026-07-13T07:00:00,32.08907,73.592075,10.0,11,0.421,0.202,,0.9,1.0,1.54,140.0,84.0,0.585,0.0,32.8,62.0,832.0,0.0,33.4,0.354,0.0489,Pindi_Bowra_4Acre_Basmati_Plot
2026-07-13T08:00:00,32.088548,73.591584,5.0,7,0.458,0.22,,0.9,1.0,1.96,140.0,84.0,0.567,0.0,33.4,58.0,800.0,0.0,34.3,0.328,0.05238,Pindi_Bowra_4Acre_Basmati_Plot
2026-07-13T09:00:00,32.08907,73.59183,10.0,9,0.409,0.196,,0.9,1.0,2.38,140.0,84.0,0.531,0.0,33.7,57.0,740.0,0.0,34.8,0.344,0.05464,Pindi_Bowra_4Acre_Basmati_Plot
2026-07-13T10:00:00,32.088548,73.591461,5.0,6,0.463,0.222,,0.9,1.0,2.8,140.0,84.0,0.441,0.0,33.9,57.0,611.0,0.0,35.0,0.32,0.05259,Pindi_Bowra_4Acre_Basmati_Plot
2026-07-13T11:00:00,32.088548,73.591339,5.0,5,0.469,0.225,,0.9,1.0,3.08,140.0,84.0,0.351,0.0,33.8,57.0,473.0,0.0,34.9,0.316,0.05063,Pindi_Bowra_4Acre_Basmati_Plot
2026-07-13T12:00:00,32.088548,73.591461,5.0,6,0.463,0.222,,0.9,0.986,6.02,140.0,84.0,0.249,0.0,33.9,57.0,326.0,0.0,34.4,0.296,0.03764,Pindi_Bowra_4Acre_Basmati_Plot
2026-07-13T13:00:00,32.088548,73.59183,5.0,9,0.459,0.22,,0.9,0.986,6.02,140.0,84.0,0.151,0.0,32.9,64.0,187.0,0.0,33.9,0.302,0.0383,Pindi_Bowra_4Acre_Basmati_Plot
2026-07-13T14:00:00,32.08907,73.59183,10.0,9,0.409,0.196,,0.9,0.982,6.16,140.0,84.0,0.044,0.0,31.5,73.0,53.0,0.0,33.3,0.317,0.03802,Pindi_Bowra_4Acre_Basmati_Plot
2026-07-13T15:00:00,32.088548,73.591707,5.0,8,0.457,0.219,,0.9,0.986,6.02,140.0,84.0,0.0,0.0,30.9,71.0,1.0,0.0,32.5,0.3,0.03234,Pindi_Bowra_4Acre_Basmati_Plot
2026-07-13T16:00:00,32.088548,73.591461,5.0,6,0.463,0.222,,0.9,0.986,6.02,140.0,84.0,0.009,0.0,29.7,75.0,0.0,0.0,31.8,0.296,0.02902,Pindi_Bowra_4Acre_Basmati_Plot
2026-07-13T17:00:00,32.088548,73.591952,5.0,10,0.464,0.223,,0.9,0.986,6.02,140.0,84.0,0.009,0.0,29.1,78.0,0.0,0.0,31.3,0.304,0.03058,Pindi_Bowra_4Acre_Basmati_Plot
2026-07-13T18:00:00,32.08907,73.592075,10.0,11,0.421,0.202,,0.9,0.955,7.0,140.0,84.0,0.009,0.0,29.7,77.0,0.0,0.0,31.0,0.315,0.03045,Pindi_Bowra_4Acre_Basmati_Plot
2026-07-13T19:00:00,32.088548,73.591339,5.0,5,0.469,0.225,,0.9,0.955,7.0,140.0,84.0,0.009,0.0,29.0,80.0,0.0,0.0,30.8,0.287,0.02345,Pindi_Bowra_4Acre_Basmati_Plot
2026-07-13T20:00:00,32.08907,73.592075,10.0,11,0.421,0.202,,0.9,0.955,7.0,140.0,84.0,0.009,0.0,28.9,81.0,0.0,0.0,30.7,0.315,0.02955,Pindi_Bowra_4Acre_Basmati_Plot
2026-07-13T21:00:00,32.088548,73.591461,5.0,6,0.463,0.222,,0.9,0.955,7.0,140.0,84.0,0.009,0.0,28.3,83.0,0.0,0.0,30.5,0.289,0.02314,Pindi_Bowra_4Acre_Basmati_Plot
2026-07-13T22:00:00,32.08907,73.59183,10.0,9,0.409,0.196,,0.9,0.955,7.0,140.0,84.0,0.0,0.0,28.3,82.0,0.0,0.0,30.3,0.31,0.02613,Pindi_Bowra_4Acre_Basmati_Plot
2026-07-13T23:00:00,32.088548,73.59183,5.0,9,0.459,0.22,,0.9,0.955,7.0,140.0,84.0,0.0,0.0,27.9,84.0,0.0,0.0,30.1,0.295,0.02395,Pindi_Bowra_4Acre_Basmati_Plot
2026-07-14T00:00:00,32.088548,73.591707,5.0,8,0.787,0.378,,1.15,0.95,7.14,140.0,84.0,0.0,0.0,28.4,79.0,0.0,0.0,30.3,0.292,0.04022,Pindi_Bowra_4Acre_Basmati_Plot
2026-07-14T01:00:00,32.088548,73.591461,5.0,6,0.793,0.381,,1.15,0.95,7.14,140.0,84.0,0.033,0.0,28.2,83.0,7.0,0.0,30.2,0.288,0.0379,Pindi_Bowra_4Acre_Basmati_Plot
2026-07-14T02:00:00,32.08907,73.59183,10.0,9,0.739,0.355,,1.15,0.95,7.14,140.0,84.0,0.109,0.0,29.2,81.0,98.0,0.0,30.4,0.309,0.04716,Pindi_Bowra_4Acre_Basmati_Plot
2026-07-14T03:00:00,32.088548,73.591339,5.0,5,0.799,0.384,,1.15,0.95,7.14,140.0,84.0,0.197,0.0,29.9,78.0,210.0,0.0,30.9,0.286,0.03975,Pindi_Bowra_4Acre_Basmati_Plot
2026-07-14T04:00:00,32.088548,73.591339,5.0,5,0.799,0.384,,1.15,0.945,7.28,140.0,84.0,0.294,0.0,31.1,73.0,322.0,0.0,31.6,0.285,0.04199,Pindi_Bowra_4Acre_Basmati_Plot
2026-07-14T05:00:00,32.08907,73.591952,10.0,10,0.744,0.357,,1.15,0.936,7.56,140.0,84.0,0.474,0.0,32.5,67.0,567.0,0.0,32.8,0.308,0.05968,Pindi_Bowra_4Acre_Basmati_Plot
2026-07-14T06:00:00,32.088548,73.59183,5.0,9,0.789,0.379,,1.15,0.918,8.12,140.0,84.0,0.549,0.0,33.3,64.0,659.0,0.0,33.8,0.287,0.05325,Pindi_Bowra_4Acre_Basmati_Plot
2026-07-14T07:00:00,32.08907,73.59183,10.0,9,0.739,0.355,,1.15,0.918,8.12,140.0,84.0,0.612,0.0,34.1,60.0,725.0,0.2,34.8,0.302,0.06746,Pindi_Bowra_4Acre_Basmati_Plot
2026-07-14T08:00:00,32.088548,73.591707,5.0,8,0.787,0.378,,1.15,0.909,8.4,140.0,84.0,0.638,0.0,34.7,57.0,763.0,0.1,35.6,0.284,0.06074,Pindi_Bowra_4Acre_Basmati_Plot
2026-07-14T09:00:00,32.088548,73.591339,5.0,5,0.799,0.384,,1.15,0.905,8.54,140.0,84.0,0.562,0.0,34.9,56.0,670.0,0.0,36.0,0.277,0.05717,Pindi_Bowra_4Acre_Basmati_Plot
2026-07-14T10:00:00,32.088548,73.591584,5.0,7,0.788,0.378,,1.15,0.895,8.82,140.0,84.0,0.474,0.0,35.2,51.0,578.0,0.0,36.1,0.279,0.05895,Pindi_Bowra_4Acre_Basmati_Plot
2026-07-14T11:00:00,32.08907,73.591707,10.0,8,0.737,0.354,,1.15,0.891,8.96,140.0,84.0,0.359,0.0,34.3,53.0,421.0,0.1,35.8,0.295,0.06801,Pindi_Bowra_4Acre_Basmati_Plot
2026-07-14T12:00:00,32.088548,73.591584,5.0,7,0.788,0.378,,1.15,0.945,7.28,140.0,84.0,0.326,0.0,34.3,51.0,331.0,0.1,35.2,0.289,0.063,Pindi_Bowra_4Acre_Basmati_Plot
2026-07-14T13:00:00,32.088548,73.591707,5.0,8,0.787,0.378,,1.15,0.941,7.42,140.0,84.0,0.173,0.0,33.1,62.0,185.0,0.0,34.6,0.29,0.06012,Pindi_Bowra_4Acre_Basmati_Plot
2026-07-14T14:00:00,32.088548,73.591461,5.0,6,0.793,0.381,,1.15,0.941,7.42,140.0,84.0,0.054,0.0,31.9,67.0,28.0,0.0,33.9,0.286,0.05325,Pindi_Bowra_4Acre_Basmati_Plot
2026-07-14T15:00:00,32.088548,73.591952,5.0,10,0.794,0.381,,1.15,0.941,7.42,140.0,84.0,0.022,0.0,32.0,65.0,0.0,0.0,33.3,0.294,0.0563,Pindi_Bowra_4Acre_Basmati_Plot
2026-07-14T16:00:00,32.08907,73.59183,10.0,9,0.739,0.355,,1.15,0.941,7.42,140.0,84.0,0.0,0.0,30.8,68.0,0.0,0.0,32.7,0.307,0.05802,Pindi_Bowra_4Acre_Basmati_Plot
2026-07-14T17:00:00,32.088443,73.592075,4.0,11,0.804,0.386,,1.15,0.941,7.42,140.0,84.0,0.0,0.0,29.6,74.0,0.0,0.0,32.1,0.293,0.04988,Pindi_Bowra_4Acre_Basmati_Plot
2026-07-14T18:00:00,32.088548,73.591339,5.0,5,0.799,0.384,,1.15,0.918,8.12,140.0,84.0,0.021,0.0,29.6,71.0,0.0,0.0,31.5,0.279,0.03773,Pindi_Bowra_4Acre_Basmati_Plot
2026-07-14T19:00:00,32.088548,73.591584,5.0,7,0.788,0.378,,1.15,0.918,8.12,140.0,84.0,0.011,0.0,28.6,76.0,0.0,0.0,31.2,0.283,0.03856,Pindi_Bowra_4Acre_Basmati_Plot
2026-07-14T20:00:00,32.08907,73.591707,10.0,8,0.737,0.354,,1.15,0.918,8.12,140.0,84.0,0.021,0.0,28.4,77.0,0.0,0.0,30.9,0.3,0.04444,Pindi_Bowra_4Acre_Basmati_Plot
2026-07-14T21:00:00,32.088548,73.591584,5.0,7,0.788,0.378,,1.15,0.918,8.12,140.0,84.0,0.021,0.0,28.1,76.0,0.0,0.0,30.7,0.283,0.03668,Pindi_Bowra_4Acre_Basmati_Plot
2026-07-14T22:00:00,32.088548,73.591707,5.0,8,0.787,0.378,,1.15,0.918,8.12,140.0,84.0,0.011,0.0,27.7,76.0,0.0,0.0,30.4,0.285,0.03668,Pindi_Bowra_4Acre_Basmati_Plot
2026-07-14T23:00:00,32.088548,73.591584,5.0,7,0.788,0.378,,1.15,0.918,8.12,140.0,84.0,0.0,0.0,27.5,81.0,0.0,0.0,30.2,0.283,0.03489,Pindi_Bowra_4Acre_Basmati_Plot
2026-07-15T00:00:00,32.088548,73.591584,5.0,7,0.788,0.378,,1.15,0.909,8.4,140.0,84.0,0.042,0.0,27.9,73.0,0.0,0.0,30.0,0.282,0.03366,Pindi_Bowra_4Acre_Basmati_Plot
2026-07-15T01:00:00,32.08907,73.59183,10.0,9,0.739,0.355,,1.15,0.909,8.4,140.0,84.0,0.063,0.0,27.6,74.0,19.0,0.0,29.9,0.301,0.04083,Pindi_Bowra_4Acre_Basmati_Plot
2026-07-15T02:00:00,32.088548,73.59183,5.0,9,0.789,0.379,,1.15,0.914,8.26,140.0,84.0,0.116,0.0,27.7,79.0,105.0,0.2,29.9,0.287,0.03605,Pindi_Bowra_4Acre_Basmati_Plot
2026-07-15T03:00:00,32.088548,73.59183,5.0,9,0.789,0.379,,1.15,0.914,8.26,140.0,84.0,0.2,0.0,29.3,72.0,241.0,0.0,30.5,0.287,0.03828,Pindi_Bowra_4Acre_Basmati_Plot
2026-07-15T04:00:00,32.088548,73.59183,5.0,9,0.789,0.379,,1.15,0.909,8.4,140.0,84.0,0.345,0.0,30.8,67.0,429.0,0.0,31.6,0.286,0.0421,Pindi_Bowra_4Acre_Basmati_Plot
2026-07-15T05:00:00,32.08907,73.59183,10.0,9,0.739,0.355,,1.15,0.9,8.68,140.0,84.0,0.497,0.0,32.6,59.0,622.0,0.0,32.8,0.299,0.05321,Pindi_Bowra_4Acre_Basmati_Plot
2026-07-15T06:00:00,32.088548,73.59183,5.0,9,0.789,0.379,,1.15,1.0,1.12,140.0,84.0,0.678,0.0,32.8,60.0,754.0,0.0,34.1,0.338,0.09664,Pindi_Bowra_4Acre_Basmati_Plot
2026-07-15T07:00:00,32.08907,73.59183,10.0,9,0.739,0.355,,1.15,1.0,1.4,140.0,84.0,0.586,0.0,33.1,61.0,632.0,0.1,34.5,0.351,0.09581,Pindi_Bowra_4Acre_Basmati_Plot
2026-07-15T08:00:00,32.088548,73.591584,5.0,7,0.788,0.378,,1.15,1.0,1.82,140.0,84.0,0.701,0.0,33.9,58.0,761.0,0.1,35.2,0.329,0.09953,Pindi_Bowra_4Acre_Basmati_Plot
2026-07-15T09:00:00,32.08907,73.59183,10.0,9,0.739,0.355,,1.15,1.0,2.1,140.0,84.0,0.667,0.0,34.6,55.0,725.0,0.1,35.6,0.346,0.10695,Pindi_Bowra_4Acre_Basmati_Plot
2026-07-15T10:00:00,32.088548,73.59183,5.0,9,0.789,0.379,,1.15,1.0,2.52,140.0,84.0,0.621,0.0,34.8,53.0,664.0,0.1,35.9,0.328,0.1059,Pindi_Bowra_4Acre_Basmati_Plot
2026-07-15T11:00:00,32.088548,73.591707,5.0,8,0.787,0.378,,1.15,1.0,2.8,140.0,84.0,0.494,0.0,34.7,52.0,516.0,0.0,35.8,0.324,0.1007,Pindi_Bowra_4Acre_Basmati_Plot
2026-07-15T12:00:00,32.088548,73.591584,5.0,7,0.788,0.378,,1.15,1.0,5.18,140.0,84.0,0.345,0.0,34.6,49.0,347.0,0.0,35.9,0.304,0.08226,Pindi_Bowra_4Acre_Basmati_Plot
2026-07-15T13:00:00,32.08907,73.59183,10.0,9,0.739,0.355,,1.15,1.0,5.32,140.0,84.0,0.184,0.0,33.6,56.0,182.0,0.0,35.2,0.323,0.0882,Pindi_Bowra_4Acre_Basmati_Plot
2026-07-15T14:00:00,32.088548,73.591461,5.0,6,0.793,0.381,,1.15,1.0,5.32,140.0,84.0,0.069,0.0,31.9,70.0,49.0,0.0,34.4,0.301,0.06871,Pindi_Bowra_4Acre_Basmati_Plot
2026-07-15T15:00:00,32.088548,73.591339,5.0,5,0.799,0.384,,1.15,1.0,5.32,140.0,84.0,0.034,0.0,31.1,68.0,1.0,0.0,33.6,0.299,0.06233,Pindi_Bowra_4Acre_Basmati_Plot
2026-07-15T16:00:00,32.08907,73.592075,10.0,11,0.751,0.36,,1.15,1.0,5.32,140.0,84.0,0.034,0.0,30.5,67.0,0.0,0.0,32.9,0.327,0.07398,Pindi_Bowra_4Acre_Basmati_Plot
2026-07-15T17:00:00,32.088548,73.59183,5.0,9,0.789,0.379,,1.15,1.0,5.32,140.0,84.0,0.023,0.0,29.8,70.0,0.0,0.0,32.4,0.307,0.06011,Pindi_Bowra_4Acre_Basmati_Plot
2026-07-15T18:00:00,32.08907,73.59183,10.0,9,0.739,0.355,,1.15,1.0,5.46,140.0,84.0,0.0,0.0,29.5,75.0,0.0,0.0,32.0,0.322,0.06342,Pindi_Bowra_4Acre_Basmati_Plot
2026-07-15T19:00:00,32.088443,73.592075,4.0,11,0.804,0.386,,1.15,1.0,5.46,140.0,84.0,0.0,0.0,29.0,78.0,0.0,0.0,31.7,0.307,0.05712,Pindi_Bowra_4Acre_Basmati_Plot
2026-07-15T20:00:00,32.088548,73.591339,5.0,5,0.799,0.384,,1.15,1.0,5.46,140.0,84.0,0.0,0.0,28.7,79.0,0.0,0.0,31.4,0.298,0.04938,Pindi_Bowra_4Acre_Basmati_Plot
2026-07-15T21:00:00,32.088548,73.591584,5.0,7,0.788,0.378,,1.15,1.0,5.46,140.0,84.0,0.0,0.0,28.4,81.0,0.0,0.0,31.1,0.302,0.04969,Pindi_Bowra_4Acre_Basmati_Plot
2026-07-15T22:00:00,32.08907,73.591707,10.0,8,0.737,0.354,,1.15,1.0,5.46,140.0,84.0,0.0,0.0,28.3,82.0,0.0,0.0,30.9,0.32,0.05555,Pindi_Bowra_4Acre_Basmati_Plot
2026-07-15T23:00:00,32.088548,73.591584,5.0,7,0.788,0.378,,1.15,1.0,5.46,140.0,84.0,0.0,0.0,28.3,82.0,0.0,0.0,30.7,0.302,0.04774,Pindi_Bowra_4Acre_Basmati_Plot
2026-07-16T00:00:00,32.088548,73.591707,5.0,8,0.787,0.378,,1.15,0.945,7.28,140.0,84.0,0.011,0.0,28.0,83.0,0.0,0.0,30.4,0.291,0.04006,Pindi_Bowra_4Acre_Basmati_Plot
2026-07-16T01:00:00,32.088548,73.591584,5.0,7,0.788,0.378,,1.15,0.945,7.28,140.0,84.0,0.033,0.0,27.9,84.0,20.0,0.0,30.4,0.289,0.03898,Pindi_Bowra_4Acre_Basmati_Plot
2026-07-16T02:00:00,32.088548,73.591584,5.0,7,0.788,0.378,,1.15,0.945,7.28,140.0,84.0,0.109,0.0,29.5,79.0,128.0,0.0,30.8,0.289,0.04058,Pindi_Bowra_4Acre_Basmati_Plot
2026-07-16T03:00:00,32.08907,73.59183,10.0,9,0.739,0.355,,1.15,0.941,7.42,140.0,84.0,0.238,0.0,31.7,69.0,292.0,0.0,31.7,0.307,0.0525,Pindi_Bowra_4Acre_Basmati_Plot
2026-07-16T04:00:00,32.088548,73.59183,5.0,9,0.789,0.379,,1.15,0.932,7.7,140.0,84.0,0.396,0.0,33.0,63.0,471.0,0.0,32.8,0.29,0.05034,Pindi_Bowra_4Acre_Basmati_Plot
2026-07-16T05:00:00,32.088548,73.591707,5.0,8,0.787,0.378,,1.15,0.923,7.98,140.0,84.0,0.531,0.0,34.1,57.0,631.0,0.0,34.0,0.286,0.05338,Pindi_Bowra_4Acre_Basmati_Plot
2026-07-16T06:00:00,32.088548,73.591584,5.0,7,0.788,0.378,,1.15,1.0,5.04,140.0,84.0,0.701,0.0,34.8,54.0,754.0,0.0,35.2,0.305,0.07761,Pindi_Bowra_4Acre_Basmati_Plot
2026-07-16T07:00:00,32.08907,73.59183,10.0,9,0.739,0.355,,1.15,1.0,5.46,140.0,84.0,0.747,0.0,35.6,51.0,797.0,0.0,36.0,0.322,0.09462,Pindi_Bowra_4Acre_Basmati_Plot
2026-07-16T08:00:00,32.088548,73.591461,5.0,6,0.793,0.381,,1.15,0.991,5.88,140.0,84.0,0.729,0.0,36.0,49.0,773.0,0.0,36.5,0.297,0.08058,Pindi_Bowra_4Acre_Basmati_Plot
2026-07-16T09:00:00,32.088548,73.591339,5.0,5,0.799,0.384,,1.15,0.977,6.3,140.0,84.0,0.708,0.0,36.3,48.0,755.0,0.0,36.8,0.292,0.07823,Pindi_Bowra_4Acre_Basmati_Plot
2026-07-16T10:00:00,32.088548,73.591461,5.0,6,0.793,0.381,,1.15,0.964,6.72,140.0,84.0,0.609,0.0,36.3,47.0,656.0,0.0,36.9,0.291,0.07733,Pindi_Bowra_4Acre_Basmati_Plot
2026-07-16T11:00:00,32.088548,73.59183,5.0,9,0.789,0.379,,1.15,0.955,7.0,140.0,84.0,0.483,0.0,36.2,48.0,517.0,0.0,36.7,0.295,0.07966,Pindi_Bowra_4Acre_Basmati_Plot
2026-07-16T12:00:00,32.08907,73.591707,10.0,8,0.737,0.354,,1.15,0.945,7.28,140.0,84.0,0.359,0.0,36.2,49.0,355.0,0.0,36.4,0.306,0.08281,Pindi_Bowra_4Acre_Basmati_Plot
2026-07-16T13:00:00,32.088548,73.591584,5.0,7,0.788,0.378,,1.15,0.941,7.42,140.0,84.0,0.184,0.0,34.8,59.0,180.0,0.0,35.8,0.288,0.06593,Pindi_Bowra_4Acre_Basmati_Plot
2026-07-16T14:00:00,32.088548,73.591707,5.0,8,0.787,0.378,,1.15,0.941,7.42,140.0,84.0,0.097,0.0,33.3,61.0,51.0,0.0,35.0,0.29,0.06257,Pindi_Bowra_4Acre_Basmati_Plot
2026-07-16T15:00:00,32.08907,73.591952,10.0,10,0.744,0.357,,1.15,0.941,7.42,140.0,84.0,0.065,0.0,32.8,58.0,1.0,0.0,34.3,0.309,0.07012,Pindi_Bowra_4Acre_Basmati_Plot
2026-07-16T16:00:00,32.088548,73.591584,5.0,7,0.788,0.378,,1.15,0.941,7.42,140.0,84.0,0.054,0.0,32.1,57.0,0.0,0.0,33.7,0.288,0.05344,Pindi_Bowra_4Acre_Basmati_Plot
2026-07-16T17:00:00,32.08907,73.59183,10.0,9,0.739,0.355,,1.15,0.941,7.42,140.0,84.0,0.043,0.0,31.3,59.0,0.0,0.0,33.1,0.307,0.06039,Pindi_Bowra_4Acre_Basmati_Plot
2026-07-16T18:00:00,32.088548,73.591461,5.0,6,0.793,0.381,,1.15,0.959,6.86,140.0,84.0,0.033,0.0,31.4,63.0,0.0,0.0,32.8,0.29,0.0506,Pindi_Bowra_4Acre_Basmati_Plot
2026-07-16T19:00:00,32.088548,73.591339,5.0,5,0.799,0.384,,1.15,0.959,6.86,140.0,84.0,0.022,0.0,30.6,67.0,0.0,0.0,32.5,0.288,0.04806,Pindi_Bowra_4Acre_Basmati_Plot
2026-07-16T20:00:00,32.089174,73.590725,11.0,0,0.771,0.37,,1.15,0.959,6.86,140.0,84.0,0.022,0.0,30.2,72.0,0.0,0.0,32.2,0.296,0.0503,Pindi_Bowra_4Acre_Basmati_Plot
2026-07-16T21:00:00,32.088548,73.591584,5.0,7,0.788,0.378,,1.15,0.959,6.86,140.0,84.0,0.022,0.0,30.1,74.0,0.0,0.0,31.9,0.292,0.04726,Pindi_Bowra_4Acre_Basmati_Plot
2026-07-16T22:00:00,32.08907,73.59183,10.0,9,0.739,0.355,,1.15,0.959,6.86,140.0,84.0,0.033,0.0,30.3,71.0,0.0,0.0,31.8,0.311,0.05546,Pindi_Bowra_4Acre_Basmati_Plot
2026-07-16T23:00:00,32.088548,73.59183,5.0,9,0.789,0.379,,1.15,0.959,6.86,140.0,84.0,0.033,0.0,30.1,70.0,0.0,0.0,31.6,0.296,0.04848,Pindi_Bowra_4Acre_Basmati_Plot
2026-07-17T00:00:00,32.088548,73.59183,5.0,9,0.789,0.379,,1.15,1.0,5.18,140.0,84.0,0.023,0.0,30.2,70.0,0.0,0.0,31.4,0.308,0.05502,Pindi_Bowra_4Acre_Basmati_Plot
2026-07-17T01:00:00,32.088548,73.59183,5.0,9,0.789,0.379,,1.15,1.0,5.18,140.0,84.0,0.046,0.0,30.1,73.0,19.0,0.0,31.3,0.308,0.05447,Pindi_Bowra_4Acre_Basmati_Plot
2026-07-17T02:00:00,32.08907,73.59183,10.0,9,0.739,0.355,,1.15,1.0,5.32,140.0,84.0,0.138,0.0,31.2,73.0,124.0,0.0,31.7,0.323,0.06215,Pindi_Bowra_4Acre_Basmati_Plot
2026-07-17T03:00:00,32.088548,73.59183,5.0,9,0.789,0.379,,1.15,1.0,5.46,140.0,84.0,0.276,0.0,32.5,70.0,287.0,0.0,32.5,0.306,0.06002,Pindi_Bowra_4Acre_Basmati_Plot
2026-07-17T04:00:00,32.08907,73.59183,10.0,9,0.739,0.355,,1.15,0.995,5.74,140.0,84.0,0.424,0.0,34.0,63.0,459.0,0.0,33.5,0.32,0.07224,Pindi_Bowra_4Acre_Basmati_Plot
2026-07-17T05:00:00,32.088548,73.591584,5.0,7,0.788,0.378,,1.15,0.986,6.02,140.0,84.0,0.567,0.0,35.2,57.0,614.0,0.0,34.6,0.298,0.06707,Pindi_Bowra_4Acre_Basmati_Plot
2026-07-17T06:00:00,32.08907,73.59183,10.0,9,0.739,0.355,,1.15,1.0,4.48,140.0,84.0,0.701,0.0,35.9,51.0,734.0,0.0,35.8,0.329,0.09911,Pindi_Bowra_4Acre_Basmati_Plot
2026-07-17T07:00:00,32.088548,73.59183,5.0,9,0.789,0.379,,1.15,1.0,4.9,140.0,84.0,0.77,0.0,36.5,49.0,802.0,0.0,36.5,0.31,0.0937,Pindi_Bowra_4Acre_Basmati_Plot
2026-07-17T08:00:00,32.088548,73.591707,5.0,8,0.787,0.378,,1.15,1.0,5.46,140.0,84.0,0.77,0.0,36.9,47.0,782.0,0.0,37.0,0.304,0.09171,Pindi_Bowra_4Acre_Basmati_Plot
2026-07-17T09:00:00,32.088548,73.591584,5.0,7,0.788,0.378,,1.15,0.991,5.88,140.0,84.0,0.752,0.0,37.2,46.0,780.0,0.0,37.4,0.299,0.08988,Pindi_Bowra_4Acre_Basmati_Plot
2026-07-17T10:00:00,32.08907,73.59183,10.0,9,0.739,0.355,,1.15,0.977,6.3,140.0,84.0,0.663,0.0,37.4,45.0,675.0,0.0,37.5,0.316,0.10346,Pindi_Bowra_4Acre_Basmati_Plot
2026-07-17T11:00:00,32.088548,73.591461,5.0,6,0.793,0.381,,1.15,0.964,6.72,140.0,84.0,0.532,0.0,37.2,45.0,531.0,0.0,37.2,0.291,0.07968,Pindi_Bowra_4Acre_Basmati_Plot
2026-07-17T12:00:00,32.088548,73.591339,5.0,5,0.799,0.384,,1.15,0.991,5.88,140.0,84.0,0.376,0.0,36.7,50.0,355.0,0.0,36.9,0.295,0.0823,Pindi_Bowra_4Acre_Basmati_Plot
2026-07-17T13:00:00,32.08907,73.592075,10.0,11,0.751,0.36,,1.15,0.986,6.02,140.0,84.0,0.193,0.0,35.1,61.0,186.0,0.0,36.2,0.322,0.0981,Pindi_Bowra_4Acre_Basmati_Plot
2026-07-17T14:00:00,32.088548,73.59183,5.0,9,0.789,0.379,,1.15,0.986,6.02,140.0,84.0,0.091,0.0,33.5,65.0,52.0,0.0,35.4,0.302,0.07648,Pindi_Bowra_4Acre_Basmati_Plot
2026-07-17T15:00:00,32.08907,73.59183,10.0,9,0.739,0.355,,1.15,0.986,6.02,140.0,84.0,0.057,0.0,32.9,62.0,1.0,0.0,34.7,0.318,0.07982,Pindi_Bowra_4Acre_Basmati_Plot
2026-07-17T16:00:00,32.088443,73.592075,4.0,11,0.804,0.386,,1.15,0.982,6.16,140.0,84.0,0.068,0.0,32.4,61.0,0.0,0.0,34.1,0.302,0.06844,Pindi_Bowra_4Acre_Basmati_Plot
2026-07-17T17:00:00,32.088548,73.591339,5.0,5,0.799,0.384,,1.15,0.982,6.16,140.0,84.0,0.056,0.0,32.0,61.0,0.0,0.0,33.7,0.293,0.05817,Pindi_Bowra_4Acre_Basmati_Plot
2026-07-17T18:00:00,32.088548,73.591584,5.0,7,0.788,0.378,,1.15,0.968,6.58,140.0,84.0,0.067,0.0,32.3,60.0,0.0,0.0,33.4,0.294,0.05644,Pindi_Bowra_4Acre_Basmati_Plot
2026-07-17T19:00:00,32.08907,73.591707,10.0,8,0.737,0.354,,1.15,0.968,6.58,140.0,84.0,0.056,0.0,31.5,62.0,0.0,0.0,33.1,0.311,0.06299,Pindi_Bowra_4Acre_Basmati_Plot
2026-07-17T20:00:00,32.088548,73.591584,5.0,7,0.788,0.378,,1.15,0.964,6.72,140.0,84.0,0.033,0.0,30.8,66.0,0.0,0.0,32.8,0.293,0.05243,Pindi_Bowra_4Acre_Basmati_Plot
2026-07-17T21:00:00,32.088548,73.591707,5.0,8,0.787,0.378,,1.15,0.964,6.72,140.0,84.0,0.022,0.0,30.1,71.0,0.0,0.0,32.5,0.295,0.05221,Pindi_Bowra_4Acre_Basmati_Plot
2026-07-17T22:00:00,32.088548,73.591584,5.0,7,0.788,0.378,,1.15,0.964,6.72,140.0,84.0,0.011,0.0,29.7,74.0,0.0,0.0,32.2,0.293,0.04938,Pindi_Bowra_4Acre_Basmati_Plot
2026-07-17T23:00:00,32.088548,73.591584,5.0,7,0.788,0.378,,1.15,0.964,6.72,140.0,84.0,0.011,0.0,29.4,76.0,0.0,0.0,31.9,0.293,0.04792,Pindi_Bowra_4Acre_Basmati_Plot
2026-07-18T00:00:00,32.08907,73.59183,10.0,9,0.739,0.355,,1.15,0.964,6.72,140.0,84.0,0.022,0.0,30.4,73.0,0.0,0.0,31.9,0.312,0.05664,Pindi_Bowra_4Acre_Basmati_Plot
2026-07-18T01:00:00,32.088548,73.59183,5.0,9,0.789,0.379,,1.15,0.964,6.72,140.0,84.0,0.055,0.0,30.3,75.0,18.0,0.0,31.9,0.297,0.05061,Pindi_Bowra_4Acre_Basmati_Plot
2026-07-18T02:00:00,32.088548,73.591707,5.0,8,0.787,0.378,,1.15,0.964,6.72,140.0,84.0,0.122,0.0,31.3,75.0,111.0,0.0,32.2,0.295,0.05067,Pindi_Bowra_4Acre_Basmati_Plot
2026-07-18T03:00:00,32.088548,73.591584,5.0,7,0.788,0.378,,1.15,0.959,6.86,140.0,84.0,0.243,0.0,32.9,70.0,274.0,0.0,33.0,0.292,0.05276,Pindi_Bowra_4Acre_Basmati_Plot
2026-07-18T04:00:00,32.08907,73.59183,10.0,9,0.739,0.355,,1.15,0.95,7.14,140.0,84.0,0.404,0.0,34.1,66.0,459.0,0.0,34.0,0.309,0.06759,Pindi_Bowra_4Acre_Basmati_Plot
2026-07-18T05:00:00,32.088548,73.591461,5.0,6,0.793,0.381,,1.15,0.941,7.42,140.0,84.0,0.541,0.0,35.4,57.0,624.0,0.0,35.1,0.286,0.06004,Pindi_Bowra_4Acre_Basmati_Plot
2026-07-18T06:00:00,32.088548,73.591339,5.0,5,0.799,0.384,,1.15,1.0,4.9,140.0,84.0,0.701,0.0,35.9,50.0,736.0,0.0,36.1,0.302,0.08307,Pindi_Bowra_4Acre_Basmati_Plot
2026-07-18T07:00:00,32.088548,73.591584,5.0,7,0.788,0.378,,1.15,1.0,5.32,140.0,84.0,0.782,0.0,36.4,49.0,815.0,0.0,36.8,0.303,0.08894,Pindi_Bowra_4Acre_Basmati_Plot
2026-07-18T08:00:00,32.088548,73.59183,5.0,9,0.789,0.379,,1.15,0.991,5.88,140.0,84.0,0.809,0.0,36.8,48.0,832.0,0.0,37.3,0.303,0.09361,Pindi_Bowra_4Acre_Basmati_Plot
2026-07-18T09:00:00,32.08907,73.59183,10.0,9,0.739,0.355,,1.15,0.977,6.3,140.0,84.0,0.764,0.0,37.1,48.0,786.0,0.0,37.6,0.316,0.1045,Pindi_Bowra_4Acre_Basmati_Plot
2026-07-18T10:00:00,32.088548,73.59183,5.0,9,0.789,0.379,,1.15,0.964,6.72,140.0,84.0,0.665,0.0,37.1,48.0,685.0,0.0,37.6,0.297,0.08949,Pindi_Bowra_4Acre_Basmati_Plot
2026-07-18T11:00:00,32.088548,73.59183,5.0,9,0.789,0.379,,1.15,0.95,7.14,140.0,84.0,0.524,0.0,36.9,49.0,537.0,0.0,37.4,0.294,0.0843,Pindi_Bowra_4Acre_Basmati_Plot
2026-07-18T12:00:00,32.088548,73.59183,5.0,9,0.789,0.379,,1.15,0.914,8.26,140.0,84.0,0.347,0.0,36.9,51.0,360.0,0.0,37.1,0.287,0.07407,Pindi_Bowra_4Acre_Basmati_Plot
2026-07-18T13:00:00,32.08907,73.59183,10.0,9,0.739,0.355,,1.15,0.914,8.26,140.0,84.0,0.2,0.0,35.4,61.0,185.0,0.0,36.5,0.302,0.07996,Pindi_Bowra_4Acre_Basmati_Plot
2026-07-18T14:00:00,32.088548,73.59183,5.0,9,0.789,0.379,,1.15,0.909,8.4,140.0,84.0,0.105,0.0,33.8,62.0,51.0,0.0,35.7,0.286,0.06343,Pindi_Bowra_4Acre_Basmati_Plot
2026-07-18T15:00:00,32.08907,73.59183,10.0,9,0.739,0.355,,1.15,0.909,8.4,140.0,84.0,0.084,0.0,33.5,61.0,0.0,0.0,35.0,0.301,0.06799,Pindi_Bowra_4Acre_Basmati_Plot
2026-07-18T16:00:00,32.088548,73.591584,5.0,7,0.788,0.378,,1.15,0.909,8.4,140.0,84.0,0.042,0.0,32.8,65.0,0.0,0.0,34.5,0.282,0.05278,Pindi_Bowra_4Acre_Basmati_Plot
2026-07-18T17:00:00,32.08907,73.59183,10.0,9,0.739,0.355,,1.15,0.909,8.4,140.0,84.0,0.052,0.0,32.4,66.0,0.0,0.0,34.1,0.301,0.06214,Pindi_Bowra_4Acre_Basmati_Plot
2026-07-18T18:00:00,32.088548,73.59183,5.0,9,0.789,0.379,,1.15,0.882,9.24,140.0,84.0,0.071,0.0,33.1,63.0,0.0,0.0,33.8,0.28,0.04769,Pindi_Bowra_4Acre_Basmati_Plot
2026-07-18T19:00:00,32.088548,73.591707,5.0,8,0.787,0.378,,1.15,0.882,9.24,140.0,84.0,0.051,0.0,32.4,65.0,0.0,0.0,33.6,0.278,0.04507,Pindi_Bowra_4Acre_Basmati_Plot
2026-07-18T20:00:00,32.088548,73.591584,5.0,7,0.788,0.378,,1.15,0.882,9.24,140.0,84.0,0.041,0.0,31.7,68.0,0.0,0.0,33.4,0.276,0.04271,Pindi_Bowra_4Acre_Basmati_Plot
2026-07-18T21:00:00,32.08907,73.59183,10.0,9,0.739,0.355,,1.15,0.882,9.24,140.0,84.0,0.02,0.0,31.1,70.0,0.0,0.0,33.1,0.295,0.05206,Pindi_Bowra_4Acre_Basmati_Plot
2026-07-18T22:00:00,32.088548,73.591461,5.0,6,0.793,0.381,,1.15,0.882,9.24,140.0,84.0,0.041,0.0,31.0,68.0,0.0,0.0,32.8,0.274,0.03903,Pindi_Bowra_4Acre_Basmati_Plot
2026-07-18T23:00:00,32.088548,73.591339,5.0,5,0.799,0.384,,1.15,0.882,9.24,140.0,84.0,0.01,0.0,30.5,70.0,0.0,0.0,32.6,0.272,0.03712,Pindi_Bowra_4Acre_Basmati_Plot
2026-07-19T00:00:00,32.08907,73.592075,10.0,11,0.751,0.36,,1.15,0.841,10.5,140.0,84.0,0.039,0.0,31.2,66.0,0.0,0.0,32.3,0.29,0.04558,Pindi_Bowra_4Acre_Basmati_Plot
2026-07-19T01:00:00,32.088548,73.59183,5.0,9,0.789,0.379,,1.15,0.841,10.5,140.0,84.0,0.048,0.0,30.8,70.0,18.0,0.0,32.2,0.271,0.03454,Pindi_Bowra_4Acre_Basmati_Plot
2026-07-19T02:00:00,32.08907,73.59183,10.0,9,0.739,0.355,,1.15,0.836,10.64,140.0,84.0,0.115,0.0,31.5,70.0,116.0,0.0,32.4,0.285,0.04207,Pindi_Bowra_4Acre_Basmati_Plot
2026-07-19T03:00:00,32.088443,73.592075,4.0,11,0.804,0.386,,1.15,0.836,10.64,140.0,84.0,0.212,0.0,32.6,67.0,248.0,0.0,33.0,0.271,0.03813,Pindi_Bowra_4Acre_Basmati_Plot
2026-07-19T04:00:00,32.088548,73.591339,5.0,5,0.799,0.384,,1.15,0.832,10.78,140.0,84.0,0.325,0.0,33.3,68.0,389.0,0.0,33.7,0.261,0.03267,Pindi_Bowra_4Acre_Basmati_Plot
2026-07-19T05:00:00,32.088548,73.591584,5.0,7,0.788,0.378,,1.15,0.823,11.06,140.0,84.0,0.378,0.0,33.6,69.0,470.0,0.0,34.3,0.263,0.03588,Pindi_Bowra_4Acre_Basmati_Plot
2026-07-19T06:00:00,32.08907,73.591707,10.0,8,0.737,0.354,,1.15,0.868,9.66,140.0,84.0,0.519,0.0,34.3,64.0,636.0,0.0,35.3,0.29,0.06038,Pindi_Bowra_4Acre_Basmati_Plot
2026-07-19T07:00:00,32.088548,73.591584,5.0,7,0.788,0.378,,1.15,0.859,9.94,140.0,84.0,0.553,0.0,35.3,58.0,672.0,0.0,36.0,0.271,0.05045,Pindi_Bowra_4Acre_Basmati_Plot
2026-07-19T08:00:00,32.088548,73.591707,5.0,8,0.787,0.378,,1.15,0.845,10.36,140.0,84.0,0.583,0.0,35.9,54.0,716.0,0.0,36.6,0.27,0.05245,Pindi_Bowra_4Acre_Basmati_Plot
2026-07-19T09:00:00,32.088548,73.591584,5.0,7,0.788,0.378,,1.15,0.836,10.64,140.0,84.0,0.539,0.0,36.3,51.0,672.0,0.0,37.1,0.266,0.05079,Pindi_Bowra_4Acre_Basmati_Plot
2026-07-19T10:00:00,32.088548,73.591584,5.0,7,0.788,0.378,,1.15,0.823,11.06,140.0,84.0,0.464,0.0,36.7,48.0,582.0,0.0,37.2,0.263,0.04796,Pindi_Bowra_4Acre_Basmati_Plot
2026-07-19T11:00:00,32.08907,73.59183,10.0,9,0.739,0.355,,1.15,0.818,11.2,140.0,84.0,0.376,0.0,36.8,48.0,459.0,0.0,37.0,0.281,0.06254,Pindi_Bowra_4Acre_Basmati_Plot
2026-07-19T12:00:00,32.088548,73.59183,5.0,9,0.789,0.379,,1.15,0.805,11.62,140.0,84.0,0.268,0.0,36.7,49.0,302.0,0.0,37.0,0.263,0.04707,Pindi_Bowra_4Acre_Basmati_Plot
2026-07-19T13:00:00,32.088548,73.591707,5.0,8,0.787,0.378,,1.15,0.8,11.76,140.0,84.0,0.147,0.0,35.2,61.0,164.0,0.0,36.4,0.26,0.04113,Pindi_Bowra_4Acre_Basmati_Plot
2026-07-19T14:00:00,32.088548,73.591584,5.0,7,0.788,0.378,,1.15,0.8,11.76,140.0,84.0,0.074,0.0,33.9,64.0,48.0,0.0,35.6,0.258,0.03611,Pindi_Bowra_4Acre_Basmati_Plot
2026-07-19T15:00:00,32.08907,73.59183,10.0,9,0.739,0.355,,1.15,0.8,11.76,140.0,84.0,0.064,0.0,33.2,64.0,0.0,0.0,34.9,0.277,0.04737,Pindi_Bowra_4Acre_Basmati_Plot
2026-07-19T16:00:00,32.088548,73.591461,5.0,6,0.793,0.381,,1.15,0.8,11.76,140.0,84.0,0.046,0.0,32.7,64.0,0.0,0.0,34.4,0.256,0.03054,Pindi_Bowra_4Acre_Basmati_Plot
2026-07-19T17:00:00,32.088548,73.591339,5.0,5,0.799,0.384,,1.15,0.8,11.76,140.0,84.0,0.037,0.0,32.2,65.0,0.0,0.0,34.0,0.254,0.02792,Pindi_Bowra_4Acre_Basmati_Plot
2026-07-19T18:00:00,32.08907,73.592075,10.0,11,0.751,0.36,,1.15,0.836,10.64,140.0,84.0,0.048,0.0,32.7,62.0,0.0,0.0,33.7,0.289,0.05168,Pindi_Bowra_4Acre_Basmati_Plot
2026-07-19T19:00:00,32.088548,73.591584,5.0,7,0.788,0.378,,1.15,0.836,10.64,140.0,84.0,0.038,0.0,31.7,67.0,0.0,0.0,33.5,0.266,0.03544,Pindi_Bowra_4Acre_Basmati_Plot
2026-07-19T20:00:00,32.08907,73.59183,10.0,9,0.739,0.355,,1.15,0.836,10.64,140.0,84.0,0.029,0.0,31.2,69.0,0.0,0.0,33.2,0.285,0.04557,Pindi_Bowra_4Acre_Basmati_Plot
2026-07-19T21:00:00,32.088548,73.59183,5.0,9,0.789,0.379,,1.15,0.836,10.64,140.0,84.0,0.019,0.0,30.6,73.0,0.0,0.0,32.9,0.27,0.03632,Pindi_Bowra_4Acre_Basmati_Plot
2026-07-19T22:00:00,32.088548,73.59183,5.0,9,0.789,0.379,,1.15,0.836,10.64,140.0,84.0,0.019,0.0,30.2,76.0,0.0,0.0,32.7,0.27,0.0356,Pindi_Bowra_4Acre_Basmati_Plot
2026-07-19T23:00:00,32.088548,73.59183,5.0,9,0.789,0.379,,1.15,0.836,10.64,140.0,84.0,0.019,0.0,30.0,81.0,0.0,0.0,32.5,0.27,0.0349,Pindi_Bowra_4Acre_Basmati_Plot
2026-07-20T00:00:00,32.08907,73.59183,10.0,9,0.739,0.355,,1.15,0.773,12.6,140.0,84.0,0.018,0.6,30.4,79.0,0.0,0.0,32.5,0.271,0.03334,Pindi_Bowra_4Acre_Basmati_Plot
2026-07-20T01:00:00,32.088548,73.59183,5.0,9,0.789,0.379,,1.15,0.773,12.6,140.0,84.0,0.036,0.6,30.3,81.0,15.0,0.0,32.4,0.256,0.02487,Pindi_Bowra_4Acre_Basmati_Plot
2026-07-20T02:00:00,32.08907,73.59183,10.0,9,0.739,0.355,,1.15,0.773,12.6,140.0,84.0,0.089,0.6,31.0,80.0,98.0,0.0,32.6,0.271,0.03367,Pindi_Bowra_4Acre_Basmati_Plot
2026-07-20T03:00:00,32.088548,73.591584,5.0,7,0.788,0.378,,1.15,0.773,12.6,140.0,84.0,0.178,0.6,31.6,80.0,232.0,0.0,33.0,0.252,0.02345,Pindi_Bowra_4Acre_Basmati_Plot
2026-07-20T04:00:00,32.08907,73.59183,10.0,9,0.739,0.355,,1.15,0.768,12.74,140.0,84.0,0.274,0.74,32.3,77.0,383.0,0.0,33.7,0.27,0.03685,Pindi_Bowra_4Acre_Basmati_Plot
2026-07-20T05:00:00,32.088548,73.59183,5.0,9,0.789,0.379,,1.15,0.759,13.02,140.0,84.0,0.402,1.02,33.2,72.0,574.0,0.0,34.6,0.253,0.02841,Pindi_Bowra_4Acre_Basmati_Plot
2026-07-20T06:00:00,32.088548,73.591707,5.0,8,0.787,0.378,,1.15,0.859,9.94,140.0,84.0,0.425,0.0,33.4,70.0,523.0,0.0,35.0,0.273,0.04737,Pindi_Bowra_4Acre_Basmati_Plot
2026-07-20T07:00:00,32.088548,73.591584,5.0,7,0.788,0.378,,1.15,0.855,10.08,140.0,84.0,0.491,0.0,33.0,72.0,630.0,0.0,35.5,0.27,0.04704,Pindi_Bowra_4Acre_Basmati_Plot
2026-07-20T08:00:00,32.08907,73.59183,10.0,9,0.739,0.355,,1.15,0.845,10.36,140.0,84.0,0.399,0.0,33.1,72.0,489.0,0.0,35.5,0.287,0.05912,Pindi_Bowra_4Acre_Basmati_Plot
2026-07-20T09:00:00,32.088548,73.591461,5.0,6,0.793,0.381,,1.15,0.836,10.64,140.0,84.0,0.519,0.0,34.3,66.0,652.0,0.0,36.1,0.264,0.04424,Pindi_Bowra_4Acre_Basmati_Plot
2026-07-20T10:00:00,32.088548,73.591339,5.0,5,0.799,0.384,,1.15,0.827,10.92,140.0,84.0,0.39,0.0,33.0,68.0,484.0,0.0,36.0,0.26,0.04012,Pindi_Bowra_4Acre_Basmati_Plot
2026-07-20T11:00:00,32.08907,73.592075,10.0,11,0.751,0.36,,1.15,0.823,11.06,140.0,84.0,0.274,0.0,33.2,70.0,321.0,0.0,35.7,0.286,0.06038,Pindi_Bowra_4Acre_Basmati_Plot
2026-07-20T12:00:00,32.088548,73.59183,5.0,9,0.789,0.379,,1.15,0.773,12.6,140.0,84.0,0.196,0.6,31.4,79.0,272.0,0.0,35.1,0.256,0.03259,Pindi_Bowra_4Acre_Basmati_Plot
2026-07-20T13:00:00,32.08907,73.59183,10.0,9,0.739,0.355,,1.15,0.768,12.74,140.0,84.0,0.133,0.74,31.2,78.0,137.0,0.0,34.5,0.27,0.03992,Pindi_Bowra_4Acre_Basmati_Plot
2026-07-20T14:00:00,32.088443,73.592075,4.0,11,0.804,0.386,,1.15,0.773,12.6,140.0,84.0,0.053,0.6,29.0,85.0,42.0,0.1,33.6,0.257,0.02937,Pindi_Bowra_4Acre_Basmati_Plot
2026-07-20T15:00:00,32.088548,73.591339,5.0,5,0.799,0.384,,1.15,0.773,12.6,140.0,84.0,0.036,0.6,28.6,87.0,0.0,0.0,32.8,0.247,0.01966,Pindi_Bowra_4Acre_Basmati_Plot
2026-07-20T16:00:00,32.088548,73.591584,5.0,7,0.788,0.378,,1.15,0.777,12.46,140.0,84.0,0.018,0.46,28.7,87.0,0.0,0.0,32.3,0.253,0.02255,Pindi_Bowra_4Acre_Basmati_Plot
2026-07-20T17:00:00,32.08907,73.591707,10.0,8,0.737,0.354,,1.15,0.777,12.46,140.0,84.0,0.018,0.46,28.8,86.0,0.0,0.0,32.0,0.27,0.03101,Pindi_Bowra_4Acre_Basmati_Plot
2026-07-20T18:00:00,32.088548,73.591584,5.0,7,0.788,0.378,,1.15,0.677,15.54,140.0,84.0,0.016,3.54,29.6,88.0,0.0,0.0,32.1,0.231,0.00737,Pindi_Bowra_4Acre_Basmati_Plot
2026-07-20T19:00:00,32.088548,73.591707,5.0,8,0.787,0.378,,1.15,0.686,15.26,140.0,84.0,0.008,3.26,28.9,92.0,0.0,0.3,31.7,0.235,0.00964,Pindi_Bowra_4Acre_Basmati_Plot
2026-07-20T20:00:00,32.088548,73.591584,5.0,7,0.788,0.378,,1.15,0.695,14.98,140.0,84.0,0.008,2.98,28.8,93.0,0.0,0.2,31.2,0.235,0.00918,Pindi_Bowra_4Acre_Basmati_Plot
2026-07-20T21:00:00,32.088548,73.591584,5.0,7,0.788,0.378,,1.15,0.7,14.84,140.0,84.0,0.008,2.84,28.4,93.0,0.0,0.1,30.8,0.236,0.00941,Pindi_Bowra_4Acre_Basmati_Plot
2026-07-20T22:00:00,32.08907,73.59183,10.0,9,0.739,0.355,,1.15,0.7,14.84,140.0,84.0,0.0,2.84,27.9,94.0,0.0,0.0,30.5,0.255,0.01873,Pindi_Bowra_4Acre_Basmati_Plot
2026-07-20T23:00:00,32.088548,73.59183,5.0,9,0.789,0.379,,1.15,0.705,14.7,140.0,84.0,0.0,2.7,27.6,92.0,0.0,0.0,30.3,0.24,0.0112,Pindi_Bowra_4Acre_Basmati_Plot
2026-07-21T00:00:00,32.088548,73.591707,5.0,8,0.787,0.378,,1.15,0.545,19.6,140.0,84.0,0.0,7.6,27.9,96.0,0.0,0.2,29.7,0.204,0.0,Pindi_Bowra_4Acre_Basmati_Plot
2026-07-21T01:00:00,32.088548,73.591584,5.0,7,0.788,0.378,,1.15,0.577,18.62,140.0,84.0,0.013,6.62,27.7,96.0,11.0,0.6,29.5,0.208,0.0,Pindi_Bowra_4Acre_Basmati_Plot
2026-07-21T02:00:00,32.08907,73.59183,10.0,9,0.739,0.355,,1.15,0.664,15.96,140.0,84.0,0.038,3.96,27.6,95.0,66.0,1.4,29.5,0.247,0.01308,Pindi_Bowra_4Acre_Basmati_Plot
2026-07-21T03:00:00,32.088548,73.591461,5.0,6,0.793,0.381,,1.15,0.718,14.28,140.0,84.0,0.074,2.28,27.6,94.0,117.0,0.9,29.5,0.237,0.00883,Pindi_Bowra_4Acre_Basmati_Plot
2026-07-21T04:00:00,32.088548,73.591339,5.0,5,0.799,0.384,,1.15,0.95,7.14,140.0,84.0,0.175,0.0,27.4,89.0,221.0,3.8,29.7,0.286,0.03525,Pindi_Bowra_4Acre_Basmati_Plot
2026-07-21T05:00:00,32.088548,73.591461,5.0,6,0.793,0.381,,1.15,1.0,0.0,140.0,84.0,0.127,0.0,27.0,93.0,144.0,6.5,29.5,0.374,0.06236,Pindi_Bowra_4Acre_Basmati_Plot
2026-07-21T06:00:00,32.088548,73.59183,5.0,9,0.789,0.379,,1.15,1.0,0.0,140.0,84.0,0.196,0.0,27.0,92.0,251.0,2.7,29.3,0.354,0.06081,Pindi_Bowra_4Acre_Basmati_Plot
2026-07-21T07:00:00,32.08907,73.59183,10.0,9,0.739,0.355,,1.15,1.0,0.0,140.0,84.0,0.138,0.0,26.9,94.0,171.0,1.2,29.2,0.382,0.05639,Pindi_Bowra_4Acre_Basmati_Plot
2026-07-21T08:00:00,32.088548,73.591707,5.0,8,0.787,0.378,,1.15,1.0,0.0,140.0,84.0,0.299,0.0,28.0,90.0,381.0,2.0,29.8,0.384,0.06377,Pindi_Bowra_4Acre_Basmati_Plot
2026-07-21T09:00:00,32.088548,73.591339,5.0,5,0.799,0.384,,1.15,1.0,0.0,140.0,84.0,0.218,0.0,27.5,92.0,266.0,1.3,29.8,0.385,0.06474,Pindi_Bowra_4Acre_Basmati_Plot
2026-07-21T10:00:00,32.088548,73.591461,5.0,6,0.793,0.381,,1.15,1.0,0.0,140.0,84.0,0.23,0.0,27.5,91.0,298.0,1.5,29.8,0.394,0.06426,Pindi_Bowra_4Acre_Basmati_Plot
2026-07-21T11:00:00,32.08907,73.59183,10.0,9,0.739,0.355,,1.15,1.0,0.0,140.0,84.0,0.241,0.0,27.8,86.0,292.0,0.3,29.8,0.408,0.05988,Pindi_Bowra_4Acre_Basmati_Plot
2026-07-21T12:00:00,32.088548,73.591339,5.0,5,0.799,0.384,,1.15,1.0,0.0,140.0,84.0,0.149,0.0,27.3,91.0,177.0,0.5,28.7,0.44,0.058,Pindi_Bowra_4Acre_Basmati_Plot
2026-07-21T13:00:00,32.088548,73.591339,5.0,5,0.799,0.384,,1.15,1.0,0.0,140.0,84.0,0.127,0.0,27.0,89.0,146.0,0.1,28.8,0.406,0.05858,Pindi_Bowra_4Acre_Basmati_Plot
2026-07-21T14:00:00,32.088548,73.591584,5.0,7,0.788,0.378,,1.15,1.0,0.0,140.0,84.0,0.046,0.0,26.5,90.0,42.0,0.0,28.7,0.403,0.0572,Pindi_Bowra_4Acre_Basmati_Plot
2026-07-21T15:00:00,32.088548,73.591584,5.0,7,0.788,0.378,,1.15,1.0,0.0,140.0,84.0,0.023,0.0,26.3,90.0,0.0,0.0,28.5,0.398,0.05607,Pindi_Bowra_4Acre_Basmati_Plot
2026-07-21T16:00:00,32.08907,73.592075,10.0,11,0.751,0.36,,1.15,1.0,0.0,140.0,84.0,0.0,0.0,26.1,91.0,0.0,0.0,28.4,0.417,0.0529,Pindi_Bowra_4Acre_Basmati_Plot
2026-07-21T17:00:00,32.08813,73.591461,1.0,6,0.777,0.373,,1.15,1.0,0.0,140.0,84.0,0.0,0.0,26.0,91.0,0.0,0.0,28.3,0.376,0.05419,Pindi_Bowra_4Acre_Basmati_Plot
2026-07-21T18:00:00,32.088339,73.590848,3.0,1,0.826,0.396,,1.15,1.0,0.0,140.0,84.0,0.011,0.0,26.6,88.0,0.0,0.0,28.3,0.38,0.05761,Pindi_Bowra_4Acre_Basmati_Plot
2026-07-21T19:00:00,32.088548,73.591584,5.0,7,0.788,0.378,,1.15,1.0,0.0,140.0,84.0,0.0,0.0,26.2,89.0,0.0,0.1,28.2,0.396,0.05441,Pindi_Bowra_4Acre_Basmati_Plot
2026-07-21T20:00:00,32.08907,73.59183,10.0,9,0.739,0.355,,1.15,1.0,0.0,140.0,84.0,0.0,0.0,26.0,90.0,0.0,0.0,28.1,0.411,0.05052,Pindi_Bowra_4Acre_Basmati_Plot
2026-07-21T21:00:00,32.088548,73.591461,5.0,6,0.793,0.381,,1.15,1.0,0.0,140.0,84.0,0.0,0.0,25.6,92.0,0.0,0.3,28.0,0.39,0.05367,Pindi_Bowra_4Acre_Basmati_Plot
2026-07-21T22:00:00,32.088548,73.591339,5.0,5,0.799,0.384,,1.15,1.0,0.0,140.0,84.0,0.0,0.0,24.5,97.0,0.0,4.2,27.5,0.427,0.05144,Pindi_Bowra_4Acre_Basmati_Plot
2026-07-21T23:00:00,32.08907,73.592075,10.0,11,0.751,0.36,,1.15,1.0,0.0,140.0,84.0,0.0,0.0,24.5,96.0,0.0,8.8,27.1,0.453,0.04645,Pindi_Bowra_4Acre_Basmati_Plot
2026-07-22T00:00:00,32.088548,73.59183,5.0,9,0.789,0.379,,1.15,1.0,0.0,140.0,84.0,0.0,0.0,25.5,95.0,0.0,2.1,27.3,0.399,0.04979,Pindi_Bowra_4Acre_Basmati_Plot
2026-07-22T01:00:00,32.08907,73.59183,10.0,9,0.739,0.355,,1.15,1.0,0.0,140.0,84.0,0.023,0.0,25.1,96.0,3.0,2.7,27.1,0.441,0.04571,Pindi_Bowra_4Acre_Basmati_Plot
2026-07-22T02:00:00,32.088443,73.592075,4.0,11,0.804,0.386,,1.15,1.0,0.0,140.0,84.0,0.046,0.0,25.1,95.0,40.0,2.6,27.0,0.436,0.04924,Pindi_Bowra_4Acre_Basmati_Plot
2026-07-22T03:00:00,32.088548,73.591339,5.0,5,0.799,0.384,,1.15,1.0,0.0,140.0,84.0,0.103,0.0,25.7,93.0,124.0,2.2,27.2,0.421,0.04992,Pindi_Bowra_4Acre_Basmati_Plot
2026-07-22T04:00:00,32.088548,73.591584,5.0,7,0.788,0.378,,1.15,1.0,0.0,140.0,84.0,0.092,0.0,25.9,93.0,87.0,1.7,27.2,0.427,0.04923,Pindi_Bowra_4Acre_Basmati_Plot
2026-07-22T05:00:00,32.08907,73.591707,10.0,8,0.737,0.354,,1.15,1.0,0.0,140.0,84.0,0.103,0.0,26.3,92.0,104.0,1.2,27.4,0.442,0.04698,Pindi_Bowra_4Acre_Basmati_Plot
2026-07-22T06:00:00,32.088548,73.591584,5.0,7,0.788,0.378,,1.15,1.0,0.0,140.0,84.0,0.115,0.0,25.9,93.0,133.0,0.7,27.1,0.461,0.04874,Pindi_Bowra_4Acre_Basmati_Plot
2026-07-22T07:00:00,32.088548,73.591707,5.0,8,0.787,0.378,,1.15,1.0,0.0,140.0,84.0,0.138,0.0,25.8,94.0,154.0,3.4,27.5,0.433,0.05067,Pindi_Bowra_4Acre_Basmati_Plot
2026-07-22T08:00:00,32.088548,73.591584,5.0,7,0.788,0.378,,1.15,1.0,0.0,140.0,84.0,0.138,0.0,26.1,93.0,153.0,1.8,27.6,0.429,0.05124,Pindi_Bowra_4Acre_Basmati_Plot
2026-07-22T09:00:00,32.088548,73.591584,5.0,7,0.788,0.378,,1.15,1.0,0.0,140.0,84.0,0.172,0.0,26.8,92.0,196.0,0.9,28.0,0.428,0.05333,Pindi_Bowra_4Acre_Basmati_Plot
2026-07-22T10:00:00,32.08907,73.59183,10.0,9,0.739,0.355,,1.15,1.0,0.0,140.0,84.0,0.161,0.0,27.2,92.0,174.0,0.8,28.2,0.447,0.05103,Pindi_Bowra_4Acre_Basmati_Plot
2026-07-22T11:00:00,32.088548,73.59183,5.0,9,0.789,0.379,,1.15,1.0,0.0,140.0,84.0,0.218,0.0,27.8,89.0,252.0,0.3,28.6,0.427,0.0567,Pindi_Bowra_4Acre_Basmati_Plot
2026-07-22T12:00:00,32.088548,73.591707,5.0,8,0.787,0.378,,1.15,1.0,0.0,140.0,84.0,0.184,0.0,27.0,87.0,222.0,0.1,28.1,0.436,0.0538,Pindi_Bowra_4Acre_Basmati_Plot
2026-07-22T13:00:00,32.088548,73.591584,5.0,7,0.788,0.378,,1.15,1.0,0.0,140.0,84.0,0.115,0.0,26.7,88.0,128.0,0.0,28.2,0.424,0.05441,Pindi_Bowra_4Acre_Basmati_Plot
2026-07-22T14:00:00,32.08907,73.59183,10.0,9,0.739,0.355,,1.15,1.0,0.0,140.0,84.0,0.046,0.0,26.2,92.0,43.0,0.0,28.0,0.44,0.05002,Pindi_Bowra_4Acre_Basmati_Plot
2026-07-22T15:00:00,32.088548,73.591461,5.0,6,0.793,0.381,,1.15,1.0,0.0,140.0,84.0,0.023,0.0,26.2,92.0,0.0,0.0,27.8,0.416,0.05261,Pindi_Bowra_4Acre_Basmati_Plot
2026-07-22T16:00:00,32.088548,73.591339,5.0,5,0.799,0.384,,1.15,1.0,0.0,140.0,84.0,0.0,0.0,26.1,93.0,0.0,0.0,27.7,0.412,0.05248,Pindi_Bowra_4Acre_Basmati_Plot
2026-07-22T17:00:00,32.08907,73.591952,10.0,10,0.744,0.357,,1.15,1.0,0.0,140.0,84.0,0.0,0.0,25.8,93.0,0.0,0.0,27.5,0.435,0.0479,Pindi_Bowra_4Acre_Basmati_Plot
2026-07-22T18:00:00,32.088548,73.59183,5.0,9,0.789,0.379,,1.15,1.0,0.0,140.0,84.0,0.0,0.0,26.4,91.0,0.0,0.0,27.6,0.42,0.05131,Pindi_Bowra_4Acre_Basmati_Plot
2026-07-22T19:00:00,32.08907,73.59183,10.0,9,0.739,0.355,,1.15,1.0,0.0,140.0,84.0,0.0,0.0,25.9,91.0,0.0,0.0,27.5,0.433,0.04758,Pindi_Bowra_4Acre_Basmati_Plot
2026-07-22T20:00:00,32.088548,73.591707,5.0,8,0.787,0.378,,1.15,1.0,0.0,140.0,84.0,0.0,0.0,25.7,91.0,0.0,0.0,27.4,0.414,0.05016,Pindi_Bowra_4Acre_Basmati_Plot
2026-07-22T21:00:00,32.088548,73.591339,5.0,5,0.799,0.384,,1.15,1.0,0.0,140.0,84.0,0.0,0.0,25.6,91.0,0.0,0.0,27.3,0.406,0.05042,Pindi_Bowra_4Acre_Basmati_Plot
2026-07-22T22:00:00,32.088548,73.591584,5.0,7,0.788,0.378,,1.15,1.0,0.0,140.0,84.0,0.0,0.0,25.4,91.0,0.0,0.0,27.2,0.409,0.04923,Pindi_Bowra_4Acre_Basmati_Plot
2026-07-22T23:00:00,32.08907,73.59183,10.0,9,0.739,0.355,,1.15,1.0,0.0,140.0,84.0,0.0,0.0,25.2,92.0,0.0,0.5,27.0,0.43,0.04526,Pindi_Bowra_4Acre_Basmati_Plot
2026-07-23T00:00:00,32.088548,73.591461,5.0,6,0.793,0.381,,1.15,1.0,0.0,140.0,84.0,0.0,0.0,24.2,98.0,0.0,0.1,26.9,0.41,0.04808,Pindi_Bowra_4Acre_Basmati_Plot
2026-07-23T01:00:00,32.088548,73.591339,5.0,5,0.799,0.384,,1.15,1.0,0.0,140.0,84.0,0.011,0.0,24.3,97.0,5.0,1.5,26.6,0.423,0.04701,Pindi_Bowra_4Acre_Basmati_Plot
2026-07-23T02:00:00,32.088548,73.591584,5.0,7,0.788,0.378,,1.15,1.0,0.0,140.0,84.0,0.069,0.0,25.2,94.0,78.0,2.5,26.7,0.428,0.04683,Pindi_Bowra_4Acre_Basmati_Plot
2026-07-23T03:00:00,32.088548,73.591952,5.0,10,0.794,0.381,,1.15,1.0,0.0,140.0,84.0,0.103,0.0,25.9,92.0,124.0,0.2,26.9,0.429,0.04814,Pindi_Bowra_4Acre_Basmati_Plot
2026-07-23T04:00:00,32.08907,73.59183,10.0,9,0.739,0.355,,1.15,1.0,0.0,140.0,84.0,0.333,0.0,28.1,81.0,400.0,0.0,27.9,0.439,0.04952,Pindi_Bowra_4Acre_Basmati_Plot
2026-07-23T05:00:00,32.088548,73.59183,5.0,9,0.789,0.379,,1.15,1.0,0.0,140.0,84.0,0.425,0.0,29.1,78.0,506.0,0.0,29.0,0.42,0.05902,Pindi_Bowra_4Acre_Basmati_Plot
2026-07-23T06:00:00,32.088548,73.591707,5.0,8,0.787,0.378,,1.15,1.0,0.0,140.0,84.0,0.552,0.0,29.5,73.0,662.0,0.2,30.1,0.418,0.06571,Pindi_Bowra_4Acre_Basmati_Plot
2026-07-23T07:00:00,32.088548,73.591584,5.0,7,0.788,0.378,,1.15,1.0,0.0,140.0,84.0,0.598,0.0,29.6,72.0,718.0,0.0,30.8,0.412,0.07057,Pindi_Bowra_4Acre_Basmati_Plot
2026-07-23T08:00:00,32.08907,73.59183,10.0,9,0.739,0.355,,1.15,1.0,0.0,140.0,84.0,0.598,0.0,29.8,71.0,718.0,0.0,31.3,0.427,0.06957,Pindi_Bowra_4Acre_Basmati_Plot
2026-07-23T09:00:00,32.088548,73.591461,5.0,6,0.793,0.381,,1.15,1.0,0.0,140.0,84.0,0.609,0.0,30.3,67.0,701.0,0.0,31.7,0.403,0.0777,Pindi_Bowra_4Acre_Basmati_Plot
2026-07-23T10:00:00,32.088548,73.591339,5.0,5,0.799,0.384,,1.15,1.0,0.0,140.0,84.0,0.425,0.0,30.0,69.0,455.0,0.0,31.6,0.398,0.07751,Pindi_Bowra_4Acre_Basmati_Plot
2026-07-23T11:00:00,32.08907,73.592075,10.0,11,0.751,0.36,,1.15,1.0,0.0,140.0,84.0,0.368,0.0,29.7,71.0,387.0,0.0,31.5,0.423,0.07213,Pindi_Bowra_4Acre_Basmati_Plot
2026-07-23T12:00:00,32.088548,73.591584,5.0,7,0.788,0.378,,1.15,1.0,0.0,140.0,84.0,0.287,0.0,29.4,72.0,291.0,0.0,30.2,0.421,0.06646,Pindi_Bowra_4Acre_Basmati_Plot
2026-07-23T13:00:00,32.08907,73.59183,10.0,9,0.739,0.355,,1.15,1.0,0.0,140.0,84.0,0.172,0.0,28.7,77.0,166.0,0.0,29.9,0.436,0.06048,Pindi_Bowra_4Acre_Basmati_Plot
2026-07-23T14:00:00,32.088548,73.59183,5.0,9,0.789,0.379,,1.15,1.0,0.0,140.0,84.0,0.046,0.0,27.7,82.0,43.0,0.0,29.4,0.418,0.06143,Pindi_Bowra_4Acre_Basmati_Plot
2026-07-23T15:00:00,32.088548,73.591707,5.0,8,0.787,0.378,,1.15,1.0,0.0,140.0,84.0,0.023,0.0,27.1,85.0,0.0,0.0,28.9,0.414,0.05828,Pindi_Bowra_4Acre_Basmati_Plot
2026-07-23T16:00:00,32.088548,73.591584,5.0,7,0.788,0.378,,1.15,1.0,0.0,140.0,84.0,0.0,0.0,26.7,87.0,0.0,0.0,28.5,0.411,0.05607,Pindi_Bowra_4Acre_Basmati_Plot
2026-07-23T17:00:00,32.08907,73.59183,10.0,9,0.739,0.355,,1.15,1.0,0.0,140.0,84.0,0.0,0.0,26.3,89.0,0.0,0.0,28.2,0.428,0.05103,Pindi_Bowra_4Acre_Basmati_Plot
2026-07-23T18:00:00,32.088548,73.591461,5.0,6,0.793,0.381,,1.15,1.0,0.0,140.0,84.0,0.0,0.0,27.0,87.0,0.0,0.0,28.2,0.408,0.05476,Pindi_Bowra_4Acre_Basmati_Plot
2026-07-23T19:00:00,32.088548,73.591339,5.0,5,0.799,0.384,,1.15,1.0,0.0,140.0,84.0,0.0,0.0,26.5,90.0,0.0,0.0,28.1,0.404,0.05462,Pindi_Bowra_4Acre_Basmati_Plot
2026-07-23T20:00:00,32.088548,73.591461,5.0,6,0.793,0.381,,1.15,1.0,0.0,140.0,84.0,0.0,0.0,26.3,90.0,0.0,0.0,27.9,0.406,0.05314,Pindi_Bowra_4Acre_Basmati_Plot
2026-07-23T21:00:00,32.088548,73.59183,5.0,9,0.789,0.379,,1.15,1.0,0.0,140.0,84.0,0.0,0.0,26.1,90.0,0.0,0.0,27.8,0.411,0.05234,Pindi_Bowra_4Acre_Basmati_Plot
2026-07-23T22:00:00,32.08907,73.591707,10.0,8,0.737,0.354,,1.15,1.0,0.0,140.0,84.0,0.011,0.0,25.2,89.0,0.0,0.4,27.6,0.425,0.04793,Pindi_Bowra_4Acre_Basmati_Plot
2026-07-23T23:00:00,32.088548,73.591584,5.0,7,0.788,0.378,,1.15,1.0,0.0,140.0,84.0,0.0,0.0,24.4,93.0,0.0,0.3,27.0,0.408,0.04826,Pindi_Bowra_4Acre_Basmati_Plot
2026-07-24T00:00:00,32.088548,73.591707,5.0,8,0.787,0.378,,1.15,1.0,0.0,140.0,84.0,0.0,0.0,24.7,94.0,0.0,1.1,27.2,0.348,0.04917,Pindi_Bowra_4Acre_Basmati_Plot
2026-07-24T01:00:00,32.08907,73.591952,10.0,10,0.744,0.357,,1.15,1.0,0.0,140.0,84.0,0.023,0.0,25.1,94.0,6.0,1.2,26.8,0.384,0.04466,Pindi_Bowra_4Acre_Basmati_Plot
2026-07-24T02:00:00,32.088548,73.591584,5.0,7,0.788,0.378,,1.15,1.0,0.0,140.0,84.0,0.069,0.0,25.3,95.0,91.0,2.6,26.9,0.396,0.04778,Pindi_Bowra_4Acre_Basmati_Plot
2026-07-24T03:00:00,32.08907,73.59183,10.0,9,0.739,0.355,,1.15,1.0,0.0,140.0,84.0,0.149,0.0,25.7,93.0,199.0,0.4,27.2,0.414,0.04617,Pindi_Bowra_4Acre_Basmati_Plot
2026-07-24T04:00:00,32.088548,73.591461,5.0,6,0.793,0.381,,1.15,1.0,0.0,140.0,84.0,0.276,0.0,27.3,84.0,342.0,0.1,27.9,0.39,0.05314,Pindi_Bowra_4Acre_Basmati_Plot
2026-07-24T05:00:00,32.088548,73.591339,5.0,5,0.799,0.384,,1.15,1.0,0.0,140.0,84.0,0.391,0.0,28.5,79.0,474.0,0.0,28.8,0.384,0.05858,Pindi_Bowra_4Acre_Basmati_Plot
2026-07-24T06:00:00,32.088548,73.591461,5.0,6,0.793,0.381,,1.15,1.0,0.0,140.0,84.0,0.506,0.0,29.3,77.0,617.0,0.1,29.7,0.399,0.06362,Pindi_Bowra_4Acre_Basmati_Plot
2026-07-24T07:00:00,32.088548,73.59183,5.0,9,0.789,0.379,,1.15,1.0,0.0,140.0,84.0,0.621,0.0,30.5,74.0,740.0,0.0,30.8,0.399,0.07066,Pindi_Bowra_4Acre_Basmati_Plot
2026-07-24T08:00:00,32.08907,73.59183,10.0,9,0.739,0.355,,1.15,1.0,0.0,140.0,84.0,0.632,0.0,31.1,73.0,733.0,0.1,31.6,0.41,0.07169,Pindi_Bowra_4Acre_Basmati_Plot
2026-07-24T09:00:00,32.088548,73.591707,5.0,8,0.787,0.378,,1.15,1.0,0.0,140.0,84.0,0.609,0.0,31.3,72.0,701.0,0.1,32.2,0.389,0.08107,Pindi_Bowra_4Acre_Basmati_Plot
2026-07-24T10:00:00,32.088548,73.591339,5.0,5,0.799,0.384,,1.15,1.0,0.0,140.0,84.0,0.564,0.0,31.5,71.0,641.0,0.1,32.5,0.38,0.08481,Pindi_Bowra_4Acre_Basmati_Plot
2026-07-24T11:00:00,32.088548,73.591461,5.0,6,0.793,0.381,,1.15,1.0,0.0,140.0,84.0,0.448,0.0,31.5,69.0,498.0,0.0,32.5,0.378,0.08417,Pindi_Bowra_4Acre_Basmati_Plot
2026-07-24T12:00:00,32.08907,73.59183,10.0,9,0.739,0.355,,1.15,1.0,0.0,140.0,84.0,0.31,0.0,31.5,68.0,331.0,0.0,32.3,0.374,0.07689,Pindi_Bowra_4Acre_Basmati_Plot
2026-07-24T13:00:00,32.088548,73.591339,5.0,5,0.799,0.384,,1.15,1.0,0.0,140.0,84.0,0.161,0.0,31.0,73.0,161.0,0.0,31.8,0.351,0.07908,Pindi_Bowra_4Acre_Basmati_Plot
2026-07-24T14:00:00,32.088548,73.591339,5.0,5,0.799,0.384,,1.15,1.0,0.0,140.0,84.0,0.046,0.0,29.8,81.0,45.0,0.0,31.1,0.35,0.07373,Pindi_Bowra_4Acre_Basmati_Plot
2026-07-24T15:00:00,32.088548,73.591461,5.0,6,0.793,0.381,,1.15,1.0,0.0,140.0,84.0,0.023,0.0,29.2,82.0,0.0,0.0,30.5,0.352,0.06892,Pindi_Bowra_4Acre_Basmati_Plot
2026-07-24T16:00:00,32.088548,73.59183,5.0,9,0.789,0.379,,1.15,1.0,0.0,140.0,84.0,0.0,0.0,28.9,82.0,0.0,0.0,30.0,0.357,0.06522,Pindi_Bowra_4Acre_Basmati_Plot
2026-07-24T17:00:00,32.08907,73.591707,10.0,8,0.737,0.354,,1.15,1.0,0.0,140.0,84.0,0.0,0.0,28.5,82.0,0.0,0.0,29.7,0.37,0.05912,Pindi_Bowra_4Acre_Basmati_Plot
2026-07-24T18:00:00,32.088548,73.591584,5.0,7,0.788,0.378,,1.15,1.0,0.0,140.0,84.0,0.0,0.0,29.2,81.0,0.0,0.0,29.6,0.348,0.06259,Pindi_Bowra_4Acre_Basmati_Plot
2026-07-24T19:00:00,32.088548,73.591707,5.0,8,0.787,0.378,,1.15,1.0,0.0,140.0,84.0,0.011,0.0,28.7,82.0,0.0,0.0,29.5,0.349,0.06189,Pindi_Bowra_4Acre_Basmati_Plot
2026-07-24T20:00:00,32.08907,73.59183,10.0,9,0.739,0.355,,1.15,1.0,0.0,140.0,84.0,0.0,0.0,28.1,87.0,0.0,0.3,29.3,0.368,0.05696,Pindi_Bowra_4Acre_Basmati_Plot
2026-07-24T21:00:00,32.088548,73.591952,5.0,10,0.794,0.381,,1.15,1.0,0.0,140.0,84.0,0.0,0.0,28.1,88.0,0.0,0.2,29.0,0.356,0.05939,Pindi_Bowra_4Acre_Basmati_Plot
2026-07-24T22:00:00,32.08907,73.591707,10.0,8,0.737,0.354,,1.15,1.0,0.0,140.0,84.0,0.011,0.0,27.4,89.0,0.0,0.0,28.7,0.367,0.0535,Pindi_Bowra_4Acre_Basmati_Plot
2026-07-24T23:00:00,32.088548,73.591584,5.0,7,0.788,0.378,,1.15,1.0,0.0,140.0,84.0,0.0,0.0,25.8,95.0,0.0,0.1,28.3,0.351,0.05496,Pindi_Bowra_4Acre_Basmati_Plot
2026-07-25T00:00:00,32.088548,73.591707,5.0,8,0.787,0.378,,1.15,1.0,0.0,140.0,84.0,0.0,0.0,25.7,98.0,0.0,1.2,28.0,0.429,0.05327,Pindi_Bowra_4Acre_Basmati_Plot
2026-07-25T01:00:00,32.08907,73.591952,10.0,10,0.744,0.357,,1.15,1.0,0.0,140.0,84.0,0.023,0.0,25.8,96.0,4.0,1.4,27.7,0.447,0.04887,Pindi_Bowra_4Acre_Basmati_Plot
2026-07-25T02:00:00,32.088548,73.591461,5.0,6,0.793,0.381,,1.15,1.0,0.0,140.0,84.0,0.057,0.0,26.2,95.0,69.0,0.5,27.8,0.418,0.05261,Pindi_Bowra_4Acre_Basmati_Plot
2026-07-25T03:00:00,32.08907,73.59183,10.0,9,0.739,0.355,,1.15,1.0,0.0,140.0,84.0,0.184,0.0,27.4,89.0,237.0,0.3,28.3,0.435,0.05154,Pindi_Bowra_4Acre_Basmati_Plot
2026-07-25T04:00:00,32.088548,73.59183,5.0,9,0.789,0.379,,1.15,1.0,0.0,140.0,84.0,0.23,0.0,27.9,85.0,257.0,0.2,28.7,0.416,0.05727,Pindi_Bowra_4Acre_Basmati_Plot
2026-07-25T05:00:00,32.088548,73.591707,5.0,8,0.787,0.378,,1.15,1.0,0.0,140.0,84.0,0.287,0.0,28.4,82.0,326.0,0.2,29.2,0.411,0.06006,Pindi_Bowra_4Acre_Basmati_Plot
2026-07-25T06:00:00,32.088548,73.591584,5.0,7,0.788,0.378,,1.15,1.0,0.0,140.0,84.0,0.299,0.0,26.4,92.0,382.0,0.0,29.2,0.413,0.06013,Pindi_Bowra_4Acre_Basmati_Plot
2026-07-25T07:00:00,32.08907,73.59183,10.0,9,0.739,0.355,,1.15,1.0,0.0,140.0,84.0,0.138,0.0,27.0,90.0,147.0,2.9,28.7,0.449,0.05364,Pindi_Bowra_4Acre_Basmati_Plot
2026-07-25T08:00:00,32.088548,73.591461,5.0,6,0.793,0.381,,1.15,1.0,0.0,140.0,84.0,0.149,0.0,26.9,91.0,171.0,2.4,28.6,0.429,0.05699,Pindi_Bowra_4Acre_Basmati_Plot
2026-07-25T09:00:00,32.088548,73.591339,5.0,5,0.799,0.384,,1.15,1.0,0.0,140.0,84.0,0.23,0.0,27.2,93.0,276.0,3.5,28.8,0.422,0.05858,Pindi_Bowra_4Acre_Basmati_Plot
2026-07-25T10:00:00,32.088548,73.591461,5.0,6,0.793,0.381,,1.15,1.0,0.0,140.0,84.0,0.333,0.0,28.5,85.0,406.0,0.2,29.5,0.421,0.06236,Pindi_Bowra_4Acre_Basmati_Plot
2026-07-25T11:00:00,32.088548,73.59183,5.0,9,0.789,0.379,,1.15,1.0,0.0,140.0,84.0,0.265,0.0,28.6,86.0,323.0,0.3,29.7,0.424,0.0633,Pindi_Bowra_4Acre_Basmati_Plot
2026-07-25T12:00:00,32.08907,73.591707,10.0,8,0.737,0.354,,1.15,1.0,0.0,140.0,84.0,0.253,0.0,29.1,81.0,276.0,0.1,29.5,0.462,0.05795,Pindi_Bowra_4Acre_Basmati_Plot
2026-07-25T13:00:00,32.088548,73.591584,5.0,7,0.788,0.378,,1.15,1.0,0.0,140.0,84.0,0.149,0.0,28.9,82.0,156.0,0.0,29.5,0.425,0.06196,Pindi_Bowra_4Acre_Basmati_Plot
2026-07-25T14:00:00,32.088548,73.591707,5.0,8,0.787,0.378,,1.15,1.0,0.0,140.0,84.0,0.057,0.0,28.4,85.0,43.0,0.0,29.3,0.424,0.06066,Pindi_Bowra_4Acre_Basmati_Plot
2026-07-25T15:00:00,32.08907,73.591952,10.0,10,0.744,0.357,,1.15,1.0,0.0,140.0,84.0,0.034,0.0,28.1,85.0,0.0,0.0,29.0,0.442,0.05565,Pindi_Bowra_4Acre_Basmati_Plot
2026-07-25T16:00:00,32.088548,73.591461,5.0,6,0.793,0.381,,1.15,1.0,0.0,140.0,84.0,0.0,0.0,27.7,85.0,0.0,0.0,28.7,0.416,0.05756,Pindi_Bowra_4Acre_Basmati_Plot
2026-07-25T17:00:00,32.08907,73.59183,10.0,9,0.739,0.355,,1.15,1.0,0.0,140.0,84.0,0.0,0.0,27.3,88.0,0.0,0.0,28.5,0.435,0.05258,Pindi_Bowra_4Acre_Basmati_Plot
2026-07-25T18:00:00,32.088548,73.591339,5.0,5,0.799,0.384,,1.15,1.0,0.0,140.0,84.0,0.0,0.0,27.2,89.0,0.0,0.0,28.3,0.411,0.05572,Pindi_Bowra_4Acre_Basmati_Plot
2026-07-25T19:00:00,32.088548,73.591339,5.0,5,0.799,0.384,,1.15,1.0,0.0,140.0,84.0,0.0,0.0,26.7,91.0,0.0,0.0,28.1,0.409,0.05462,Pindi_Bowra_4Acre_Basmati_Plot
2026-07-25T20:00:00,32.08907,73.591952,10.0,10,0.744,0.357,,1.15,1.0,0.0,140.0,84.0,0.0,0.0,26.5,91.0,0.0,0.0,28.0,0.433,0.05036,Pindi_Bowra_4Acre_Basmati_Plot
2026-07-25T21:00:00,32.088548,73.59183,5.0,9,0.789,0.379,,1.15,1.0,0.0,140.0,84.0,0.0,0.0,26.4,91.0,0.0,0.0,27.9,0.415,0.05287,Pindi_Bowra_4Acre_Basmati_Plot
2026-07-25T22:00:00,32.08907,73.59183,10.0,9,0.739,0.355,,1.15,1.0,0.0,140.0,84.0,0.0,0.0,26.3,91.0,0.0,0.0,27.8,0.429,0.04903,Pindi_Bowra_4Acre_Basmati_Plot
2026-07-25T23:00:00,32.088548,73.591707,5.0,8,0.787,0.378,,1.15,1.0,0.0,140.0,84.0,0.0,0.0,26.2,92.0,0.0,0.0,27.7,0.411,0.05169,Pindi_Bowra_4Acre_Basmati_Plot
2026-07-26T00:00:00,32.088548,73.591339,5.0,5,0.799,0.384,,1.15,1.0,0.0,140.0,84.0,0.0,0.0,25.5,97.0,0.0,0.0,27.7,0.415,0.05248,Pindi_Bowra_4Acre_Basmati_Plot
2026-07-26T01:00:00,32.088548,73.591584,5.0,7,0.788,0.378,,1.15,1.0,0.0,140.0,84.0,0.011,0.0,25.4,97.0,12.0,1.0,27.3,0.427,0.04973,Pindi_Bowra_4Acre_Basmati_Plot
2026-07-26T02:00:00,32.08907,73.59183,10.0,9,0.739,0.355,,1.15,1.0,0.0,140.0,84.0,0.081,0.0,26.5,95.0,105.0,0.1,27.5,0.443,0.04758,Pindi_Bowra_4Acre_Basmati_Plot
2026-07-26T03:00:00,32.088548,73.591461,5.0,6,0.793,0.381,,1.15,1.0,0.0,140.0,84.0,0.196,0.0,27.9,91.0,250.0,0.0,28.3,0.418,0.05531,Pindi_Bowra_4Acre_Basmati_Plot
2026-07-26T04:00:00,32.088548,73.591339,5.0,5,0.799,0.384,,1.15,1.0,0.0,140.0,84.0,0.31,0.0,29.4,86.0,361.0,0.2,29.3,0.415,0.06159,Pindi_Bowra_4Acre_Basmati_Plot
2026-07-26T05:00:00,32.088548,73.591461,5.0,6,0.793,0.381,,1.15,1.0,0.0,140.0,84.0,0.483,0.0,30.6,82.0,559.0,0.2,30.5,0.415,0.06892,Pindi_Bowra_4Acre_Basmati_Plot
2026-07-26T06:00:00,32.088548,73.59183,5.0,9,0.789,0.379,,1.15,1.0,0.0,140.0,84.0,0.621,0.0,31.5,74.0,710.0,0.1,31.7,0.426,0.07731,Pindi_Bowra_4Acre_Basmati_Plot
2026-07-26T07:00:00,32.08907,73.591707,10.0,8,0.737,0.354,,1.15,1.0,0.0,140.0,84.0,0.678,0.0,32.5,67.0,761.0,0.1,32.5,0.433,0.07823,Pindi_Bowra_4Acre_Basmati_Plot
2026-07-26T08:00:00,32.088548,73.591584,5.0,7,0.788,0.378,,1.15,1.0,0.0,140.0,84.0,0.667,0.0,32.9,65.0,743.0,0.1,33.1,0.413,0.08882,Pindi_Bowra_4Acre_Basmati_Plot
2026-07-26T09:00:00,32.088548,73.591707,5.0,8,0.787,0.378,,1.15,1.0,0.0,140.0,84.0,0.644,0.0,33.4,64.0,707.0,0.1,33.5,0.411,0.09232,Pindi_Bowra_4Acre_Basmati_Plot
2026-07-26T10:00:00,32.08907,73.591952,10.0,10,0.744,0.357,,1.15,1.0,0.0,140.0,84.0,0.586,0.0,33.7,62.0,640.0,0.0,33.7,0.428,0.08904,Pindi_Bowra_4Acre_Basmati_Plot
2026-07-26T11:00:00,32.088548,73.591461,5.0,6,0.793,0.381,,1.15,1.0,0.0,140.0,84.0,0.471,0.0,33.6,63.0,511.0,0.0,33.7,0.402,0.09491,Pindi_Bowra_4Acre_Basmati_Plot
2026-07-26T12:00:00,32.08907,73.59183,10.0,9,0.739,0.355,,1.15,1.0,0.0,140.0,84.0,0.322,0.0,33.2,65.0,343.0,0.0,33.4,0.419,0.08583,Pindi_Bowra_4Acre_Basmati_Plot
2026-07-26T13:00:00,32.088548,73.591339,5.0,5,0.799,0.384,,1.15,1.0,0.0,140.0,84.0,0.138,0.0,32.8,69.0,142.0,0.2,32.8,0.397,0.08739,Pindi_Bowra_4Acre_Basmati_Plot
2026-07-26T14:00:00,32.088548,73.591339,5.0,5,0.799,0.384,,1.15,1.0,0.0,140.0,84.0,0.034,0.0,31.3,79.0,39.0,0.0,32.1,0.396,0.08149,Pindi_Bowra_4Acre_Basmati_Plot
2026-07-26T15:00:00,32.08907,73.59183,10.0,9,0.739,0.355,,1.15,1.0,0.0,140.0,84.0,0.011,0.0,30.6,83.0,0.0,0.0,31.4,0.419,0.07027,Pindi_Bowra_4Acre_Basmati_Plot
2026-07-26T16:00:00,32.088548,73.59097,5.0,2,0.821,0.394,,1.15,1.0,0.0,140.0,84.0,0.0,0.0,29.9,85.0,0.0,0.0,30.9,0.389,0.07426,Pindi_Bowra_4Acre_Basmati_Plot
2026-07-26T17:00:00,32.08907,73.59183,10.0,9,0.739,0.355,,1.15,1.0,0.0,140.0,84.0,0.0,0.0,29.3,89.0,0.0,0.0,30.5,0.418,0.06422,Pindi_Bowra_4Acre_Basmati_Plot
2026-07-26T18:00:00,32.088548,73.591707,5.0,8,0.787,0.378,,1.15,1.0,0.0,140.0,84.0,0.0,0.0,29.4,89.0,0.0,0.0,30.6,0.399,0.06908,Pindi_Bowra_4Acre_Basmati_Plot
2026-07-26T19:00:00,32.088548,73.591339,5.0,5,0.799,0.384,,1.15,1.0,0.0,140.0,84.0,0.0,0.0,28.9,91.0,0.0,0.0,30.2,0.393,0.06738,Pindi_Bowra_4Acre_Basmati_Plot
2026-07-26T20:00:00,32.088548,73.591461,5.0,6,0.793,0.381,,1.15,1.0,0.0,140.0,84.0,0.0,0.0,28.6,92.0,0.0,0.0,30.0,0.394,0.06555,Pindi_Bowra_4Acre_Basmati_Plot
2026-07-26T21:00:00,32.08907,73.59183,10.0,9,0.739,0.355,,1.15,1.0,0.0,140.0,84.0,0.0,0.0,28.4,92.0,0.0,0.0,29.7,0.415,0.05929,Pindi_Bowra_4Acre_Basmati_Plot
2026-07-26T22:00:00,32.088548,73.591339,5.0,5,0.799,0.384,,1.15,1.0,0.0,140.0,84.0,0.0,0.0,28.3,93.0,0.0,0.0,29.6,0.392,0.06346,Pindi_Bowra_4Acre_Basmati_Plot
2026-07-26T23:00:00,32.088548,73.591339,5.0,5,0.799,0.384,,1.15,1.0,0.0,140.0,84.0,0.0,0.0,28.2,93.0,0.0,0.0,29.4,0.391,0.0622,Pindi_Bowra_4Acre_Basmati_Plot
2026-07-27T00:00:00,32.088548,73.591461,5.0,6,0.793,0.381,,1.15,1.0,0.0,140.0,84.0,0.0,0.0,28.7,93.0,0.0,0.0,29.4,0.378,0.06174,Pindi_Bowra_4Acre_Basmati_Plot
2026-07-27T01:00:00,32.088548,73.59183,5.0,9,0.789,0.379,,1.15,1.0,0.0,140.0,84.0,0.011,0.0,28.8,92.0,14.0,0.0,29.4,0.384,0.06143,Pindi_Bowra_4Acre_Basmati_Plot
2026-07-27T02:00:00,32.08907,73.591707,10.0,8,0.737,0.354,,1.15,1.0,0.0,140.0,84.0,0.092,0.0,30.1,86.0,111.0,0.0,29.9,0.397,0.06032,Pindi_Bowra_4Acre_Basmati_Plot
2026-07-27T03:00:00,32.088548,73.591584,5.0,7,0.788,0.378,,1.15,1.0,0.0,140.0,84.0,0.241,0.0,31.5,78.0,272.0,0.0,30.7,0.379,0.06986,Pindi_Bowra_4Acre_Basmati_Plot
2026-07-27T04:00:00,32.088548,73.591707,5.0,8,0.787,0.378,,1.15,1.0,0.0,140.0,84.0,0.402,0.0,32.6,70.0,451.0,0.0,31.7,0.38,0.07711,Pindi_Bowra_4Acre_Basmati_Plot
2026-07-27T05:00:00,32.08907,73.59183,10.0,9,0.739,0.355,,1.15,1.0,0.0,140.0,84.0,0.552,0.0,33.3,67.0,612.0,0.0,32.7,0.395,0.08003,Pindi_Bowra_4Acre_Basmati_Plot
2026-07-27T06:00:00,32.088548,73.591952,5.0,10,0.794,0.381,,1.15,1.0,0.0,140.0,84.0,0.667,0.0,33.5,65.0,732.0,0.0,33.7,0.38,0.09503,Pindi_Bowra_4Acre_Basmati_Plot
2026-07-27T07:00:00,32.08907,73.591707,10.0,8,0.737,0.354,,1.15,1.0,0.0,140.0,84.0,0.69,0.0,34.2,63.0,748.0,0.0,34.3,0.388,0.09366,Pindi_Bowra_4Acre_Basmati_Plot
2026-07-27T08:00:00,32.088548,73.591584,5.0,7,0.788,0.378,,1.15,1.0,0.0,140.0,84.0,0.736,0.0,34.8,61.0,799.0,0.0,34.9,0.368,0.10633,Pindi_Bowra_4Acre_Basmati_Plot
2026-07-27T09:00:00,32.088548,73.591707,5.0,8,0.787,0.378,,1.15,1.0,0.0,140.0,84.0,0.701,0.0,35.2,59.0,750.0,0.0,35.2,0.367,0.10943,Pindi_Bowra_4Acre_Basmati_Plot
2026-07-27T10:00:00,32.088548,73.591339,5.0,5,0.799,0.384,,1.15,1.0,0.0,140.0,84.0,0.632,0.0,35.2,58.0,661.0,0.0,35.3,0.359,0.11222,Pindi_Bowra_4Acre_Basmati_Plot
2026-07-27T11:00:00,32.088548,73.59183,5.0,9,0.789,0.379,,1.15,1.0,0.0,140.0,84.0,0.506,0.0,35.0,59.0,520.0,0.0,35.1,0.365,0.10862,Pindi_Bowra_4Acre_Basmati_Plot
2026-07-27T12:00:00,32.08907,73.59183,10.0,9,0.739,0.355,,1.15,1.0,0.0,140.0,84.0,0.345,0.0,34.8,61.0,344.0,0.0,35.3,0.369,0.10379,Pindi_Bowra_4Acre_Basmati_Plot
2026-07-27T13:00:00,32.088548,73.591707,5.0,8,0.787,0.378,,1.15,1.0,0.0,140.0,84.0,0.172,0.0,33.8,71.0,174.0,0.0,34.6,0.352,0.10306,Pindi_Bowra_4Acre_Basmati_Plot
2026-07-27T14:00:00,32.088548,73.591339,5.0,5,0.799,0.384,,1.15,1.0,0.0,140.0,84.0,0.046,0.0,32.4,78.0,43.0,0.0,33.8,0.346,0.09658,Pindi_Bowra_4Acre_Basmati_Plot
2026-07-27T15:00:00,32.088548,73.591461,5.0,6,0.793,0.381,,1.15,1.0,0.0,140.0,84.0,0.034,0.0,31.5,80.0,0.0,0.0,33.1,0.349,0.08938,Pindi_Bowra_4Acre_Basmati_Plot
2026-07-27T16:00:00,32.08907,73.59183,10.0,9,0.739,0.355,,1.15,1.0,0.0,140.0,84.0,0.0,0.0,30.8,82.0,0.0,0.0,32.5,0.37,0.07844,Pindi_Bowra_4Acre_Basmati_Plot
2026-07-27T17:00:00,32.088548,73.591339,5.0,5,0.799,0.384,,1.15,1.0,0.0,140.0,84.0,0.0,0.0,30.4,84.0,0.0,0.0,32.0,0.348,0.08067,Pindi_Bowra_4Acre_Basmati_Plot
2026-07-27T18:00:00,32.088548,73.591339,5.0,5,0.799,0.384,,1.15,1.0,0.0,140.0,84.0,0.0,0.0,30.8,84.0,0.0,0.0,32.3,0.341,0.08313,Pindi_Bowra_4Acre_Basmati_Plot
2026-07-27T19:00:00,32.088548,73.591461,5.0,6,0.793,0.381,,1.15,1.0,0.0,140.0,84.0,0.0,0.0,30.5,86.0,0.0,0.0,32.0,0.343,0.08007,Pindi_Bowra_4Acre_Basmati_Plot
2026-07-27T20:00:00,32.088548,73.59183,5.0,9,0.789,0.379,,1.15,1.0,0.0,140.0,84.0,0.0,0.0,30.1,86.0,0.0,0.0,31.7,0.35,0.07731,Pindi_Bowra_4Acre_Basmati_Plot
2026-07-27T21:00:00,32.08907,73.591707,10.0,8,0.737,0.354,,1.15,1.0,0.0,140.0,84.0,0.0,0.0,29.8,86.0,0.0,0.0,31.4,0.364,0.07008,Pindi_Bowra_4Acre_Basmati_Plot
2026-07-27T22:00:00,32.088548,73.591584,5.0,7,0.788,0.378,,1.15,1.0,0.0,140.0,84.0,0.0,0.0,29.6,85.0,0.0,0.0,31.2,0.347,0.07345,Pindi_Bowra_4Acre_Basmati_Plot
2026-07-27T23:00:00,32.088548,73.591707,5.0,8,0.787,0.378,,1.15,1.0,0.0,140.0,84.0,0.011,0.0,29.3,85.0,0.0,0.1,31.0,0.35,0.0719,Pindi_Bowra_4Acre_Basmati_Plot
2026-07-28T00:00:00,32.08907,73.59183,10.0,9,0.739,0.355,,1.15,1.0,0.56,140.0,84.0,0.0,0.0,30.2,83.0,0.0,0.2,31.7,0.357,0.07241,Pindi_Bowra_4Acre_Basmati_Plot
2026-07-28T01:00:00,32.088548,73.591952,5.0,10,0.794,0.381,,1.15,1.0,0.42,140.0,84.0,0.023,0.0,29.9,85.0,13.0,0.0,31.2,0.345,0.07401,Pindi_Bowra_4Acre_Basmati_Plot
2026-07-28T02:00:00,32.08907,73.591707,10.0,8,0.737,0.354,,1.15,1.0,0.42,140.0,84.0,0.103,0.0,30.4,86.0,113.0,0.0,31.3,0.356,0.06938,Pindi_Bowra_4Acre_Basmati_Plot
2026-07-28T03:00:00,32.088548,73.591584,5.0,7,0.788,0.378,,1.15,1.0,0.42,140.0,84.0,0.241,0.0,31.3,83.0,268.0,0.0,31.8,0.339,0.07734,Pindi_Bowra_4Acre_Basmati_Plot
2026-07-28T04:00:00,32.088548,73.591707,5.0,8,0.787,0.378,,1.15,1.0,0.42,140.0,84.0,0.391,0.0,32.6,76.0,438.0,0.0,32.6,0.341,0.08438,Pindi_Bowra_4Acre_Basmati_Plot
2026-07-28T05:00:00,32.08907,73.59183,10.0,9,0.739,0.355,,1.15,1.0,0.7,140.0,84.0,0.564,0.0,33.9,68.0,618.0,0.0,33.6,0.356,0.08756,Pindi_Bowra_4Acre_Basmati_Plot
2026-07-28T06:00:00,32.088548,73.591584,5.0,7,0.788,0.378,,1.15,1.0,0.0,140.0,84.0,0.632,0.0,34.9,56.0,690.0,0.0,34.8,0.345,0.10527,Pindi_Bowra_4Acre_Basmati_Plot
2026-07-28T07:00:00,32.08907,73.59183,10.0,9,0.739,0.355,,1.15,1.0,0.0,140.0,84.0,0.724,0.0,35.5,55.0,787.0,0.1,35.5,0.362,0.10589,Pindi_Bowra_4Acre_Basmati_Plot
2026-07-28T08:00:00,32.088548,73.591707,5.0,8,0.787,0.378,,1.15,1.0,0.14,140.0,84.0,0.724,0.0,35.7,55.0,779.0,0.1,36.0,0.343,0.11854,Pindi_Bowra_4Acre_Basmati_Plot
2026-07-28T09:00:00,32.088548,73.591339,5.0,5,0.799,0.384,,1.15,1.0,0.56,140.0,84.0,0.701,0.0,35.9,55.0,737.0,0.0,36.2,0.334,0.11664,Pindi_Bowra_4Acre_Basmati_Plot
2026-07-28T10:00:00,32.088548,73.591461,5.0,6,0.793,0.381,,1.15,1.0,0.84,140.0,84.0,0.598,0.0,35.9,55.0,627.0,0.0,36.1,0.334,0.11462,Pindi_Bowra_4Acre_Basmati_Plot
2026-07-28T11:00:00,32.08907,73.59183,10.0,9,0.739,0.355,,1.15,1.0,0.98,140.0,84.0,0.494,0.0,35.7,55.0,511.0,0.0,35.9,0.354,0.11021,Pindi_Bowra_4Acre_Basmati_Plot
2026-07-28T12:00:00,32.088548,73.591339,5.0,5,0.799,0.384,,1.15,1.0,4.62,140.0,84.0,0.322,0.0,34.9,59.0,321.0,0.0,35.0,0.304,0.07623,Pindi_Bowra_4Acre_Basmati_Plot
2026-07-28T13:00:00,32.088548,73.591339,5.0,5,0.799,0.384,,1.15,1.0,4.62,140.0,84.0,0.172,0.0,33.7,71.0,170.0,0.0,34.4,0.304,0.07179,Pindi_Bowra_4Acre_Basmati_Plot
2026-07-28T14:00:00,32.088548,73.591461,5.0,6,0.793,0.381,,1.15,1.0,4.48,140.0,84.0,0.057,0.0,32.2,77.0,42.0,0.0,33.6,0.307,0.06812,Pindi_Bowra_4Acre_Basmati_Plot
2026-07-28T15:00:00,32.088548,73.59183,5.0,9,0.789,0.379,,1.15,1.0,4.48,140.0,84.0,0.069,0.0,31.6,74.0,0.0,0.0,32.9,0.314,0.06828,Pindi_Bowra_4Acre_Basmati_Plot
2026-07-28T16:00:00,32.08907,73.591707,10.0,8,0.737,0.354,,1.15,1.0,4.34,140.0,84.0,0.057,0.0,31.3,74.0,0.0,0.0,32.5,0.328,0.07041,Pindi_Bowra_4Acre_Basmati_Plot
2026-07-28T17:00:00,32.088548,73.591584,5.0,7,0.788,0.378,,1.15,1.0,4.34,140.0,84.0,0.057,0.0,31.0,74.0,0.0,0.0,32.1,0.31,0.06027,Pindi_Bowra_4Acre_Basmati_Plot
2026-07-28T18:00:00,32.088548,73.591707,5.0,8,0.787,0.378,,1.15,1.0,4.48,140.0,84.0,0.057,0.0,31.6,76.0,0.0,0.0,31.8,0.311,0.05907,Pindi_Bowra_4Acre_Basmati_Plot
2026-07-28T19:00:00,32.08907,73.59183,10.0,9,0.739,0.355,,1.15,1.0,4.48,140.0,84.0,0.046,0.0,30.9,80.0,0.0,0.0,31.6,0.329,0.06512,Pindi_Bowra_4Acre_Basmati_Plot
2026-07-28T20:00:00,32.088548,73.591952,5.0,10,0.794,0.381,,1.15,1.0,4.34,140.0,84.0,0.034,0.0,30.4,83.0,0.0,0.0,31.5,0.317,0.06164,Pindi_Bowra_4Acre_Basmati_Plot
2026-07-28T21:00:00,32.08907,73.591707,10.0,8,0.737,0.354,,1.15,1.0,4.2,140.0,84.0,0.034,0.0,29.8,86.0,0.0,0.0,31.3,0.329,0.06302,Pindi_Bowra_4Acre_Basmati_Plot
2026-07-28T22:00:00,32.088548,73.591584,5.0,7,0.788,0.378,,1.15,1.0,4.2,140.0,84.0,0.023,0.0,29.6,86.0,0.0,0.0,31.1,0.311,0.05514,Pindi_Bowra_4Acre_Basmati_Plot
2026-07-28T23:00:00,32.088548,73.591707,5.0,8,0.787,0.378,,1.15,1.0,0.0,140.0,84.0,0.011,0.0,25.9,95.0,0.0,2.9,30.4,0.349,0.06771,Pindi_Bowra_4Acre_Basmati_Plot
2026-07-29T00:00:00,32.088548,73.591584,5.0,7,0.788,0.378,,1.15,1.0,0.0,140.0,84.0,0.0,0.0,25.8,97.0,0.0,1.6,28.8,0.367,0.05778,Pindi_Bowra_4Acre_Basmati_Plot
2026-07-29T01:00:00,32.088548,73.591584,5.0,7,0.788,0.378,,1.15,1.0,0.0,140.0,84.0,0.023,0.0,25.5,95.0,11.0,0.0,28.5,0.366,0.05607,Pindi_Bowra_4Acre_Basmati_Plot
2026-07-29T02:00:00,32.08907,73.59183,10.0,9,0.739,0.355,,1.15,1.0,0.0,140.0,84.0,0.081,0.0,26.2,93.0,95.0,0.4,28.6,0.388,0.05311,Pindi_Bowra_4Acre_Basmati_Plot
2026-07-29T03:00:00,32.088548,73.59183,5.0,9,0.789,0.379,,1.15,1.0,0.0,140.0,84.0,0.184,0.0,27.1,92.0,238.0,0.6,28.9,0.378,0.05843,Pindi_Bowra_4Acre_Basmati_Plot
2026-07-29T04:00:00,32.088548,73.591707,5.0,8,0.787,0.378,,1.15,1.0,0.0,140.0,84.0,0.345,0.0,28.9,85.0,425.0,0.0,29.8,0.372,0.06377,Pindi_Bowra_4Acre_Basmati_Plot
2026-07-29T05:00:00,32.088548,73.591584,5.0,7,0.788,0.378,,1.15,1.0,0.0,140.0,84.0,0.517,0.0,30.7,76.0,608.0,0.0,31.0,0.367,0.07199,Pindi_Bowra_4Acre_Basmati_Plot
2026-07-29T06:00:00,32.08907,73.59183,10.0,9,0.739,0.355,,1.15,1.0,0.0,140.0,84.0,0.448,0.0,28.6,78.0,537.0,0.0,31.1,0.406,0.06819,Pindi_Bowra_4Acre_Basmati_Plot
2026-07-29T07:00:00,32.088548,73.591461,5.0,6,0.793,0.381,,1.15,1.0,0.0,140.0,84.0,0.575,0.0,31.1,67.0,647.0,0.0,31.9,0.38,0.07927,Pindi_Bowra_4Acre_Basmati_Plot
2026-07-29T08:00:00,32.088548,73.591339,5.0,5,0.799,0.384,,1.15,1.0,0.0,140.0,84.0,0.655,0.0,32.5,62.0,726.0,0.0,32.7,0.372,0.08652,Pindi_Bowra_4Acre_Basmati_Plot
2026-07-29T09:00:00,32.088548,73.591584,5.0,7,0.788,0.378,,1.15,1.0,0.0,140.0,84.0,0.598,0.0,33.1,60.0,656.0,0.0,33.3,0.371,0.09061,Pindi_Bowra_4Acre_Basmati_Plot
2026-07-29T10:00:00,32.088548,73.59183,5.0,9,0.789,0.379,,1.15,1.0,0.0,140.0,84.0,0.54,0.0,33.6,59.0,591.0,0.0,33.6,0.371,0.09349,Pindi_Bowra_4Acre_Basmati_Plot
2026-07-29T11:00:00,32.08907,73.59183,10.0,9,0.739,0.355,,1.15,1.0,0.0,140.0,84.0,0.448,0.0,33.2,61.0,477.0,0.0,33.6,0.384,0.08756,Pindi_Bowra_4Acre_Basmati_Plot
2026-07-29T12:00:00,32.088548,73.59183,5.0,9,0.789,0.379,,1.15,1.0,0.0,140.0,84.0,0.31,0.0,32.7,64.0,330.0,0.0,33.3,0.361,0.09072,Pindi_Bowra_4Acre_Basmati_Plot
2026-07-29T13:00:00,32.088548,73.591707,5.0,8,0.787,0.378,,1.15,1.0,0.0,140.0,84.0,0.149,0.0,32.0,69.0,158.0,0.0,32.9,0.358,0.08695,Pindi_Bowra_4Acre_Basmati_Plot
2026-07-29T14:00:00,32.088548,73.591584,5.0,7,0.788,0.378,,1.15,1.0,0.0,140.0,84.0,0.034,0.0,30.9,75.0,41.0,0.0,32.3,0.355,0.08199,Pindi_Bowra_4Acre_Basmati_Plot
2026-07-29T15:00:00,32.08907,73.59183,10.0,9,0.739,0.355,,1.15,1.0,0.0,140.0,84.0,0.023,0.0,29.9,77.0,0.0,0.0,31.6,0.374,0.07169,Pindi_Bowra_4Acre_Basmati_Plot
2026-07-29T16:00:00,32.088548,73.591461,5.0,6,0.793,0.381,,1.15,1.0,0.0,140.0,84.0,0.011,0.0,29.3,81.0,0.0,0.0,31.1,0.352,0.07318,Pindi_Bowra_4Acre_Basmati_Plot
2026-07-29T17:00:00,32.088548,73.591339,5.0,5,0.799,0.384,,1.15,1.0,0.0,140.0,84.0,0.011,0.0,28.9,83.0,0.0,0.0,30.7,0.35,0.07084,Pindi_Bowra_4Acre_Basmati_Plot
2026-07-29T18:00:00,32.08907,73.592075,10.0,11,0.751,0.36,,1.15,1.0,0.0,140.0,84.0,0.0,0.0,28.8,87.0,0.0,0.0,30.5,0.381,0.06527,Pindi_Bowra_4Acre_Basmati_Plot
2026-07-29T19:00:00,32.088548,73.591584,5.0,7,0.788,0.378,,1.15,1.0,0.0,140.0,84.0,0.0,0.0,28.1,91.0,0.0,0.0,30.2,0.356,0.06646,Pindi_Bowra_4Acre_Basmati_Plot
2026-07-29T20:00:00,32.08907,73.59183,10.0,9,0.739,0.355,,1.15,1.0,0.0,140.0,84.0,0.0,0.0,27.9,91.0,0.0,0.0,30.0,0.376,0.06109,Pindi_Bowra_4Acre_Basmati_Plot
2026-07-29T21:00:00,32.088548,73.59183,5.0,9,0.789,0.379,,1.15,1.0,0.0,140.0,84.0,0.0,0.0,27.8,90.0,0.0,0.0,29.8,0.359,0.06393,Pindi_Bowra_4Acre_Basmati_Plot
2026-07-29T22:00:00,32.088548,73.591707,5.0,8,0.787,0.378,,1.15,1.0,0.0,140.0,84.0,0.0,0.0,27.7,89.0,0.0,0.0,29.7,0.357,0.06314,Pindi_Bowra_4Acre_Basmati_Plot
2026-07-29T23:00:00,32.088548,73.591584,5.0,7,0.788,0.378,,1.15,1.0,0.0,140.0,84.0,0.0,0.0,27.4,90.0,0.0,0.0,29.5,0.355,0.06196,Pindi_Bowra_4Acre_Basmati_Plot
2026-07-30T00:00:00,32.08907,73.59183,10.0,9,0.739,0.355,,1.15,1.0,0.0,140.0,84.0,0.0,0.0,28.2,90.0,0.0,0.0,29.2,0.373,0.05639,Pindi_Bowra_4Acre_Basmati_Plot
2026-07-30T01:00:00,32.088548,73.591461,5.0,6,0.793,0.381,,1.15,1.0,0.0,140.0,84.0,0.011,0.0,27.1,93.0,13.0,0.1,29.0,0.352,0.05932,Pindi_Bowra_4Acre_Basmati_Plot
2026-07-30T02:00:00,32.088548,73.591339,5.0,5,0.799,0.384,,1.15,1.0,0.0,140.0,84.0,0.046,0.0,26.0,95.0,48.0,3.6,28.6,0.396,0.05742,Pindi_Bowra_4Acre_Basmati_Plot
2026-07-30T03:00:00,32.088548,73.591461,5.0,6,0.793,0.381,,1.15,1.0,0.0,140.0,84.0,0.172,0.0,27.5,91.0,212.0,0.4,29.0,0.396,0.05932,Pindi_Bowra_4Acre_Basmati_Plot
2026-07-30T04:00:00,32.088548,73.59183,5.0,9,0.789,0.379,,1.15,1.0,0.0,140.0,84.0,0.322,0.0,29.3,85.0,383.0,0.0,30.0,0.398,0.06522,Pindi_Bowra_4Acre_Basmati_Plot
2026-07-30T05:00:00,32.08907,73.591707,10.0,8,0.737,0.354,,1.15,1.0,0.0,140.0,84.0,0.483,0.0,31.0,80.0,560.0,0.0,31.2,0.405,0.06869,Pindi_Bowra_4Acre_Basmati_Plot
2026-07-30T06:00:00,32.088548,73.591584,5.0,7,0.788,0.378,,1.15,1.0,0.0,140.0,84.0,0.621,0.0,32.3,75.0,713.0,0.0,32.4,0.395,0.08281,Pindi_Bowra_4Acre_Basmati_Plot
2026-07-30T07:00:00,32.088548,73.591707,5.0,8,0.787,0.378,,1.15,1.0,0.0,140.0,84.0,0.678,0.0,33.1,73.0,758.0,0.1,33.3,0.391,0.09049,Pindi_Bowra_4Acre_Basmati_Plot
2026-07-30T08:00:00,32.08907,73.591952,10.0,10,0.744,0.357,,1.15,1.0,0.0,140.0,84.0,0.701,0.0,33.3,72.0,783.0,0.1,34.1,0.406,0.09268,Pindi_Bowra_4Acre_Basmati_Plot
2026-07-30T09:00:00,32.088548,73.591584,5.0,7,0.788,0.378,,1.15,1.0,0.0,140.0,84.0,0.678,0.0,33.6,71.0,749.0,0.1,34.6,0.381,0.10319,Pindi_Bowra_4Acre_Basmati_Plot
2026-07-30T10:00:00,32.08907,73.59183,10.0,9,0.739,0.355,,1.15,1.0,0.0,140.0,84.0,0.54,0.0,33.6,70.0,595.0,0.1,34.7,0.397,0.09774,Pindi_Bowra_4Acre_Basmati_Plot
2026-07-30T11:00:00,32.088548,73.591461,5.0,6,0.793,0.381,,1.15,1.0,0.0,140.0,84.0,0.38,0.0,32.6,73.0,413.0,0.3,34.3,0.374,0.10077,Pindi_Bowra_4Acre_Basmati_Plot
2026-07-30T12:00:00,32.088548,73.591339,5.0,5,0.799,0.384,,1.15,1.0,4.34,140.0,84.0,0.253,0.0,30.1,88.0,307.0,0.1,33.2,0.306,0.06519,Pindi_Bowra_4Acre_Basmati_Plot
2026-07-30T13:00:00,32.088548,73.591461,5.0,6,0.793,0.381,,1.15,1.0,3.64,140.0,84.0,0.103,0.0,30.0,88.0,107.0,0.5,32.1,0.314,0.06335,Pindi_Bowra_4Acre_Basmati_Plot
2026-07-30T14:00:00,32.088548,73.59183,5.0,9,0.789,0.379,,1.15,1.0,2.94,140.0,84.0,0.034,0.0,29.7,91.0,34.0,0.4,31.3,0.325,0.06499,Pindi_Bowra_4Acre_Basmati_Plot
2026-07-30T15:00:00,32.08907,73.59183,10.0,9,0.739,0.355,,1.15,1.0,2.66,140.0,84.0,0.023,0.0,29.2,91.0,0.0,0.2,30.7,0.342,0.06552,Pindi_Bowra_4Acre_Basmati_Plot
2026-07-30T16:00:00,32.088548,73.591707,5.0,8,0.787,0.378,,1.15,1.0,2.66,140.0,84.0,0.0,0.0,28.4,92.0,0.0,0.0,30.1,0.325,0.0575,Pindi_Bowra_4Acre_Basmati_Plot
2026-07-30T17:00:00,32.088548,73.591339,5.0,5,0.799,0.384,,1.15,1.0,2.66,140.0,84.0,0.0,0.0,28.1,90.0,0.0,0.0,29.7,0.319,0.05288,Pindi_Bowra_4Acre_Basmati_Plot
2026-07-30T18:00:00,32.088548,73.591461,5.0,6,0.793,0.381,,1.15,1.0,4.34,140.0,84.0,0.0,0.0,29.4,92.0,0.0,0.0,29.3,0.308,0.04482,Pindi_Bowra_4Acre_Basmati_Plot
2026-07-30T19:00:00,32.08907,73.59183,10.0,9,0.739,0.355,,1.15,1.0,4.34,140.0,84.0,0.0,0.0,29.0,93.0,0.0,0.0,29.4,0.33,0.05274,Pindi_Bowra_4Acre_Basmati_Plot
2026-07-30T20:00:00,32.088548,73.591339,5.0,5,0.799,0.384,,1.15,1.0,4.34,140.0,84.0,0.0,0.0,28.8,91.0,0.0,0.0,29.4,0.306,0.04458,Pindi_Bowra_4Acre_Basmati_Plot
2026-07-30T21:00:00,32.088548,73.591339,5.0,5,0.799,0.384,,1.15,1.0,4.34,140.0,84.0,0.0,0.0,28.3,92.0,0.0,0.0,29.3,0.306,0.04414,Pindi_Bowra_4Acre_Basmati_Plot
2026-07-30T22:00:00,32.088548,73.591461,5.0,6,0.793,0.381,,1.15,1.0,4.34,140.0,84.0,0.0,0.0,28.0,92.0,0.0,0.0,29.2,0.308,0.04438,Pindi_Bowra_4Acre_Basmati_Plot
2026-07-30T23:00:00,32.088548,73.59183,5.0,9,0.789,0.379,,1.15,1.0,4.2,140.0,84.0,0.0,0.0,27.7,94.0,0.0,0.0,29.0,0.316,0.04721,Pindi_Bowra_4Acre_Basmati_Plot
2026-07-31T00:00:00,32.08907,73.591707,10.0,8,0.737,0.354,,1.15,1.0,2.1,140.0,84.0,0.0,0.0,25.8,95.0,0.0,0.0,29.3,0.344,0.05681,Pindi_Bowra_4Acre_Basmati_Plot
2026-07-31T01:00:00,32.088548,73.591584,5.0,7,0.788,0.378,,1.15,1.0,1.12,140.0,84.0,0.011,0.0,26.7,95.0,8.0,0.6,28.8,0.334,0.05489,Pindi_Bowra_4Acre_Basmati_Plot
2026-07-31T02:00:00,32.088548,73.591707,5.0,8,0.787,0.378,,1.15,1.0,0.98,140.0,84.0,0.081,0.0,27.3,93.0,90.0,0.1,28.9,0.337,0.05682,Pindi_Bowra_4Acre_Basmati_Plot
2026-07-31T03:00:00,32.08907,73.59183,10.0,9,0.739,0.355,,1.15,1.0,1.12,140.0,84.0,0.196,0.0,28.2,86.0,234.0,0.0,29.2,0.353,0.05639,Pindi_Bowra_4Acre_Basmati_Plot
2026-07-31T04:00:00,32.088548,73.591952,5.0,10,0.794,0.381,,1.15,1.0,1.12,140.0,84.0,0.241,0.0,28.5,85.0,277.0,0.0,29.7,0.34,0.0637,Pindi_Bowra_4Acre_Basmati_Plot
2026-07-31T05:00:00,32.08907,73.591707,10.0,8,0.737,0.354,,1.15,1.0,1.4,140.0,84.0,0.31,0.0,29.4,81.0,348.0,0.0,30.2,0.349,0.06216,Pindi_Bowra_4Acre_Basmati_Plot
2026-07-31T06:00:00,32.088548,73.591584,5.0,7,0.788,0.378,,1.15,1.0,0.0,140.0,84.0,0.448,0.0,28.4,83.0,560.0,0.0,31.1,0.349,0.07272,Pindi_Bowra_4Acre_Basmati_Plot
2026-07-31T07:00:00,32.088548,73.591707,5.0,8,0.787,0.378,,1.15,1.0,0.0,140.0,84.0,0.172,0.0,27.3,88.0,182.0,3.5,30.0,0.393,0.06506,Pindi_Bowra_4Acre_Basmati_Plot
2026-07-31T08:00:00,32.08907,73.591952,10.0,10,0.744,0.357,,1.15,1.0,0.0,140.0,84.0,0.207,0.0,28.2,88.0,221.0,0.9,29.9,0.417,0.06089,Pindi_Bowra_4Acre_Basmati_Plot
2026-07-31T09:00:00,32.088548,73.591584,5.0,7,0.788,0.378,,1.15,1.0,0.0,140.0,84.0,0.196,0.0,28.7,86.0,217.0,1.2,29.9,0.403,0.06449,Pindi_Bowra_4Acre_Basmati_Plot
2026-07-31T10:00:00,32.08907,73.59183,10.0,9,0.739,0.355,,1.15,1.0,0.0,140.0,84.0,0.149,0.0,28.1,90.0,163.0,0.6,29.7,0.421,0.05929,Pindi_Bowra_4Acre_Basmati_Plot
2026-07-31T11:00:00,32.088548,73.59183,5.0,9,0.789,0.379,,1.15,1.0,0.0,140.0,84.0,0.172,0.0,28.0,91.0,202.0,0.4,29.5,0.403,0.06204,Pindi_Bowra_4Acre_Basmati_Plot
2026-07-31T12:00:00,32.088548,73.591707,5.0,8,0.787,0.378,,1.15,1.0,0.0,140.0,84.0,0.138,0.0,29.3,85.0,138.0,0.1,31.4,0.404,0.07484,Pindi_Bowra_4Acre_Basmati_Plot
2026-07-31T13:00:00,32.088548,73.591584,5.0,7,0.788,0.378,,1.15,1.0,0.0,140.0,84.0,0.115,0.0,29.3,85.0,116.0,0.0,30.9,0.397,0.07128,Pindi_Bowra_4Acre_Basmati_Plot
2026-07-31T14:00:00,32.08907,73.59183,10.0,9,0.739,0.355,,1.15,1.0,0.0,140.0,84.0,0.046,0.0,28.9,88.0,32.0,0.0,30.5,0.413,0.06422,Pindi_Bowra_4Acre_Basmati_Plot
2026-07-31T15:00:00,32.088548,73.591461,5.0,6,0.793,0.381,,1.15,1.0,0.0,140.0,84.0,0.0,0.0,28.4,91.0,0.0,0.0,30.1,0.389,0.06621,Pindi_Bowra_4Acre_Basmati_Plot
2026-07-31T16:00:00,32.088548,73.591339,5.0,5,0.799,0.384,,1.15,1.0,0.0,140.0,84.0,0.0,0.0,28.2,91.0,0.0,0.0,29.7,0.385,0.0641,Pindi_Bowra_4Acre_Basmati_Plot
2026-07-31T17:00:00,32.088548,73.591461,5.0,6,0.793,0.381,,1.15,1.0,0.0,140.0,84.0,0.0,0.0,28.1,90.0,0.0,0.0,29.5,0.385,0.06236,Pindi_Bowra_4Acre_Basmati_Plot
2026-07-31T18:00:00,32.088548,73.59183,5.0,9,0.789,0.379,,1.15,1.0,0.0,140.0,84.0,0.011,0.0,28.4,87.0,0.0,0.0,29.4,0.394,0.06143,Pindi_Bowra_4Acre_Basmati_Plot
2026-07-31T19:00:00,32.08907,73.591707,10.0,8,0.737,0.354,,1.15,1.0,0.0,140.0,84.0,0.011,0.0,27.9,88.0,0.0,0.0,29.2,0.405,0.05624,Pindi_Bowra_4Acre_Basmati_Plot
2026-07-31T20:00:00,32.088548,73.591584,5.0,7,0.788,0.378,,1.15,1.0,0.0,140.0,84.0,0.011,0.0,27.9,87.0,0.0,0.0,29.2,0.386,0.06013,Pindi_Bowra_4Acre_Basmati_Plot
2026-07-31T21:00:00,32.088548,73.591707,5.0,8,0.787,0.378,,1.15,1.0,0.0,140.0,84.0,0.0,0.0,27.7,87.0,0.0,0.0,29.1,0.386,0.05946,Pindi_Bowra_4Acre_Basmati_Plot
2026-07-31T22:00:00,32.08907,73.591952,10.0,10,0.744,0.357,,1.15,1.0,0.0,140.0,84.0,0.011,0.0,27.5,87.0,0.0,0.0,28.9,0.404,0.0551,Pindi_Bowra_4Acre_Basmati_Plot
2026-07-31T23:00:00,32.088548,73.591584,5.0,7,0.788,0.378,,1.15,1.0,0.0,140.0,84.0,0.011,0.0,27.3,87.0,0.0,0.0,28.8,0.382,0.05778,Pindi_Bowra_4Acre_Basmati_Plot
2026-08-01T00:00:00,32.08907,73.59183,10.0,9,0.739,0.355,,1.15,1.0,0.0,140.0,84.0,0.0,0.0,27.5,90.0,0.0,0.1,28.5,0.413,0.05258,Pindi_Bowra_4Acre_Basmati_Plot
2026-08-01T01:00:00,32.088548,73.591461,5.0,6,0.793,0.381,,1.15,1.0,0.0,140.0,84.0,0.023,0.0,27.3,91.0,8.0,0.0,28.5,0.389,0.05642,Pindi_Bowra_4Acre_Basmati_Plot
2026-08-01T02:00:00,32.088548,73.591339,5.0,5,0.799,0.384,,1.15,1.0,0.0,140.0,84.0,0.092,0.0,28.1,88.0,101.0,0.0,28.8,0.383,0.05858,Pindi_Bowra_4Acre_Basmati_Plot
2026-08-01T03:00:00,32.08907,73.592075,10.0,11,0.751,0.36,,1.15,1.0,0.0,140.0,84.0,0.218,0.0,28.7,83.0,245.0,0.1,29.3,0.408,0.05789,Pindi_Bowra_4Acre_Basmati_Plot
2026-08-01T04:00:00,32.088548,73.59183,5.0,9,0.789,0.379,,1.15,1.0,0.0,140.0,84.0,0.368,0.0,30.2,76.0,424.0,0.0,30.1,0.385,0.06588,Pindi_Bowra_4Acre_Basmati_Plot
2026-08-01T05:00:00,32.08907,73.59183,10.0,9,0.739,0.355,,1.15,1.0,0.0,140.0,84.0,0.517,0.0,31.3,71.0,591.0,0.1,31.0,0.397,0.06752,Pindi_Bowra_4Acre_Basmati_Plot
2026-08-01T06:00:00,32.088548,73.591707,5.0,8,0.787,0.378,,1.15,1.0,0.0,140.0,84.0,0.609,0.0,31.8,68.0,686.0,0.3,31.8,0.379,0.07789,Pindi_Bowra_4Acre_Basmati_Plot
2026-08-01T07:00:00,32.088548,73.591339,5.0,5,0.799,0.384,,1.15,1.0,0.0,140.0,84.0,0.678,0.0,32.4,66.0,762.0,0.1,32.6,0.368,0.08566,Pindi_Bowra_4Acre_Basmati_Plot
2026-08-01T08:00:00,32.088548,73.591584,5.0,7,0.788,0.378,,1.15,1.0,0.0,140.0,84.0,0.701,0.0,32.9,64.0,783.0,0.1,33.2,0.368,0.08971,Pindi_Bowra_4Acre_Basmati_Plot
2026-08-01T09:00:00,32.08907,73.59183,10.0,9,0.739,0.355,,1.15,1.0,0.0,140.0,84.0,0.667,0.0,33.2,63.0,737.0,0.1,33.6,0.385,0.08756,Pindi_Bowra_4Acre_Basmati_Plot
2026-08-01T10:00:00,32.088548,73.591461,5.0,6,0.793,0.381,,1.15,1.0,0.0,140.0,84.0,0.575,0.0,33.2,63.0,629.0,0.2,33.7,0.361,0.09491,Pindi_Bowra_4Acre_Basmati_Plot
2026-08-01T11:00:00,32.088548,73.591339,5.0,5,0.799,0.384,,1.15,1.0,0.0,140.0,84.0,0.46,0.0,33.1,63.0,498.0,0.0,33.7,0.356,0.09562,Pindi_Bowra_4Acre_Basmati_Plot
2026-08-01T12:00:00,32.088548,73.591461,5.0,6,0.793,0.381,,1.15,1.0,0.0,140.0,84.0,0.299,0.0,31.7,74.0,330.0,0.0,33.5,0.363,0.09303,Pindi_Bowra_4Acre_Basmati_Plot
2026-08-01T13:00:00,32.088548,73.59183,5.0,9,0.789,0.379,,1.15,1.0,0.0,140.0,84.0,0.138,0.0,31.1,78.0,136.0,0.0,32.8,0.368,0.0863,Pindi_Bowra_4Acre_Basmati_Plot
2026-08-01T14:00:00,32.08907,73.591707,10.0,8,0.737,0.354,,1.15,1.0,0.0,140.0,84.0,0.046,0.0,30.1,84.0,37.0,0.0,32.1,0.381,0.07516,Pindi_Bowra_4Acre_Basmati_Plot
2026-08-01T15:00:00,32.088548,73.591584,5.0,7,0.788,0.378,,1.15,1.0,0.0,140.0,84.0,0.0,0.0,29.8,85.0,0.0,0.0,31.4,0.363,0.07493,Pindi_Bowra_4Acre_Basmati_Plot
2026-08-01T16:00:00,32.088548,73.591707,5.0,8,0.787,0.378,,1.15,1.0,0.0,140.0,84.0,0.0,0.0,29.3,87.0,0.0,0.0,30.9,0.364,0.07119,Pindi_Bowra_4Acre_Basmati_Plot
2026-08-01T17:00:00,32.08907,73.591952,10.0,10,0.744,0.357,,1.15,1.0,0.0,140.0,84.0,0.0,0.0,28.9,88.0,0.0,0.0,30.5,0.384,0.06466,Pindi_Bowra_4Acre_Basmati_Plot
2026-08-01T18:00:00,32.088548,73.591461,5.0,6,0.793,0.381,,1.15,1.0,0.0,140.0,84.0,0.011,0.0,29.4,86.0,0.0,0.0,30.7,0.351,0.07031,Pindi_Bowra_4Acre_Basmati_Plot
2026-08-01T19:00:00,32.08907,73.59183,10.0,9,0.739,0.355,,1.15,1.0,0.0,140.0,84.0,0.0,0.0,28.9,86.0,0.0,0.0,30.4,0.372,0.06358,Pindi_Bowra_4Acre_Basmati_Plot
2026-08-01T20:00:00,32.088548,73.591339,5.0,5,0.799,0.384,,1.15,1.0,0.0,140.0,84.0,0.0,0.0,28.6,86.0,0.0,0.0,30.2,0.348,0.06738,Pindi_Bowra_4Acre_Basmati_Plot
2026-08-01T21:00:00,32.088548,73.591339,5.0,5,0.799,0.384,,1.15,1.0,0.0,140.0,84.0,0.0,0.0,28.4,86.0,0.0,0.0,29.9,0.348,0.06539,Pindi_Bowra_4Acre_Basmati_Plot
2026-08-01T22:00:00,32.08907,73.59183,10.0,9,0.739,0.355,,1.15,1.0,0.0,140.0,84.0,0.0,0.0,28.2,86.0,0.0,0.0,29.7,0.371,0.05929,Pindi_Bowra_4Acre_Basmati_Plot
2026-08-01T23:00:00,32.088548,73.591584,5.0,7,0.788,0.378,,1.15,1.0,0.0,140.0,84.0,0.011,0.0,27.9,87.0,0.0,0.0,29.6,0.352,0.06259,Pindi_Bowra_4Acre_Basmati_Plot
2026-08-02T00:00:00,32.08907,73.592075,10.0,11,0.751,0.36,,1.15,1.0,0.0,140.0,84.0,0.0,0.0,28.2,91.0,0.0,0.6,29.8,0.368,0.06085,Pindi_Bowra_4Acre_Basmati_Plot
2026-08-02T01:00:00,32.08813,73.591461,1.0,6,0.777,0.373,,1.15,1.0,0.0,140.0,84.0,0.011,0.0,26.7,96.0,11.0,1.1,29.4,0.339,0.05999,Pindi_Bowra_4Acre_Basmati_Plot
2026-08-02T02:00:00,32.088339,73.590848,3.0,1,0.826,0.396,,1.15,1.0,0.0,140.0,84.0,0.069,0.0,27.1,95.0,80.0,0.2,29.0,0.337,0.06024,Pindi_Bowra_4Acre_Basmati_Plot
2026-08-02T03:00:00,32.088548,73.591584,5.0,7,0.788,0.378,,1.15,1.0,0.0,140.0,84.0,0.196,0.0,28.0,89.0,241.0,0.0,29.3,0.354,0.06074,Pindi_Bowra_4Acre_Basmati_Plot
2026-08-02T04:00:00,32.08907,73.59183,10.0,9,0.739,0.355,,1.15,1.0,0.0,140.0,84.0,0.368,0.0,29.5,82.0,435.0,0.0,30.2,0.372,0.06232,Pindi_Bowra_4Acre_Basmati_Plot
2026-08-02T05:00:00,32.088548,73.591461,5.0,6,0.793,0.381,,1.15,1.0,0.0,140.0,84.0,0.517,0.0,31.0,77.0,604.0,0.0,31.3,0.349,0.07466,Pindi_Bowra_4Acre_Basmati_Plot
2026-08-02T06:00:00,32.088548,73.591339,5.0,5,0.799,0.384,,1.15,1.0,0.0,140.0,84.0,0.655,0.0,32.8,69.0,731.0,0.0,32.9,0.341,0.08827,Pindi_Bowra_4Acre_Basmati_Plot
2026-08-02T07:00:00,32.088548,73.591461,5.0,6,0.793,0.381,,1.15,1.0,0.0,140.0,84.0,0.69,0.0,33.5,65.0,760.0,0.1,33.6,0.341,0.09396,Pindi_Bowra_4Acre_Basmati_Plot
2026-08-02T08:00:00,32.088548,73.59183,5.0,9,0.789,0.379,,1.15,1.0,0.0,140.0,84.0,0.713,0.0,34.0,64.0,780.0,0.2,34.2,0.346,0.09927,Pindi_Bowra_4Acre_Basmati_Plot
2026-08-02T09:00:00,32.08907,73.591707,10.0,8,0.737,0.354,,1.15,1.0,0.28,140.0,84.0,0.655,0.0,34.1,64.0,707.0,0.1,34.5,0.357,0.09555,Pindi_Bowra_4Acre_Basmati_Plot
2026-08-02T10:00:00,32.088548,73.591584,5.0,7,0.788,0.378,,1.15,1.0,0.56,140.0,84.0,0.575,0.0,34.2,63.0,624.0,0.1,34.7,0.338,0.10249,Pindi_Bowra_4Acre_Basmati_Plot
2026-08-02T11:00:00,32.088548,73.591707,5.0,8,0.787,0.378,,1.15,1.0,0.7,140.0,84.0,0.46,0.0,34.1,62.0,496.0,0.0,34.6,0.339,0.1022,Pindi_Bowra_4Acre_Basmati_Plot
2026-08-02T12:00:00,32.08907,73.591952,10.0,10,0.744,0.357,,1.15,0.977,6.3,140.0,84.0,0.27,0.0,33.9,63.0,313.0,0.0,33.9,0.318,0.07419,Pindi_Bowra_4Acre_Basmati_Plot
2026-08-02T13:00:00,32.088548,73.591584,5.0,7,0.788,0.378,,1.15,0.977,6.3,140.0,84.0,0.135,0.0,33.3,67.0,158.0,0.0,33.6,0.296,0.05913,Pindi_Bowra_4Acre_Basmati_Plot
2026-08-02T14:00:00,32.08907,73.59183,10.0,9,0.739,0.355,,1.15,0.977,6.3,140.0,84.0,0.034,0.0,32.3,75.0,35.0,0.0,33.0,0.316,0.06597,Pindi_Bowra_4Acre_Basmati_Plot
2026-08-02T15:00:00,32.088548,73.591461,5.0,6,0.793,0.381,,1.15,0.977,6.3,140.0,84.0,0.011,0.0,31.0,80.0,0.0,0.0,32.3,0.294,0.05088,Pindi_Bowra_4Acre_Basmati_Plot
2026-08-02T16:00:00,32.088548,73.591339,5.0,5,0.799,0.384,,1.15,0.982,6.16,140.0,84.0,0.011,0.0,30.4,84.0,0.0,0.0,31.8,0.293,0.04811,Pindi_Bowra_4Acre_Basmati_Plot
2026-08-02T17:00:00,32.088548,73.591461,5.0,6,0.793,0.381,,1.15,0.982,6.16,140.0,84.0,0.011,0.0,30.1,84.0,0.0,0.0,31.5,0.295,0.0476,Pindi_Bowra_4Acre_Basmati_Plot
2026-08-02T18:00:00,32.088548,73.59183,5.0,9,0.789,0.379,,1.15,0.873,9.52,140.0,84.0,0.02,0.0,29.7,81.0,0.0,0.0,31.2,0.278,0.03554,Pindi_Bowra_4Acre_Basmati_Plot
2026-08-02T19:00:00,32.08907,73.59183,10.0,9,0.739,0.355,,1.15,0.873,9.52,140.0,84.0,0.01,0.0,29.5,85.0,0.0,0.0,30.8,0.293,0.04026,Pindi_Bowra_4Acre_Basmati_Plot
2026-08-02T20:00:00,32.088548,73.591707,5.0,8,0.787,0.378,,1.15,0.877,9.38,140.0,84.0,0.01,0.0,29.1,87.0,0.0,0.0,30.6,0.277,0.03281,Pindi_Bowra_4Acre_Basmati_Plot
2026-08-02T21:00:00,32.088548,73.591339,5.0,5,0.799,0.384,,1.15,0.882,9.24,140.0,84.0,0.0,0.0,28.8,90.0,0.0,0.0,30.4,0.272,0.02979,Pindi_Bowra_4Acre_Basmati_Plot
2026-08-02T22:00:00,32.088548,73.591461,5.0,6,0.793,0.381,,1.15,0.882,9.24,140.0,84.0,0.0,0.0,28.5,92.0,0.0,0.0,30.2,0.274,0.0301,Pindi_Bowra_4Acre_Basmati_Plot
2026-08-02T23:00:00,32.08907,73.59183,10.0,9,0.739,0.355,,1.15,0.886,9.1,140.0,84.0,0.0,0.0,28.3,94.0,0.0,0.0,30.0,0.296,0.03869,Pindi_Bowra_4Acre_Basmati_Plot
2026-08-03T00:00:00,32.088548,73.591339,5.0,5,0.799,0.384,,1.15,0.941,7.42,140.0,84.0,0.011,0.0,29.4,85.0,0.0,0.0,30.1,0.284,0.03558,Pindi_Bowra_4Acre_Basmati_Plot
2026-08-03T01:00:00,32.088548,73.591339,5.0,5,0.799,0.384,,1.15,0.945,7.28,140.0,84.0,0.033,0.0,29.1,87.0,11.0,0.0,29.7,0.285,0.03472,Pindi_Bowra_4Acre_Basmati_Plot
2026-08-03T02:00:00,32.088548,73.591461,5.0,6,0.793,0.381,,1.15,0.945,7.28,140.0,84.0,0.087,0.0,29.9,85.0,104.0,0.0,30.0,0.287,0.0366,Pindi_Bowra_4Acre_Basmati_Plot
2026-08-03T03:00:00,32.088548,73.59183,5.0,9,0.789,0.379,,1.15,0.945,7.28,140.0,84.0,0.217,0.0,31.3,80.0,259.0,0.0,30.8,0.293,0.04298,Pindi_Bowra_4Acre_Basmati_Plot
2026-08-03T04:00:00,32.08907,73.591707,10.0,8,0.737,0.354,,1.15,0.945,7.28,140.0,84.0,0.391,0.0,32.8,70.0,445.0,0.0,31.7,0.306,0.05175,Pindi_Bowra_4Acre_Basmati_Plot
2026-08-03T05:00:00,32.088548,73.591584,5.0,7,0.788,0.378,,1.15,0.991,5.88,140.0,84.0,0.524,0.0,30.9,73.0,616.0,1.1,32.5,0.299,0.05507,Pindi_Bowra_4Acre_Basmati_Plot
2026-08-03T06:00:00,32.088548,73.591707,5.0,8,0.787,0.378,,1.15,1.0,4.48,140.0,84.0,0.425,0.0,34.9,53.0,383.0,0.6,32.4,0.311,0.06272,Pindi_Bowra_4Acre_Basmati_Plot
2026-08-03T07:00:00,32.08907,73.59183,10.0,9,0.739,0.355,,1.15,1.0,3.92,140.0,84.0,0.655,0.0,33.7,62.0,697.0,0.6,33.1,0.333,0.07843,Pindi_Bowra_4Acre_Basmati_Plot
2026-08-03T08:00:00,32.088548,73.591952,5.0,10,0.794,0.381,,1.15,1.0,4.06,140.0,84.0,0.621,0.0,33.0,68.0,679.0,0.2,33.7,0.319,0.0784,Pindi_Bowra_4Acre_Basmati_Plot
2026-08-03T09:00:00,32.08907,73.591707,10.0,8,0.737,0.354,,1.15,1.0,4.2,140.0,84.0,0.621,0.0,33.0,70.0,687.0,0.2,34.1,0.329,0.08339,Pindi_Bowra_4Acre_Basmati_Plot
2026-08-03T10:00:00,32.088548,73.591584,5.0,7,0.788,0.378,,1.15,1.0,4.34,140.0,84.0,0.552,0.0,32.9,71.0,606.0,0.1,34.3,0.31,0.0751,Pindi_Bowra_4Acre_Basmati_Plot
2026-08-03T11:00:00,32.088548,73.591707,5.0,8,0.787,0.378,,1.15,1.0,4.62,140.0,84.0,0.437,0.0,33.4,67.0,469.0,0.0,34.3,0.31,0.07501,Pindi_Bowra_4Acre_Basmati_Plot
2026-08-03T12:00:00,32.08907,73.591952,10.0,10,0.744,0.357,,1.15,0.973,6.44,140.0,84.0,0.235,0.0,28.2,81.0,289.0,0.0,34.2,0.317,0.07567,Pindi_Bowra_4Acre_Basmati_Plot
2026-08-03T13:00:00,32.088548,73.591584,5.0,7,0.788,0.378,,1.15,0.968,6.58,140.0,84.0,0.1,0.0,28.5,80.0,103.0,0.0,33.1,0.294,0.05477,Pindi_Bowra_4Acre_Basmati_Plot
2026-08-03T14:00:00,32.08907,73.59183,10.0,9,0.739,0.355,,1.15,0.968,6.58,140.0,84.0,0.033,0.0,28.3,80.0,20.0,0.0,32.2,0.314,0.05963,Pindi_Bowra_4Acre_Basmati_Plot
2026-08-03T15:00:00,32.088548,73.59183,5.0,9,0.789,0.379,,1.15,0.973,6.44,140.0,84.0,0.011,0.0,28.0,81.0,0.0,0.0,31.5,0.299,0.04989,Pindi_Bowra_4Acre_Basmati_Plot
2026-08-03T16:00:00,32.088548,73.591707,5.0,8,0.787,0.378,,1.15,0.973,6.44,140.0,84.0,0.0,0.0,27.6,83.0,0.0,0.0,30.9,0.297,0.04568,Pindi_Bowra_4Acre_Basmati_Plot
2026-08-03T17:00:00,32.088548,73.591584,5.0,7,0.788,0.378,,1.15,0.973,6.44,140.0,84.0,0.0,0.0,27.3,87.0,0.0,0.0,30.5,0.295,0.0428,Pindi_Bowra_4Acre_Basmati_Plot
2026-08-03T18:00:00,32.08907,73.59183,10.0,9,0.739,0.355,,1.15,1.0,5.32,140.0,84.0,0.0,0.0,27.3,89.0,0.0,0.0,30.1,0.323,0.05296,Pindi_Bowra_4Acre_Basmati_Plot
2026-08-03T19:00:00,32.088548,73.591461,5.0,6,0.793,0.381,,1.15,1.0,5.32,140.0,84.0,0.0,0.0,26.9,93.0,0.0,0.0,29.8,0.301,0.04337,Pindi_Bowra_4Acre_Basmati_Plot
2026-08-03T20:00:00,32.088548,73.591339,5.0,5,0.799,0.384,,1.15,1.0,5.18,140.0,84.0,0.0,0.0,26.9,92.0,0.0,0.0,29.6,0.3,0.04231,Pindi_Bowra_4Acre_Basmati_Plot
2026-08-03T21:00:00,32.088548,73.591461,5.0,6,0.793,0.381,,1.15,1.0,5.18,140.0,84.0,0.0,0.0,26.6,95.0,0.0,0.0,29.4,0.302,0.04219,Pindi_Bowra_4Acre_Basmati_Plot
2026-08-03T22:00:00,32.088548,73.59183,5.0,9,0.789,0.379,,1.15,1.0,5.18,140.0,84.0,0.0,0.0,26.5,96.0,0.0,0.0,29.2,0.308,0.04415,Pindi_Bowra_4Acre_Basmati_Plot
2026-08-03T23:00:00,32.08907,73.591707,10.0,8,0.737,0.354,,1.15,1.0,5.18,140.0,84.0,0.0,0.0,26.3,97.0,0.0,0.0,29.1,0.322,0.04733,Pindi_Bowra_4Acre_Basmati_Plot
2026-08-04T00:00:00,32.088548,73.591584,5.0,7,0.788,0.378,,1.15,0.995,5.74,140.0,84.0,0.0,0.0,26.9,95.0,0.0,0.0,28.8,0.3,0.03852,Pindi_Bowra_4Acre_Basmati_Plot
2026-08-04T01:00:00,32.088548,73.591707,5.0,8,0.787,0.378,,1.15,0.995,5.74,140.0,84.0,0.011,0.0,26.7,96.0,10.0,0.0,28.8,0.302,0.03943,Pindi_Bowra_4Acre_Basmati_Plot
2026-08-04T02:00:00,32.08907,73.591952,10.0,10,0.744,0.357,,1.15,0.995,5.74,140.0,84.0,0.08,0.0,28.0,88.0,101.0,0.0,29.2,0.322,0.04826,Pindi_Bowra_4Acre_Basmati_Plot
2026-08-04T03:00:00,32.088548,73.591584,5.0,7,0.788,0.378,,1.15,0.991,5.88,140.0,84.0,0.205,0.0,29.1,84.0,255.0,0.0,30.0,0.299,0.04288,Pindi_Bowra_4Acre_Basmati_Plot
2026-08-04T04:00:00,32.08907,73.59183,10.0,9,0.739,0.355,,1.15,0.986,6.02,140.0,84.0,0.363,0.0,30.3,78.0,423.0,0.0,30.9,0.318,0.05459,Pindi_Bowra_4Acre_Basmati_Plot
2026-08-04T05:00:00,32.088548,73.591461,5.0,6,0.793,0.381,,1.15,0.982,6.16,140.0,84.0,0.497,0.0,31.6,72.0,581.0,0.0,32.0,0.295,0.05004,Pindi_Bowra_4Acre_Basmati_Plot
2026-08-04T06:00:00,32.088548,73.591339,5.0,5,0.799,0.384,,1.15,0.968,6.58,140.0,84.0,0.568,0.0,31.6,74.0,660.0,0.0,33.0,0.29,0.05201,Pindi_Bowra_4Acre_Basmati_Plot
2026-08-04T07:00:00,32.088548,73.591461,5.0,6,0.793,0.381,,1.15,0.968,6.58,140.0,84.0,0.657,0.0,32.4,74.0,762.0,0.2,33.8,0.292,0.05752,Pindi_Bowra_4Acre_Basmati_Plot
2026-08-04T08:00:00,32.088548,73.59183,5.0,9,0.789,0.379,,1.15,0.968,6.58,140.0,84.0,0.668,0.0,32.8,73.0,766.0,0.3,34.4,0.298,0.06583,Pindi_Bowra_4Acre_Basmati_Plot
2026-08-04T09:00:00,32.08907,73.59183,10.0,9,0.739,0.355,,1.15,0.973,6.44,140.0,84.0,0.638,0.0,33.0,72.0,727.0,0.3,34.7,0.315,0.07738,Pindi_Bowra_4Acre_Basmati_Plot
2026-08-04T10:00:00,32.088548,73.59183,5.0,9,0.789,0.379,,1.15,0.973,6.44,140.0,84.0,0.548,0.0,33.2,70.0,629.0,0.2,34.8,0.299,0.06939,Pindi_Bowra_4Acre_Basmati_Plot
2026-08-04T11:00:00,32.088548,73.591707,5.0,8,0.787,0.378,,1.15,0.973,6.44,140.0,84.0,0.414,0.0,33.2,69.0,471.0,0.2,34.6,0.297,0.06613,Pindi_Bowra_4Acre_Basmati_Plot
2026-08-04T12:00:00,32.088548,73.591584,5.0,7,0.788,0.378,,1.15,0.818,11.2,140.0,84.0,0.245,0.0,33.1,64.0,319.0,0.1,34.2,0.262,0.0347,Pindi_Bowra_4Acre_Basmati_Plot
2026-08-04T13:00:00,32.08907,73.59183,10.0,9,0.739,0.355,,1.15,0.818,11.2,140.0,84.0,0.132,0.0,32.2,71.0,157.0,0.1,33.5,0.281,0.04407,Pindi_Bowra_4Acre_Basmati_Plot
2026-08-04T14:00:00,32.088548,73.591461,5.0,6,0.793,0.381,,1.15,0.818,11.2,140.0,84.0,0.038,0.0,30.6,80.0,35.0,0.0,32.7,0.26,0.02862,Pindi_Bowra_4Acre_Basmati_Plot
2026-08-04T15:00:00,32.088548,73.591339,5.0,5,0.799,0.384,,1.15,0.823,11.06,140.0,84.0,0.0,0.0,29.6,85.0,0.0,0.0,32.0,0.259,0.02622,Pindi_Bowra_4Acre_Basmati_Plot
2026-08-04T16:00:00,32.088548,73.591584,5.0,7,0.788,0.378,,1.15,0.823,11.06,140.0,84.0,0.0,0.0,29.1,88.0,0.0,0.0,31.4,0.263,0.02685,Pindi_Bowra_4Acre_Basmati_Plot
2026-08-04T17:00:00,32.088548,73.59183,5.0,9,0.789,0.379,,1.15,0.823,11.06,140.0,84.0,0.0,0.0,28.8,89.0,0.0,0.0,31.0,0.267,0.02823,Pindi_Bowra_4Acre_Basmati_Plot
2026-08-04T18:00:00,32.08907,73.59183,10.0,9,0.739,0.355,,1.15,0.709,14.56,140.0,84.0,0.008,2.56,30.2,83.0,0.0,0.0,30.6,0.257,0.02,Pindi_Bowra_4Acre_Basmati_Plot
2026-08-04T19:00:00,32.088548,73.59183,5.0,9,0.789,0.379,,1.15,0.709,14.56,140.0,84.0,0.016,2.56,29.8,84.0,0.0,0.0,30.5,0.241,0.012,Pindi_Bowra_4Acre_Basmati_Plot
2026-08-04T20:00:00,32.088548,73.591707,5.0,8,0.787,0.378,,1.15,0.714,14.42,140.0,84.0,0.0,2.42,29.1,87.0,0.0,0.0,30.3,0.24,0.01117,Pindi_Bowra_4Acre_Basmati_Plot
2026-08-04T21:00:00,32.088548,73.591584,5.0,7,0.788,0.378,,1.15,0.714,14.42,140.0,84.0,0.0,2.42,29.0,89.0,0.0,0.0,30.2,0.238,0.00997,Pindi_Bowra_4Acre_Basmati_Plot
2026-08-04T22:00:00,32.08907,73.59183,10.0,9,0.739,0.355,,1.15,0.718,14.28,140.0,84.0,0.008,2.28,27.4,88.0,0.0,0.0,29.9,0.259,0.01966,Pindi_Bowra_4Acre_Basmati_Plot
2026-08-04T23:00:00,32.088548,73.591461,5.0,6,0.793,0.381,,1.15,0.718,14.28,140.0,84.0,0.008,2.28,26.5,88.0,0.0,0.0,29.6,0.237,0.00892,Pindi_Bowra_4Acre_Basmati_Plot
2026-08-05T00:00:00,32.088548,73.591339,5.0,5,0.799,0.384,,1.15,0.818,11.2,140.0,84.0,0.0,0.0,28.4,92.0,0.0,0.0,29.1,0.258,0.01912,Pindi_Bowra_4Acre_Basmati_Plot
2026-08-05T01:00:00,32.08907,73.592075,10.0,11,0.751,0.36,,1.15,0.818,11.2,140.0,84.0,0.019,0.0,28.4,90.0,10.0,0.0,29.1,0.285,0.03073,Pindi_Bowra_4Acre_Basmati_Plot
2026-08-05T02:00:00,32.088548,73.59183,5.0,9,0.789,0.379,,1.15,0.818,11.2,140.0,84.0,0.075,0.0,29.3,87.0,105.0,0.0,29.5,0.266,0.02378,Pindi_Bowra_4Acre_Basmati_Plot
2026-08-05T03:00:00,32.08907,73.59183,10.0,9,0.739,0.355,,1.15,0.818,11.2,140.0,84.0,0.188,0.0,30.0,82.0,258.0,0.0,30.3,0.281,0.032,Pindi_Bowra_4Acre_Basmati_Plot
2026-08-05T04:00:00,32.088548,73.59183,5.0,9,0.789,0.379,,1.15,0.832,10.78,140.0,84.0,0.287,0.0,29.8,85.0,413.0,0.5,31.0,0.269,0.02943,Pindi_Bowra_4Acre_Basmati_Plot
2026-08-05T05:00:00,32.088548,73.591707,5.0,8,0.787,0.378,,1.15,0.827,10.92,140.0,84.0,0.409,0.0,30.8,82.0,586.0,0.1,31.9,0.266,0.03016,Pindi_Bowra_4Acre_Basmati_Plot
2026-08-05T06:00:00,32.088548,73.591584,5.0,7,0.788,0.378,,1.15,0.85,10.22,140.0,84.0,0.528,0.0,31.9,77.0,703.0,0.0,32.9,0.269,0.03555,Pindi_Bowra_4Acre_Basmati_Plot
2026-08-05T07:00:00,32.08907,73.59183,10.0,9,0.739,0.355,,1.15,0.841,10.5,140.0,84.0,0.58,0.0,32.8,73.0,775.0,0.1,33.8,0.286,0.04913,Pindi_Bowra_4Acre_Basmati_Plot
2026-08-05T08:00:00,32.088548,73.591461,5.0,6,0.793,0.381,,1.15,0.832,10.78,140.0,84.0,0.603,0.0,33.4,71.0,805.0,0.0,34.6,0.263,0.03721,Pindi_Bowra_4Acre_Basmati_Plot
2026-08-05T09:00:00,32.088548,73.591339,5.0,5,0.799,0.384,,1.15,0.823,11.06,140.0,84.0,0.558,0.0,33.8,70.0,747.0,0.0,35.1,0.259,0.03575,Pindi_Bowra_4Acre_Basmati_Plot
2026-08-05T10:00:00,32.088548,73.591584,5.0,7,0.788,0.378,,1.15,0.814,11.34,140.0,84.0,0.477,0.0,33.9,70.0,647.0,0.0,35.3,0.261,0.03781,Pindi_Bowra_4Acre_Basmati_Plot
2026-08-05T11:00:00,32.088548,73.59183,5.0,9,0.789,0.379,,1.15,0.809,11.48,140.0,84.0,0.372,0.0,34.0,66.0,494.0,0.0,35.1,0.264,0.03983,Pindi_Bowra_4Acre_Basmati_Plot
2026-08-05T12:00:00,32.08907,73.59183,10.0,9,0.739,0.355,,1.15,0.805,11.62,140.0,84.0,0.241,0.0,33.9,67.0,305.0,0.0,34.4,0.278,0.04585,Pindi_Bowra_4Acre_Basmati_Plot
2026-08-05T13:00:00,32.088548,73.59183,5.0,9,0.789,0.379,,1.15,0.805,11.62,140.0,84.0,0.13,0.0,32.7,77.0,158.0,0.0,33.8,0.263,0.03418,Pindi_Bowra_4Acre_Basmati_Plot
2026-08-05T14:00:00,32.088548,73.591707,5.0,8,0.787,0.378,,1.15,0.805,11.62,140.0,84.0,0.046,0.0,31.5,78.0,34.0,0.0,33.0,0.261,0.03001,Pindi_Bowra_4Acre_Basmati_Plot
2026-08-05T15:00:00,32.088548,73.591584,5.0,7,0.788,0.378,,1.15,0.805,11.62,140.0,84.0,0.019,0.0,30.9,77.0,0.0,0.0,32.4,0.259,0.02691,Pindi_Bowra_4Acre_Basmati_Plot
2026-08-05T16:00:00,32.08907,73.59183,10.0,9,0.739,0.355,,1.15,0.805,11.62,140.0,84.0,0.019,0.0,30.2,81.0,0.0,0.0,31.8,0.278,0.03535,Pindi_Bowra_4Acre_Basmati_Plot
2026-08-05T17:00:00,32.088548,73.591461,5.0,6,0.793,0.381,,1.15,0.805,11.62,140.0,84.0,0.009,0.0,29.6,84.0,0.0,0.0,31.4,0.257,0.02325,Pindi_Bowra_4Acre_Basmati_Plot
2026-08-05T18:00:00,32.088548,73.591339,5.0,5,0.799,0.384,,1.15,0.8,11.76,140.0,84.0,0.028,0.0,30.2,80.0,0.0,0.0,31.3,0.254,0.02131,Pindi_Bowra_4Acre_Basmati_Plot
2026-08-05T19:00:00,32.088548,73.591584,5.0,7,0.788,0.378,,1.15,0.8,11.76,140.0,84.0,0.009,0.0,29.2,85.0,0.0,0.0,31.0,0.258,0.0228,Pindi_Bowra_4Acre_Basmati_Plot
2026-08-05T20:00:00,32.088548,73.59183,5.0,9,0.789,0.379,,1.15,0.8,11.76,140.0,84.0,0.009,0.0,28.6,86.0,0.0,0.0,30.7,0.262,0.02448,Pindi_Bowra_4Acre_Basmati_Plot
2026-08-05T21:00:00,32.08907,73.59183,10.0,9,0.739,0.355,,1.15,0.809,11.48,140.0,84.0,0.009,0.0,27.5,88.0,0.0,0.3,30.4,0.279,0.03126,Pindi_Bowra_4Acre_Basmati_Plot
2026-08-05T22:00:00,32.088548,73.59183,5.0,9,0.789,0.379,,1.15,0.909,8.4,140.0,84.0,0.0,0.0,26.1,94.0,0.0,1.9,29.4,0.286,0.03378,Pindi_Bowra_4Acre_Basmati_Plot
2026-08-05T23:00:00,32.088548,73.591707,5.0,8,0.787,0.378,,1.15,0.914,8.26,140.0,84.0,0.0,0.0,26.1,94.0,0.0,0.1,28.7,0.285,0.03094,Pindi_Bowra_4Acre_Basmati_Plot
2026-08-06T00:00:00,32.088548,73.591584,5.0,7,0.788,0.378,,1.15,0.836,10.64,140.0,84.0,0.0,0.0,26.0,94.0,0.0,0.0,29.7,0.266,0.02423,Pindi_Bowra_4Acre_Basmati_Plot
2026-08-06T01:00:00,32.08907,73.59183,10.0,9,0.739,0.355,,1.15,0.836,10.64,140.0,84.0,0.01,0.0,25.5,95.0,10.0,0.0,29.0,0.285,0.02994,Pindi_Bowra_4Acre_Basmati_Plot
2026-08-06T02:00:00,32.088548,73.591461,5.0,6,0.793,0.381,,1.15,0.836,10.64,140.0,84.0,0.067,0.0,26.3,92.0,97.0,0.0,28.9,0.264,0.02153,Pindi_Bowra_4Acre_Basmati_Plot
2026-08-06T03:00:00,32.088548,73.591339,5.0,5,0.799,0.384,,1.15,0.836,10.64,140.0,84.0,0.173,0.0,27.7,89.0,257.0,0.0,29.4,0.262,0.02177,Pindi_Bowra_4Acre_Basmati_Plot
2026-08-06T04:00:00,32.088548,73.591584,5.0,7,0.788,0.378,,1.15,0.832,10.78,140.0,84.0,0.287,0.0,29.5,84.0,410.0,0.0,30.4,0.265,0.02542,Pindi_Bowra_4Acre_Basmati_Plot
2026-08-06T05:00:00,32.088548,73.59183,5.0,9,0.789,0.379,,1.15,0.823,11.06,140.0,84.0,0.416,0.0,31.0,79.0,578.0,0.0,31.7,0.267,0.03028,Pindi_Bowra_4Acre_Basmati_Plot
2026-08-06T06:00:00,32.08907,73.59183,10.0,9,0.739,0.355,,1.15,0.845,10.36,140.0,84.0,0.506,0.0,31.7,72.0,680.0,0.0,32.5,0.287,0.0438,Pindi_Bowra_4Acre_Basmati_Plot
2026-08-06T07:00:00,32.088548,73.59183,5.0,9,0.789,0.379,,1.15,0.836,10.64,140.0,84.0,0.5,0.0,32.8,66.0,654.0,0.0,33.2,0.27,0.03743,Pindi_Bowra_4Acre_Basmati_Plot
2026-08-06T08:00:00,32.088548,73.591707,5.0,8,0.787,0.378,,1.15,0.823,11.06,140.0,84.0,0.577,0.0,33.6,63.0,775.0,0.0,34.0,0.265,0.0364,Pindi_Bowra_4Acre_Basmati_Plot
2026-08-06T09:00:00,32.088548,73.591584,5.0,7,0.788,0.378,,1.15,0.814,11.34,140.0,84.0,0.543,0.0,34.0,63.0,732.0,0.0,34.6,0.261,0.03526,Pindi_Bowra_4Acre_Basmati_Plot
2026-08-06T10:00:00,32.08907,73.59183,10.0,9,0.739,0.355,,1.15,0.805,11.62,140.0,84.0,0.472,0.0,34.0,62.0,639.0,0.0,34.7,0.278,0.04724,Pindi_Bowra_4Acre_Basmati_Plot
2026-08-06T11:00:00,32.088548,73.591461,5.0,6,0.793,0.381,,1.15,0.795,11.9,140.0,84.0,0.348,0.0,34.2,60.0,483.0,0.0,34.7,0.255,0.03059,Pindi_Bowra_4Acre_Basmati_Plot
2026-08-06T12:00:00,32.088548,73.591339,5.0,5,0.799,0.384,,1.15,0.741,13.58,140.0,84.0,0.23,1.58,33.9,63.0,306.0,0.0,34.1,0.24,0.01659,Pindi_Bowra_4Acre_Basmati_Plot
2026-08-06T13:00:00,32.08907,73.592075,10.0,11,0.751,0.36,,1.15,0.741,13.58,140.0,84.0,0.111,1.58,33.3,66.0,140.0,0.0,33.6,0.268,0.03559,Pindi_Bowra_4Acre_Basmati_Plot
2026-08-06T14:00:00,32.088548,73.59183,5.0,9,0.789,0.379,,1.15,0.741,13.58,140.0,84.0,0.034,1.58,31.4,78.0,31.0,0.0,32.8,0.248,0.02014,Pindi_Bowra_4Acre_Basmati_Plot
2026-08-06T15:00:00,32.08907,73.59183,10.0,9,0.739,0.355,,1.15,0.741,13.58,140.0,84.0,0.034,1.58,30.9,75.0,0.0,0.0,32.1,0.264,0.02763,Pindi_Bowra_4Acre_Basmati_Plot
2026-08-06T16:00:00,32.088548,73.59183,5.0,9,0.789,0.379,,1.15,0.741,13.58,140.0,84.0,0.043,1.58,30.6,73.0,0.0,0.0,31.6,0.248,0.01786,Pindi_Bowra_4Acre_Basmati_Plot
2026-08-06T17:00:00,32.088548,73.591707,5.0,8,0.787,0.378,,1.15,0.741,13.58,140.0,84.0,0.034,1.58,29.9,75.0,0.0,0.0,31.2,0.246,0.01589,Pindi_Bowra_4Acre_Basmati_Plot
2026-08-06T18:00:00,32.088548,73.591584,5.0,7,0.788,0.378,,1.15,0.682,15.4,140.0,84.0,0.031,3.4,30.0,77.0,0.0,0.0,30.9,0.232,0.00713,Pindi_Bowra_4Acre_Basmati_Plot
2026-08-06T19:00:00,32.08907,73.59183,10.0,9,0.739,0.355,,1.15,0.686,15.26,140.0,84.0,0.032,3.26,29.5,80.0,0.0,0.0,30.7,0.252,0.01747,Pindi_Bowra_4Acre_Basmati_Plot
2026-08-06T20:00:00,32.088548,73.591461,5.0,6,0.793,0.381,,1.15,0.686,15.26,140.0,84.0,0.0,3.26,28.8,85.0,0.0,0.0,30.4,0.231,0.00625,Pindi_Bowra_4Acre_Basmati_Plot
2026-08-06T21:00:00,32.088548,73.591339,5.0,5,0.799,0.384,,1.15,1.0,3.64,140.0,84.0,0.0,0.0,24.6,100.0,0.0,6.3,29.4,0.311,0.04717,Pindi_Bowra_4Acre_Basmati_Plot
2026-08-06T22:00:00,32.088548,73.591584,5.0,7,0.788,0.378,,1.15,1.0,0.0,140.0,84.0,0.0,0.0,25.3,96.0,0.0,4.5,28.6,0.376,0.05663,Pindi_Bowra_4Acre_Basmati_Plot
2026-08-06T23:00:00,32.088548,73.59183,5.0,9,0.789,0.379,,1.15,1.0,0.0,140.0,84.0,0.0,0.0,25.3,96.0,0.0,1.6,28.1,0.394,0.05394,Pindi_Bowra_4Acre_Basmati_Plot
2026-08-07T00:00:00,32.08907,73.59183,10.0,9,0.739,0.355,,1.15,0.927,7.84,140.0,84.0,0.0,0.0,25.1,95.0,0.0,0.0,28.0,0.304,0.03501,Pindi_Bowra_4Acre_Basmati_Plot
2026-08-07T01:00:00,32.088548,73.59183,5.0,9,0.789,0.379,,1.15,0.941,7.42,140.0,84.0,0.011,0.0,25.0,95.0,4.0,0.2,27.6,0.292,0.03078,Pindi_Bowra_4Acre_Basmati_Plot
2026-08-07T02:00:00,32.088548,73.591707,5.0,8,0.787,0.378,,1.15,0.941,7.42,140.0,84.0,0.043,0.0,25.3,93.0,43.0,0.0,27.6,0.29,0.02985,Pindi_Bowra_4Acre_Basmati_Plot
2026-08-07T03:00:00,32.088548,73.591584,5.0,7,0.788,0.378,,1.15,0.936,7.56,140.0,84.0,0.118,0.0,25.9,91.0,145.0,0.0,27.8,0.287,0.02919,Pindi_Bowra_4Acre_Basmati_Plot
2026-08-07T04:00:00,32.08907,73.59183,10.0,9,0.739,0.355,,1.15,0.932,7.7,140.0,84.0,0.236,0.0,27.2,83.0,302.0,0.0,28.5,0.305,0.03725,Pindi_Bowra_4Acre_Basmati_Plot
2026-08-07T05:00:00,32.088548,73.591461,5.0,6,0.793,0.381,,1.15,0.927,7.84,140.0,84.0,0.427,0.0,28.9,77.0,550.0,0.0,29.7,0.283,0.0334,Pindi_Bowra_4Acre_Basmati_Plot
2026-08-07T06:00:00,32.088548,73.591339,5.0,5,0.799,0.384,,1.15,0.895,8.82,140.0,84.0,0.433,0.0,29.5,77.0,575.0,0.0,30.8,0.275,0.03279,Pindi_Bowra_4Acre_Basmati_Plot
2026-08-07T07:00:00,32.08907,73.592075,10.0,11,0.751,0.36,,1.15,0.882,9.24,140.0,84.0,0.578,0.0,30.5,74.0,774.0,0.0,32.0,0.299,0.04992,Pindi_Bowra_4Acre_Basmati_Plot
2026-08-07T08:00:00,32.088548,73.591584,5.0,7,0.788,0.378,,1.15,0.868,9.66,140.0,84.0,0.619,0.0,31.4,71.0,830.0,0.0,33.0,0.273,0.03884,Pindi_Bowra_4Acre_Basmati_Plot
2026-08-07T09:00:00,32.08907,73.59183,10.0,9,0.739,0.355,,1.15,0.859,9.94,140.0,84.0,0.583,0.0,32.0,68.0,764.0,0.0,33.6,0.29,0.05108,Pindi_Bowra_4Acre_Basmati_Plot
2026-08-07T10:00:00,32.088548,73.59183,5.0,9,0.789,0.379,,1.15,0.845,10.36,140.0,84.0,0.496,0.0,32.3,67.0,660.0,0.0,33.9,0.272,0.04174,Pindi_Bowra_4Acre_Basmati_Plot
2026-08-07T11:00:00,32.088548,73.591707,5.0,8,0.787,0.378,,1.15,0.836,10.64,140.0,84.0,0.385,0.0,32.2,68.0,515.0,0.0,33.9,0.268,0.03844,Pindi_Bowra_4Acre_Basmati_Plot
2026-08-07T12:00:00,32.088548,73.591584,5.0,7,0.788,0.378,,1.15,0.832,10.78,140.0,84.0,0.249,0.0,31.2,64.0,337.0,0.0,33.8,0.265,0.03572,Pindi_Bowra_4Acre_Basmati_Plot
2026-08-07T13:00:00,32.08907,73.59183,10.0,9,0.739,0.355,,1.15,0.827,10.92,140.0,84.0,0.124,0.0,30.5,71.0,161.0,0.0,33.0,0.283,0.04329,Pindi_Bowra_4Acre_Basmati_Plot
2026-08-07T14:00:00,32.088548,73.591461,5.0,6,0.793,0.381,,1.15,0.827,10.92,140.0,84.0,0.038,0.0,29.0,77.0,33.0,0.0,32.1,0.262,0.02831,Pindi_Bowra_4Acre_Basmati_Plot
2026-08-07T15:00:00,32.088548,73.591339,5.0,5,0.799,0.384,,1.15,0.827,10.92,140.0,84.0,0.0,0.0,28.3,79.0,0.0,0.0,31.3,0.26,0.02507,Pindi_Bowra_4Acre_Basmati_Plot
2026-08-07T16:00:00,32.088548,73.591584,5.0,7,0.788,0.378,,1.15,0.827,10.92,140.0,84.0,0.0,0.0,27.9,81.0,0.0,0.0,30.6,0.264,0.02536,Pindi_Bowra_4Acre_Basmati_Plot
2026-08-07T17:00:00,32.088548,73.59183,5.0,9,0.789,0.379,,1.15,0.827,10.92,140.0,84.0,0.0,0.0,27.4,83.0,0.0,0.0,30.1,0.268,0.02635,Pindi_Bowra_4Acre_Basmati_Plot
2026-08-07T18:00:00,32.08907,73.59183,10.0,9,0.739,0.355,,1.15,0.814,11.34,140.0,84.0,0.0,0.0,28.3,85.0,0.0,0.0,30.2,0.28,0.03116,Pindi_Bowra_4Acre_Basmati_Plot
2026-08-07T19:00:00,32.088548,73.59183,5.0,9,0.789,0.379,,1.15,0.814,11.34,140.0,84.0,0.0,0.0,27.8,87.0,0.0,0.0,29.9,0.265,0.02422,Pindi_Bowra_4Acre_Basmati_Plot
2026-08-07T20:00:00,32.088548,73.591707,5.0,8,0.787,0.378,,1.15,0.809,11.48,140.0,84.0,0.0,0.0,27.7,87.0,0.0,0.0,29.7,0.262,0.0221,Pindi_Bowra_4Acre_Basmati_Plot
2026-08-07T21:00:00,32.088548,73.591584,5.0,7,0.788,0.378,,1.15,0.809,11.48,140.0,84.0,0.0,0.0,27.4,88.0,0.0,0.0,29.5,0.26,0.02065,Pindi_Bowra_4Acre_Basmati_Plot
2026-08-07T22:00:00,32.08907,73.59183,10.0,9,0.739,0.355,,1.15,0.809,11.48,140.0,84.0,0.0,0.0,27.0,90.0,0.0,0.0,29.3,0.279,0.02801,Pindi_Bowra_4Acre_Basmati_Plot
2026-08-07T23:00:00,32.088548,73.591461,5.0,6,0.793,0.381,,1.15,0.809,11.48,140.0,84.0,0.0,0.0,26.7,91.0,0.0,0.0,29.1,0.258,0.01897,Pindi_Bowra_4Acre_Basmati_Plot
2026-08-08T00:00:00,32.088548,73.591339,5.0,5,0.799,0.384,,1.15,0.855,10.08,140.0,84.0,0.0,0.0,27.6,88.0,0.0,0.0,29.2,0.266,0.02337,Pindi_Bowra_4Acre_Basmati_Plot
2026-08-08T01:00:00,32.08907,73.592075,10.0,11,0.751,0.36,,1.15,0.855,10.08,140.0,84.0,0.02,0.0,27.7,87.0,9.0,0.0,29.2,0.293,0.03486,Pindi_Bowra_4Acre_Basmati_Plot
2026-08-08T02:00:00,32.088548,73.59183,5.0,9,0.789,0.379,,1.15,0.85,10.22,140.0,84.0,0.088,0.0,28.6,84.0,101.0,0.0,29.6,0.273,0.02768,Pindi_Bowra_4Acre_Basmati_Plot
2026-08-08T03:00:00,32.08907,73.59183,10.0,9,0.739,0.355,,1.15,0.845,10.36,140.0,84.0,0.204,0.0,29.3,80.0,267.0,0.0,30.1,0.287,0.03445,Pindi_Bowra_4Acre_Basmati_Plot
2026-08-08T04:00:00,32.088548,73.59183,5.0,9,0.789,0.379,,1.15,0.841,10.5,140.0,84.0,0.329,0.0,30.1,76.0,447.0,0.0,30.9,0.271,0.03033,Pindi_Bowra_4Acre_Basmati_Plot
2026-08-08T05:00:00,32.088548,73.591707,5.0,8,0.787,0.378,,1.15,0.832,10.78,140.0,84.0,0.43,0.0,30.7,73.0,605.0,0.0,31.8,0.267,0.03051,Pindi_Bowra_4Acre_Basmati_Plot
2026-08-08T06:00:00,32.088548,73.591584,5.0,7,0.788,0.378,,1.15,0.859,9.94,140.0,84.0,0.563,0.0,31.8,62.0,736.0,0.0,32.6,0.271,0.03591,Pindi_Bowra_4Acre_Basmati_Plot
2026-08-08T07:00:00,32.08907,73.59183,10.0,9,0.739,0.355,,1.15,0.864,9.8,140.0,84.0,0.616,0.0,32.2,61.0,794.0,0.5,33.2,0.291,0.04978,Pindi_Bowra_4Acre_Basmati_Plot
2026-08-08T08:00:00,32.088548,73.591461,5.0,6,0.793,0.381,,1.15,0.877,9.38,140.0,84.0,0.595,0.0,32.3,62.0,759.0,0.7,33.4,0.273,0.04068,Pindi_Bowra_4Acre_Basmati_Plot
2026-08-08T09:00:00,32.088548,73.591339,5.0,5,0.799,0.384,,1.15,0.909,8.4,140.0,84.0,0.565,0.0,31.9,65.0,696.0,1.1,33.2,0.278,0.04396,Pindi_Bowra_4Acre_Basmati_Plot
2026-08-08T10:00:00,32.088548,73.591584,5.0,7,0.788,0.378,,1.15,0.9,8.68,140.0,84.0,0.497,0.0,32.3,63.0,594.0,0.0,33.3,0.28,0.0453,Pindi_Bowra_4Acre_Basmati_Plot
2026-08-08T11:00:00,32.088548,73.59183,5.0,9,0.789,0.379,,1.15,0.891,8.96,140.0,84.0,0.379,0.0,31.2,67.0,445.0,0.1,33.1,0.282,0.04595,Pindi_Bowra_4Acre_Basmati_Plot
2026-08-08T12:00:00,32.08907,73.59183,10.0,9,0.739,0.355,,1.15,0.891,8.96,140.0,84.0,0.236,0.0,30.0,73.0,280.0,0.0,32.8,0.297,0.05187,Pindi_Bowra_4Acre_Basmati_Plot
2026-08-08T13:00:00,32.088548,73.59183,5.0,9,0.789,0.379,,1.15,0.886,9.1,140.0,84.0,0.133,0.0,29.4,76.0,140.0,0.0,32.2,0.281,0.04131,Pindi_Bowra_4Acre_Basmati_Plot
2026-08-08T14:00:00,32.088548,73.591707,5.0,8,0.787,0.378,,1.15,0.886,9.1,140.0,84.0,0.051,0.0,28.5,79.0,29.0,0.0,31.6,0.279,0.03754,Pindi_Bowra_4Acre_Basmati_Plot
2026-08-08T15:00:00,32.088548,73.591584,5.0,7,0.788,0.378,,1.15,0.882,9.24,140.0,84.0,0.01,0.0,28.0,80.0,0.0,0.0,31.0,0.276,0.0336,Pindi_Bowra_4Acre_Basmati_Plot
2026-08-08T16:00:00,32.08907,73.59183,10.0,9,0.739,0.355,,1.15,0.882,9.24,140.0,84.0,0.0,0.0,27.7,82.0,0.0,0.0,30.5,0.295,0.04014,Pindi_Bowra_4Acre_Basmati_Plot
2026-08-08T17:00:00,32.088548,73.591461,5.0,6,0.793,0.381,,1.15,0.882,9.24,140.0,84.0,0.0,0.0,27.4,83.0,0.0,0.0,30.2,0.274,0.0301,Pindi_Bowra_4Acre_Basmati_Plot
2026-08-08T18:00:00,32.088548,73.591339,5.0,5,0.799,0.384,,1.15,0.859,9.94,140.0,84.0,0.01,0.0,28.2,81.0,0.0,0.0,30.4,0.267,0.02693,Pindi_Bowra_4Acre_Basmati_Plot
2026-08-08T19:00:00,32.088548,73.591461,5.0,6,0.793,0.381,,1.15,0.859,9.94,140.0,84.0,0.0,0.0,27.7,86.0,0.0,0.0,30.1,0.269,0.02704,Pindi_Bowra_4Acre_Basmati_Plot
2026-08-08T20:00:00,32.088548,73.591584,5.0,7,0.788,0.378,,1.15,0.859,9.94,140.0,84.0,0.0,0.0,27.5,86.0,0.0,0.0,29.9,0.271,0.02741,Pindi_Bowra_4Acre_Basmati_Plot
2026-08-08T21:00:00,32.08907,73.59183,10.0,9,0.739,0.355,,1.15,0.859,9.94,140.0,84.0,0.0,0.0,27.1,89.0,0.0,0.0,29.7,0.29,0.03458,Pindi_Bowra_4Acre_Basmati_Plot
2026-08-08T22:00:00,32.088548,73.59183,5.0,9,0.789,0.379,,1.15,0.859,9.94,140.0,84.0,0.0,0.0,26.9,90.0,0.0,0.0,29.5,0.275,0.02844,Pindi_Bowra_4Acre_Basmati_Plot
2026-08-08T23:00:00,32.088548,73.591707,5.0,8,0.787,0.378,,1.15,0.859,9.94,140.0,84.0,0.0,0.0,26.9,91.0,0.0,0.0,29.4,0.273,0.02706,Pindi_Bowra_4Acre_Basmati_Plot
2026-08-09T00:00:00,32.088548,73.591584,5.0,7,0.788,0.378,,1.15,0.882,9.24,140.0,84.0,0.0,0.0,27.2,90.0,0.0,0.0,29.4,0.276,0.02863,Pindi_Bowra_4Acre_Basmati_Plot
2026-08-09T01:00:00,32.08907,73.59183,10.0,9,0.739,0.355,,1.15,0.882,9.24,140.0,84.0,0.01,0.0,27.1,92.0,8.0,0.0,29.3,0.295,0.0356,Pindi_Bowra_4Acre_Basmati_Plot
2026-08-09T02:00:00,32.088548,73.591461,5.0,6,0.793,0.381,,1.15,0.877,9.38,140.0,84.0,0.071,0.0,28.1,87.0,87.0,0.0,29.5,0.273,0.02754,Pindi_Bowra_4Acre_Basmati_Plot
2026-08-09T03:00:00,32.088548,73.591339,5.0,5,0.799,0.384,,1.15,0.873,9.52,140.0,84.0,0.151,0.0,29.0,80.0,193.0,0.0,30.1,0.27,0.0278,Pindi_Bowra_4Acre_Basmati_Plot
2026-08-09T04:00:00,32.088548,73.591584,5.0,7,0.788,0.378,,1.15,0.868,9.66,140.0,84.0,0.28,0.0,29.7,77.0,362.0,0.0,30.8,0.273,0.03117,Pindi_Bowra_4Acre_Basmati_Plot
2026-08-09T05:00:00,32.088548,73.59183,5.0,9,0.789,0.379,,1.15,0.864,9.8,140.0,84.0,0.358,0.0,30.3,74.0,463.0,0.0,31.5,0.276,0.03536,Pindi_Bowra_4Acre_Basmati_Plot
2026-08-09T06:00:00,32.08907,73.59183,10.0,9,0.739,0.355,,1.15,0.855,10.08,140.0,84.0,0.442,0.0,30.5,71.0,590.0,0.0,31.9,0.289,0.04248,Pindi_Bowra_4Acre_Basmati_Plot
2026-08-09T07:00:00,32.088548,73.59183,5.0,9,0.789,0.379,,1.15,0.845,10.36,140.0,84.0,0.379,0.0,30.8,71.0,496.0,0.0,32.3,0.272,0.03557,Pindi_Bowra_4Acre_Basmati_Plot
2026-08-09T08:00:00,32.088548,73.591707,5.0,8,0.787,0.378,,1.15,0.836,10.64,140.0,84.0,0.452,0.0,31.5,68.0,605.0,0.0,32.9,0.268,0.03478,Pindi_Bowra_4Acre_Basmati_Plot
2026-08-09T09:00:00,32.088548,73.591584,5.0,7,0.788,0.378,,1.15,0.827,10.92,140.0,84.0,0.371,0.0,31.6,66.0,483.0,0.0,33.1,0.264,0.03257,Pindi_Bowra_4Acre_Basmati_Plot
2026-08-09T10:00:00,32.08907,73.59183,10.0,9,0.739,0.355,,1.15,0.818,11.2,140.0,84.0,0.301,0.0,31.6,66.0,398.0,0.0,33.1,0.281,0.04234,Pindi_Bowra_4Acre_Basmati_Plot
2026-08-09T11:00:00,32.088548,73.591461,5.0,6,0.793,0.381,,1.15,0.809,11.48,140.0,84.0,0.354,0.0,32.0,64.0,490.0,0.0,33.3,0.258,0.02888,Pindi_Bowra_4Acre_Basmati_Plot
2026-08-09T12:00:00,32.088548,73.591339,5.0,5,0.799,0.384,,1.15,0.845,10.36,140.0,84.0,0.243,0.0,31.6,64.0,324.0,0.0,33.6,0.264,0.03471,Pindi_Bowra_4Acre_Basmati_Plot
2026-08-09T13:00:00,32.08907,73.592075,10.0,11,0.751,0.36,,1.15,0.841,10.5,140.0,84.0,0.106,0.0,31.2,66.0,147.0,0.0,33.0,0.29,0.04888,Pindi_Bowra_4Acre_Basmati_Plot
2026-08-09T14:00:00,32.088548,73.591584,5.0,7,0.788,0.378,,1.15,0.841,10.5,140.0,84.0,0.029,0.0,30.3,74.0,29.0,0.0,32.2,0.267,0.03179,Pindi_Bowra_4Acre_Basmati_Plot
2026-08-09T15:00:00,32.08907,73.59183,10.0,9,0.739,0.355,,1.15,0.841,10.5,140.0,84.0,0.0,0.0,29.7,76.0,0.0,0.0,31.6,0.286,0.03943,Pindi_Bowra_4Acre_Basmati_Plot
2026-08-09T16:00:00,32.088548,73.59183,5.0,9,0.789,0.379,,1.15,0.836,10.64,140.0,84.0,0.0,0.0,29.4,77.0,0.0,0.0,31.0,0.27,0.03003,Pindi_Bowra_4Acre_Basmati_Plot
2026-08-09T17:00:00,32.088548,73.591707,5.0,8,0.787,0.378,,1.15,0.836,10.64,140.0,84.0,0.0,0.0,28.6,80.0,0.0,0.0,30.6,0.268,0.02763,Pindi_Bowra_4Acre_Basmati_Plot
2026-08-09T18:00:00,32.088548,73.591584,5.0,7,0.788,0.378,,1.15,0.832,10.78,140.0,84.0,0.01,0.0,28.7,81.0,0.0,0.0,30.4,0.265,0.02542,Pindi_Bowra_4Acre_Basmati_Plot
2026-08-09T19:00:00,32.08907,73.59183,10.0,9,0.739,0.355,,1.15,0.832,10.78,140.0,84.0,0.0,0.0,28.1,84.0,0.0,0.0,30.1,0.284,0.03291,Pindi_Bowra_4Acre_Basmati_Plot
2026-08-09T20:00:00,32.088548,73.591461,5.0,6,0.793,0.381,,1.15,0.832,10.78,140.0,84.0,0.0,0.0,27.8,84.0,0.0,0.0,29.8,0.263,0.02303,Pindi_Bowra_4Acre_Basmati_Plot
2026-08-09T21:00:00,32.088548,73.591339,5.0,5,0.799,0.384,,1.15,0.827,10.92,140.0,84.0,0.0,0.0,27.5,87.0,0.0,0.0,29.6,0.26,0.02115,Pindi_Bowra_4Acre_Basmati_Plot
2026-08-09T22:00:00,32.088548,73.591461,5.0,6,0.793,0.381,,1.15,0.827,10.92,140.0,84.0,0.0,0.0,27.4,88.0,0.0,0.0,29.4,0.262,0.02161,Pindi_Bowra_4Acre_Basmati_Plot
2026-08-09T23:00:00,32.088548,73.59183,5.0,9,0.789,0.379,,1.15,0.827,10.92,140.0,84.0,0.0,0.0,27.4,88.0,0.0,0.0,29.2,0.268,0.02408,Pindi_Bowra_4Acre_Basmati_Plot
2026-08-10T00:00:00,32.08907,73.591707,10.0,8,0.737,0.354,,1.15,0.832,10.78,140.0,84.0,0.0,0.0,27.9,89.0,0.0,0.0,29.3,0.282,0.02935,Pindi_Bowra_4Acre_Basmati_Plot
2026-08-10T01:00:00,32.088548,73.591584,5.0,7,0.788,0.378,,1.15,0.832,10.78,140.0,84.0,0.0,0.0,27.7,88.0,8.0,0.0,29.3,0.265,0.02278,Pindi_Bowra_4Acre_Basmati_Plot
2026-08-10T02:00:00,32.088548,73.591707,5.0,8,0.787,0.378,,1.15,0.832,10.78,140.0,84.0,0.067,0.0,28.7,86.0,95.0,0.0,29.7,0.267,0.02473,Pindi_Bowra_4Acre_Basmati_Plot
2026-08-10T03:00:00,32.08907,73.591952,10.0,10,0.744,0.357,,1.15,0.827,10.92,140.0,84.0,0.181,0.0,30.1,79.0,254.0,0.0,30.4,0.285,0.03467,Pindi_Bowra_4Acre_Basmati_Plot
2026-08-10T04:00:00,32.088548,73.591584,5.0,7,0.788,0.378,,1.15,0.823,11.06,140.0,84.0,0.312,0.0,31.2,73.0,434.0,0.0,31.3,0.263,0.02658,Pindi_Bowra_4Acre_Basmati_Plot
2026-08-10T05:00:00,32.08907,73.59183,10.0,9,0.739,0.355,,1.15,0.814,11.34,140.0,84.0,0.43,0.0,32.1,70.0,602.0,0.0,32.4,0.28,0.03883,Pindi_Bowra_4Acre_Basmati_Plot
2026-08-10T06:00:00,32.088548,73.591461,5.0,6,0.793,0.381,,1.15,0.795,11.9,140.0,84.0,0.503,0.0,32.9,63.0,703.0,0.0,33.6,0.255,0.02741,Pindi_Bowra_4Acre_Basmati_Plot
2026-08-10T07:00:00,32.088548,73.591339,5.0,5,0.799,0.384,,1.15,0.786,12.18,140.0,84.0,0.506,0.18,33.7,61.0,705.0,0.0,34.2,0.251,0.02597,Pindi_Bowra_4Acre_Basmati_Plot
2026-08-10T08:00:00,32.088548,73.591461,5.0,6,0.793,0.381,,1.15,0.773,12.6,140.0,84.0,0.507,0.6,33.9,63.0,701.0,0.0,34.7,0.249,0.02535,Pindi_Bowra_4Acre_Basmati_Plot
2026-08-10T09:00:00,32.088548,73.59183,5.0,9,0.789,0.379,,1.15,0.759,13.02,140.0,84.0,0.524,1.02,34.2,62.0,750.0,0.0,35.1,0.253,0.02987,Pindi_Bowra_4Acre_Basmati_Plot
2026-08-10T10:00:00,32.08907,73.59183,10.0,9,0.739,0.355,,1.15,0.75,13.3,140.0,84.0,0.448,1.3,34.3,61.0,647.0,0.0,35.2,0.266,0.03939,Pindi_Bowra_4Acre_Basmati_Plot
2026-08-10T11:00:00,32.088548,73.59183,5.0,9,0.789,0.379,,1.15,0.741,13.58,140.0,84.0,0.349,1.58,34.2,62.0,499.0,0.0,35.1,0.248,0.02534,Pindi_Bowra_4Acre_Basmati_Plot
2026-08-10T12:00:00,32.088548,73.591707,5.0,8,0.787,0.378,,1.15,0.727,14.0,140.0,84.0,0.234,2.0,33.9,59.0,322.0,0.0,35.0,0.243,0.02056,Pindi_Bowra_4Acre_Basmati_Plot
2026-08-10T13:00:00,32.088548,73.591584,5.0,7,0.788,0.378,,1.15,0.723,14.14,140.0,84.0,0.108,2.14,32.7,72.0,155.0,0.0,34.3,0.24,0.01669,Pindi_Bowra_4Acre_Basmati_Plot
2026-08-10T14:00:00,32.08907,73.59183,10.0,9,0.739,0.355,,1.15,0.723,14.14,140.0,84.0,0.025,2.14,31.2,79.0,29.0,0.0,33.5,0.26,0.0289,Pindi_Bowra_4Acre_Basmati_Plot
2026-08-10T15:00:00,32.088548,73.591461,5.0,6,0.793,0.381,,1.15,0.723,14.14,140.0,84.0,0.0,2.14,30.6,80.0,0.0,0.0,32.7,0.238,0.01288,Pindi_Bowra_4Acre_Basmati_Plot
2026-08-10T16:00:00,32.088548,73.591339,5.0,5,0.799,0.384,,1.15,0.723,14.14,140.0,84.0,0.0,2.14,30.2,81.0,0.0,0.0,32.1,0.236,0.01086,Pindi_Bowra_4Acre_Basmati_Plot
2026-08-10T17:00:00,32.088548,73.591584,5.0,7,0.788,0.378,,1.15,0.723,14.14,140.0,84.0,0.0,2.14,29.7,82.0,0.0,0.0,31.6,0.24,0.01274,Pindi_Bowra_4Acre_Basmati_Plot
2026-08-10T18:00:00,32.088548,73.59183,5.0,9,0.789,0.379,,1.15,0.709,14.56,140.0,84.0,0.008,2.56,30.1,82.0,0.0,0.0,31.7,0.241,0.01353,Pindi_Bowra_4Acre_Basmati_Plot
2026-08-10T19:00:00,32.08907,73.59183,10.0,9,0.739,0.355,,1.15,0.709,14.56,140.0,84.0,0.008,2.56,29.8,81.0,0.0,0.0,31.4,0.257,0.02167,Pindi_Bowra_4Acre_Basmati_Plot
2026-08-10T20:00:00,32.088548,73.59183,5.0,9,0.789,0.379,,1.15,0.709,14.56,140.0,84.0,0.008,2.56,29.5,81.0,0.0,0.0,31.1,0.241,0.01274,Pindi_Bowra_4Acre_Basmati_Plot
2026-08-10T21:00:00,32.088548,73.591707,5.0,8,0.787,0.378,,1.15,0.709,14.56,140.0,84.0,0.008,2.56,29.2,84.0,0.0,0.0,30.9,0.239,0.01127,Pindi_Bowra_4Acre_Basmati_Plot
2026-08-10T22:00:00,32.088548,73.591584,5.0,7,0.788,0.378,,1.15,0.709,14.56,140.0,84.0,0.008,2.56,28.8,87.0,0.0,0.0,30.7,0.237,0.0099,Pindi_Bowra_4Acre_Basmati_Plot
2026-08-10T23:00:00,32.08907,73.59183,10.0,9,0.739,0.355,,1.15,0.709,14.56,140.0,84.0,0.0,2.56,28.4,90.0,0.0,0.0,30.6,0.257,0.02,Pindi_Bowra_4Acre_Basmati_Plot
2026-08-11T00:00:00,32.088548,73.591461,5.0,6,0.793,0.381,,1.15,0.773,12.6,140.0,84.0,0.009,0.6,28.6,89.0,0.0,0.0,30.7,0.249,0.01699,Pindi_Bowra_4Acre_Basmati_Plot
2026-08-11T01:00:00,32.088548,73.591339,5.0,5,0.799,0.384,,1.15,0.773,12.6,140.0,84.0,0.018,0.6,28.4,91.0,7.0,0.1,30.4,0.247,0.01547,Pindi_Bowra_4Acre_Basmati_Plot
2026-08-11T02:00:00,32.08907,73.592075,10.0,11,0.751,0.36,,1.15,0.773,12.6,140.0,84.0,0.062,0.6,28.9,90.0,87.0,0.0,30.4,0.275,0.02962,Pindi_Bowra_4Acre_Basmati_Plot
2026-08-11T03:00:00,32.088548,73.59183,5.0,9,0.789,0.379,,1.15,0.773,12.6,140.0,84.0,0.16,0.6,29.7,87.0,235.0,0.0,30.8,0.256,0.0212,Pindi_Bowra_4Acre_Basmati_Plot
2026-08-11T04:00:00,32.08907,73.59183,10.0,9,0.739,0.355,,1.15,0.768,12.74,140.0,84.0,0.256,0.74,30.7,83.0,392.0,0.0,31.6,0.27,0.02987,Pindi_Bowra_4Acre_Basmati_Plot
2026-08-11T05:00:00,32.088548,73.59183,5.0,9,0.789,0.379,,1.15,0.759,13.02,140.0,84.0,0.349,1.02,31.8,79.0,519.0,0.0,32.5,0.253,0.02303,Pindi_Bowra_4Acre_Basmati_Plot
2026-08-11T06:00:00,32.088548,73.591707,5.0,8,0.787,0.378,,1.15,0.75,13.3,140.0,84.0,0.44,1.3,32.8,73.0,657.0,0.0,33.4,0.248,0.02133,Pindi_Bowra_4Acre_Basmati_Plot
2026-08-11T07:00:00,32.088548,73.591584,5.0,7,0.788,0.378,,1.15,0.741,13.58,140.0,84.0,0.469,1.58,33.3,72.0,701.0,0.1,34.2,0.244,0.01983,Pindi_Bowra_4Acre_Basmati_Plot
2026-08-11T08:00:00,32.08907,73.59183,10.0,9,0.739,0.355,,1.15,0.732,13.86,140.0,84.0,0.513,1.86,34.0,69.0,768.0,0.1,34.9,0.262,0.0349,Pindi_Bowra_4Acre_Basmati_Plot
2026-08-11T09:00:00,32.088548,73.591461,5.0,6,0.793,0.381,,1.15,0.723,14.14,140.0,84.0,0.482,2.14,34.4,65.0,717.0,0.0,35.4,0.238,0.01687,Pindi_Bowra_4Acre_Basmati_Plot
2026-08-11T10:00:00,32.088548,73.591339,5.0,5,0.799,0.384,,1.15,0.714,14.42,140.0,84.0,0.419,2.42,34.3,65.0,629.0,0.0,35.5,0.234,0.01336,Pindi_Bowra_4Acre_Basmati_Plot
2026-08-11T11:00:00,32.088548,73.591584,5.0,7,0.788,0.378,,1.15,0.705,14.7,140.0,84.0,0.324,2.7,33.8,67.0,478.0,0.0,35.3,0.236,0.01476,Pindi_Bowra_4Acre_Basmati_Plot
2026-08-11T12:00:00,32.088548,73.59183,5.0,9,0.789,0.379,,1.15,0.741,13.58,140.0,84.0,0.213,1.58,33.2,68.0,297.0,0.0,34.6,0.248,0.02411,Pindi_Bowra_4Acre_Basmati_Plot
2026-08-11T13:00:00,32.08907,73.59183,10.0,9,0.739,0.355,,1.15,0.741,13.58,140.0,84.0,0.119,1.58,32.2,75.0,141.0,0.0,34.0,0.264,0.03342,Pindi_Bowra_4Acre_Basmati_Plot
2026-08-11T14:00:00,32.088548,73.59183,5.0,9,0.789,0.379,,1.15,0.741,13.58,140.0,84.0,0.051,1.58,31.3,78.0,25.0,0.0,33.2,0.248,0.02096,Pindi_Bowra_4Acre_Basmati_Plot
2026-08-11T15:00:00,32.088548,73.591707,5.0,8,0.787,0.378,,1.15,0.736,13.72,140.0,84.0,0.034,1.72,30.8,78.0,0.0,0.0,32.6,0.245,0.01758,Pindi_Bowra_4Acre_Basmati_Plot
2026-08-11T16:00:00,32.088548,73.591584,5.0,7,0.788,0.378,,1.15,0.736,13.72,140.0,84.0,0.025,1.72,29.7,81.0,0.0,0.0,32.1,0.243,0.0154,Pindi_Bowra_4Acre_Basmati_Plot
2026-08-11T17:00:00,32.08907,73.59183,10.0,9,0.739,0.355,,1.15,0.736,13.72,140.0,84.0,0.025,1.72,29.1,84.0,0.0,0.0,31.7,0.263,0.02595,Pindi_Bowra_4Acre_Basmati_Plot
2026-08-11T18:00:00,32.088548,73.591461,5.0,6,0.793,0.381,,1.15,0.714,14.42,140.0,84.0,0.025,2.42,30.1,84.0,0.0,0.0,31.3,0.236,0.00995,Pindi_Bowra_4Acre_Basmati_Plot
2026-08-11T19:00:00,32.088548,73.591339,5.0,5,0.799,0.384,,1.15,0.714,14.42,140.0,84.0,0.008,2.42,29.4,87.0,0.0,0.0,31.1,0.234,0.0086,Pindi_Bowra_4Acre_Basmati_Plot
2026-08-11T20:00:00,32.088548,73.591461,5.0,6,0.793,0.381,,1.15,0.714,14.42,140.0,84.0,0.008,2.42,28.9,90.0,0.0,0.0,30.9,0.236,0.00956,Pindi_Bowra_4Acre_Basmati_Plot
2026-08-11T21:00:00,32.088548,73.591584,5.0,7,0.788,0.378,,1.15,0.714,14.42,140.0,84.0,0.008,2.42,28.5,92.0,0.0,0.0,30.7,0.238,0.01048,Pindi_Bowra_4Acre_Basmati_Plot
2026-08-11T22:00:00,32.08907,73.59183,10.0,9,0.739,0.355,,1.15,0.714,14.42,140.0,84.0,0.0,2.42,28.2,92.0,0.0,0.0,30.5,0.258,0.02034,Pindi_Bowra_4Acre_Basmati_Plot
2026-08-11T23:00:00,32.088548,73.59183,5.0,9,0.789,0.379,,1.15,0.714,14.42,140.0,84.0,0.0,2.42,27.9,93.0,0.0,0.0,30.3,0.242,0.01232,Pindi_Bowra_4Acre_Basmati_Plot
2026-08-12T00:00:00,32.088548,73.591707,5.0,8,0.787,0.378,,1.15,0.723,14.14,140.0,84.0,0.0,2.14,28.2,92.0,0.0,0.0,30.4,0.242,0.01241,Pindi_Bowra_4Acre_Basmati_Plot
2026-08-12T01:00:00,32.088548,73.591584,5.0,7,0.788,0.378,,1.15,0.723,14.14,140.0,84.0,0.008,2.14,28.0,93.0,7.0,0.0,30.2,0.24,0.01108,Pindi_Bowra_4Acre_Basmati_Plot
2026-08-12T02:00:00,32.08907,73.59183,10.0,9,0.739,0.355,,1.15,0.723,14.14,140.0,84.0,0.058,2.14,28.7,91.0,88.0,0.0,30.4,0.26,0.02119,Pindi_Bowra_4Acre_Basmati_Plot
2026-08-12T03:00:00,32.088548,73.591461,5.0,6,0.793,0.381,,1.15,0.723,14.14,140.0,84.0,0.141,2.14,29.5,86.0,220.0,0.0,30.9,0.238,0.01076,Pindi_Bowra_4Acre_Basmati_Plot
2026-08-12T04:00:00,32.088548,73.591339,5.0,5,0.799,0.384,,1.15,0.718,14.28,140.0,84.0,0.248,2.28,30.8,80.0,401.0,0.0,31.7,0.235,0.00979,Pindi_Bowra_4Acre_Basmati_Plot
2026-08-12T05:00:00,32.088548,73.591584,5.0,7,0.788,0.378,,1.15,0.714,14.42,140.0,84.0,0.353,2.42,31.8,77.0,565.0,0.1,32.6,0.238,0.01267,Pindi_Bowra_4Acre_Basmati_Plot
2026-08-12T06:00:00,32.088548,73.59183,5.0,9,0.789,0.379,,1.15,0.7,14.84,140.0,84.0,0.435,2.84,32.5,74.0,695.0,0.0,33.8,0.24,0.0159,Pindi_Bowra_4Acre_Basmati_Plot
2026-08-12T07:00:00,32.08907,73.59183,10.0,9,0.739,0.355,,1.15,0.691,15.12,140.0,84.0,0.477,3.12,33.3,69.0,768.0,0.1,34.6,0.253,0.02661,Pindi_Bowra_4Acre_Basmati_Plot
2026-08-12T08:00:00,32.088548,73.59183,5.0,9,0.789,0.379,,1.15,0.682,15.4,140.0,84.0,0.47,3.4,33.9,66.0,753.0,0.0,35.2,0.236,0.01463,Pindi_Bowra_4Acre_Basmati_Plot
2026-08-12T09:00:00,32.088548,73.591707,5.0,8,0.787,0.378,,1.15,0.673,15.68,140.0,84.0,0.426,3.68,34.2,65.0,686.0,0.1,35.6,0.232,0.01139,Pindi_Bowra_4Acre_Basmati_Plot
2026-08-12T10:00:00,32.088548,73.591584,5.0,7,0.788,0.378,,1.15,0.664,15.96,140.0,84.0,0.382,3.96,34.4,65.0,617.0,0.0,35.7,0.228,0.00768,Pindi_Bowra_4Acre_Basmati_Plot
2026-08-12T11:00:00,32.08907,73.59183,10.0,9,0.739,0.355,,1.15,0.659,16.1,140.0,84.0,0.28,4.1,34.4,65.0,456.0,0.0,35.6,0.246,0.02317,Pindi_Bowra_4Acre_Basmati_Plot
2026-08-12T12:00:00,32.088548,73.591461,5.0,6,0.793,0.381,,1.15,0.655,16.24,140.0,84.0,0.196,4.24,34.7,63.0,311.0,0.0,35.3,0.224,0.00371,Pindi_Bowra_4Acre_Basmati_Plot
2026-08-12T13:00:00,32.088548,73.591339,5.0,5,0.799,0.384,,1.15,0.65,16.38,140.0,84.0,0.097,4.38,34.1,66.0,148.0,0.0,34.8,0.221,0.00089,Pindi_Bowra_4Acre_Basmati_Plot
2026-08-12T14:00:00,32.08907,73.592075,10.0,11,0.751,0.36,,1.15,0.65,16.38,140.0,84.0,0.022,4.38,32.6,77.0,26.0,0.0,34.1,0.248,0.02183,Pindi_Bowra_4Acre_Basmati_Plot
2026-08-12T15:00:00,32.088548,73.591584,5.0,7,0.788,0.378,,1.15,0.65,16.38,140.0,84.0,0.0,4.38,32.0,79.0,0.0,0.0,33.4,0.225,0.00381,Pindi_Bowra_4Acre_Basmati_Plot
2026-08-12T16:00:00,32.08907,73.59183,10.0,9,0.739,0.355,,1.15,0.65,16.38,140.0,84.0,0.007,4.38,31.0,82.0,0.0,0.0,32.9,0.244,0.01633,Pindi_Bowra_4Acre_Basmati_Plot
2026-08-12T17:00:00,32.088548,73.59183,5.0,9,0.789,0.379,,1.15,0.65,16.38,140.0,84.0,0.007,4.38,30.6,83.0,0.0,0.0,32.4,0.229,0.00622,Pindi_Bowra_4Acre_Basmati_Plot
2026-08-12T18:00:00,32.088548,73.591707,5.0,8,0.787,0.378,,1.15,0.645,16.52,140.0,84.0,0.0,4.52,30.6,85.0,0.0,0.0,32.3,0.226,0.00409,Pindi_Bowra_4Acre_Basmati_Plot
2026-08-12T19:00:00,32.088548,73.591584,5.0,7,0.788,0.378,,1.15,0.645,16.52,140.0,84.0,0.0,4.52,30.1,85.0,0.0,0.0,31.9,0.224,0.00263,Pindi_Bowra_4Acre_Basmati_Plot
2026-08-12T20:00:00,32.08907,73.59183,10.0,9,0.739,0.355,,1.15,0.645,16.52,140.0,84.0,0.0,4.52,29.9,86.0,0.0,0.0,31.7,0.243,0.01388,Pindi_Bowra_4Acre_Basmati_Plot
2026-08-12T21:00:00,32.088548,73.591461,5.0,6,0.793,0.381,,1.15,0.645,16.52,140.0,84.0,0.0,4.52,29.8,88.0,0.0,0.0,31.5,0.222,0.00127,Pindi_Bowra_4Acre_Basmati_Plot
2026-08-12T22:00:00,32.088548,73.591339,5.0,5,0.799,0.384,,1.15,0.645,16.52,140.0,84.0,0.0,4.52,29.6,87.0,0.0,0.0,31.3,0.22,0.0,Pindi_Bowra_4Acre_Basmati_Plot
2026-08-12T23:00:00,32.088548,73.591461,5.0,6,0.793,0.381,,1.15,0.645,16.52,140.0,84.0,0.0,4.52,29.3,87.0,0.0,0.0,31.1,0.222,0.00122,Pindi_Bowra_4Acre_Basmati_Plot
2026-08-13T00:00:00,32.088548,73.59183,5.0,9,0.789,0.379,,1.15,0.627,17.08,140.0,84.0,0.0,5.08,29.6,86.0,0.0,0.3,30.9,0.224,0.00238,Pindi_Bowra_4Acre_Basmati_Plot
2026-08-13T01:00:00,32.08907,73.591707,10.0,8,0.737,0.354,,1.15,0.627,17.08,140.0,84.0,0.014,5.08,29.2,90.0,7.0,0.0,30.8,0.237,0.00935,Pindi_Bowra_4Acre_Basmati_Plot
2026-08-13T02:00:00,32.088548,73.591584,5.0,7,0.788,0.378,,1.15,0.632,16.94,140.0,84.0,0.044,4.94,29.9,88.0,80.0,0.0,31.1,0.221,0.00061,Pindi_Bowra_4Acre_Basmati_Plot
2026-08-13T03:00:00,32.088548,73.591707,5.0,8,0.787,0.378,,1.15,0.627,17.08,140.0,84.0,0.13,5.08,31.0,83.0,233.0,0.0,31.6,0.222,0.00127,Pindi_Bowra_4Acre_Basmati_Plot
2026-08-13T04:00:00,32.08907,73.591952,10.0,10,0.744,0.357,,1.15,0.623,17.22,140.0,84.0,0.236,5.22,32.1,78.0,421.0,0.0,32.6,0.24,0.01329,Pindi_Bowra_4Acre_Basmati_Plot
2026-08-13T05:00:00,32.088548,73.591584,5.0,7,0.788,0.378,,1.15,0.623,17.22,140.0,84.0,0.329,5.22,33.1,72.0,587.0,0.1,33.6,0.218,0.0,Pindi_Bowra_4Acre_Basmati_Plot
2026-08-13T06:00:00,32.08907,73.59183,10.0,9,0.739,0.355,,1.15,0.595,18.06,140.0,84.0,0.37,6.06,34.1,68.0,674.0,0.0,34.9,0.232,0.00997,Pindi_Bowra_4Acre_Basmati_Plot
2026-08-13T07:00:00,32.088548,73.591461,5.0,6,0.793,0.381,,1.15,0.586,18.34,140.0,84.0,0.405,6.34,35.0,65.0,749.0,0.0,35.8,0.208,0.0,Pindi_Bowra_4Acre_Basmati_Plot
2026-08-13T08:00:00,32.088548,73.591339,5.0,5,0.799,0.384,,1.15,0.577,18.62,140.0,84.0,0.405,6.62,35.7,61.0,751.0,0.0,36.4,0.204,0.0,Pindi_Bowra_4Acre_Basmati_Plot
2026-08-13T09:00:00,32.08907,73.591952,10.0,10,0.744,0.357,,1.15,0.568,18.9,140.0,84.0,0.379,6.9,36.0,58.0,719.0,0.0,36.9,0.228,0.00817,Pindi_Bowra_4Acre_Basmati_Plot
2026-08-13T10:00:00,32.088548,73.59183,5.0,9,0.789,0.379,,1.15,0.559,19.18,140.0,84.0,0.321,7.18,36.1,59.0,612.0,0.0,37.0,0.209,0.0,Pindi_Bowra_4Acre_Basmati_Plot
2026-08-13T11:00:00,32.08907,73.59183,10.0,9,0.739,0.355,,1.15,0.555,19.32,140.0,84.0,0.242,7.32,35.9,59.0,466.0,0.0,36.8,0.223,0.00301,Pindi_Bowra_4Acre_Basmati_Plot
2026-08-13T12:00:00,32.088548,73.59183,5.0,9,0.789,0.379,,1.15,0.627,17.08,140.0,84.0,0.188,5.08,35.3,62.0,302.0,0.0,36.1,0.224,0.004,Pindi_Bowra_4Acre_Basmati_Plot
2026-08-13T13:00:00,32.088548,73.591707,5.0,8,0.787,0.378,,1.15,0.627,17.08,140.0,84.0,0.087,5.08,34.0,73.0,130.0,0.0,35.4,0.222,0.00186,Pindi_Bowra_4Acre_Basmati_Plot
2026-08-13T14:00:00,32.088548,73.591584,5.0,7,0.788,0.378,,1.15,0.627,17.08,140.0,84.0,0.029,5.08,32.7,77.0,24.0,0.0,34.6,0.22,0.0,Pindi_Bowra_4Acre_Basmati_Plot
2026-08-13T15:00:00,32.08907,73.59183,10.0,9,0.739,0.355,,1.15,0.627,17.08,140.0,84.0,0.014,5.08,32.1,77.0,0.0,0.0,34.0,0.239,0.01443,Pindi_Bowra_4Acre_Basmati_Plot
2026-08-13T16:00:00,32.088548,73.591461,5.0,6,0.793,0.381,,1.15,0.623,17.22,140.0,84.0,0.007,5.22,31.5,78.0,0.0,0.0,33.4,0.216,0.0,Pindi_Bowra_4Acre_Basmati_Plot
2026-08-13T17:00:00,32.088548,73.591339,5.0,5,0.799,0.384,,1.15,0.655,16.24,140.0,84.0,0.008,4.24,30.0,87.0,0.0,0.8,32.6,0.222,0.00143,Pindi_Bowra_4Acre_Basmati_Plot
2026-08-13T18:00:00,32.088548,73.591584,5.0,7,0.788,0.378,,1.15,0.664,15.96,140.0,84.0,0.0,3.96,30.5,90.0,0.0,0.2,32.3,0.228,0.00547,Pindi_Bowra_4Acre_Basmati_Plot
2026-08-13T19:00:00,32.088548,73.59183,5.0,9,0.789,0.379,,1.15,0.664,15.96,140.0,84.0,0.0,3.96,30.5,90.0,0.0,0.1,31.7,0.232,0.00773,Pindi_Bowra_4Acre_Basmati_Plot
2026-08-13T20:00:00,32.08907,73.59183,10.0,9,0.739,0.355,,1.15,0.664,15.96,140.0,84.0,0.0,3.96,30.4,89.0,0.0,0.0,31.4,0.247,0.01581,Pindi_Bowra_4Acre_Basmati_Plot
2026-08-13T21:00:00,32.088548,73.59183,5.0,9,0.789,0.379,,1.15,0.668,15.82,140.0,84.0,0.0,3.82,30.0,89.0,0.0,0.0,31.1,0.233,0.00789,Pindi_Bowra_4Acre_Basmati_Plot
2026-08-13T22:00:00,32.088548,73.591707,5.0,8,0.787,0.378,,1.15,0.836,10.64,140.0,84.0,0.0,0.0,27.7,95.0,0.0,2.8,30.5,0.268,0.02736,Pindi_Bowra_4Acre_Basmati_Plot
2026-08-13T23:00:00,32.088548,73.591584,5.0,7,0.788,0.378,,1.15,1.0,4.62,140.0,84.0,0.0,0.0,26.8,97.0,0.0,3.1,30.0,0.308,0.04777,Pindi_Bowra_4Acre_Basmati_Plot
2026-08-14T00:00:00,32.08907,73.59183,10.0,9,0.739,0.355,,1.15,0.923,7.98,140.0,84.0,0.0,0.0,29.0,94.0,0.0,2.8,30.1,0.303,0.04268,Pindi_Bowra_4Acre_Basmati_Plot
2026-08-14T01:00:00,32.088548,73.591461,5.0,6,0.793,0.381,,1.15,0.973,6.44,140.0,84.0,0.011,0.0,28.0,97.0,4.0,0.9,30.0,0.293,0.03988,Pindi_Bowra_4Acre_Basmati_Plot
2026-08-14T02:00:00,32.088548,73.591339,5.0,5,0.799,0.384,,1.15,0.995,5.74,140.0,84.0,0.057,0.0,27.9,96.0,72.0,0.5,30.0,0.296,0.04183,Pindi_Bowra_4Acre_Basmati_Plot
2026-08-14T03:00:00,32.08907,73.592075,10.0,11,0.751,0.36,,1.15,0.995,5.74,140.0,84.0,0.195,0.0,29.1,89.0,234.0,0.1,30.4,0.324,0.056,Pindi_Bowra_4Acre_Basmati_Plot
2026-08-14T04:00:00,32.088548,73.59183,5.0,9,0.789,0.379,,1.15,0.991,5.88,140.0,84.0,0.365,0.0,30.8,82.0,427.0,0.0,31.3,0.303,0.05138,Pindi_Bowra_4Acre_Basmati_Plot
2026-08-14T05:00:00,32.08907,73.59183,10.0,9,0.739,0.355,,1.15,0.977,6.3,140.0,84.0,0.506,0.0,32.1,77.0,594.0,0.0,32.5,0.316,0.06275,Pindi_Bowra_4Acre_Basmati_Plot
2026-08-14T06:00:00,32.088548,73.59183,5.0,9,0.789,0.379,,1.15,1.0,2.66,140.0,84.0,0.621,0.0,32.0,77.0,713.0,0.0,33.4,0.327,0.08171,Pindi_Bowra_4Acre_Basmati_Plot
2026-08-14T07:00:00,32.088548,73.591707,5.0,8,0.787,0.378,,1.15,1.0,3.08,140.0,84.0,0.506,0.0,32.1,79.0,572.0,0.1,33.9,0.322,0.08168,Pindi_Bowra_4Acre_Basmati_Plot
2026-08-14T08:00:00,32.088548,73.591584,5.0,7,0.788,0.378,,1.15,1.0,3.36,140.0,84.0,0.333,0.0,31.7,82.0,358.0,0.1,33.8,0.318,0.07779,Pindi_Bowra_4Acre_Basmati_Plot
2026-08-14T09:00:00,32.08907,73.59183,10.0,9,0.739,0.355,,1.15,1.0,1.12,140.0,84.0,0.265,0.0,30.1,86.0,292.0,1.8,33.4,0.353,0.08583,Pindi_Bowra_4Acre_Basmati_Plot
2026-08-14T10:00:00,32.088548,73.591461,5.0,6,0.793,0.381,,1.15,1.0,0.98,140.0,84.0,0.23,0.0,29.6,88.0,259.0,0.4,32.6,0.333,0.08006,Pindi_Bowra_4Acre_Basmati_Plot
2026-08-14T11:00:00,32.088548,73.591339,5.0,5,0.799,0.384,,1.15,1.0,1.12,140.0,84.0,0.356,0.0,30.7,85.0,406.0,0.1,32.8,0.33,0.08011,Pindi_Bowra_4Acre_Basmati_Plot
2026-08-14T12:00:00,32.088548,73.591584,5.0,7,0.788,0.378,,1.15,1.0,2.38,140.0,84.0,0.287,0.0,32.1,78.0,312.0,0.0,33.8,0.325,0.08335,Pindi_Bowra_4Acre_Basmati_Plot
2026-08-14T13:00:00,32.088548,73.59183,5.0,9,0.789,0.379,,1.15,1.0,2.66,140.0,84.0,0.127,0.0,31.2,83.0,140.0,0.1,33.3,0.327,0.0809,Pindi_Bowra_4Acre_Basmati_Plot
2026-08-14T14:00:00,32.08907,73.59183,10.0,9,0.739,0.355,,1.15,1.0,0.0,140.0,84.0,0.034,0.0,28.2,92.0,22.0,2.4,32.4,0.369,0.07766,Pindi_Bowra_4Acre_Basmati_Plot
2026-08-14T15:00:00,32.088548,73.59183,5.0,9,0.789,0.379,,1.15,1.0,0.0,140.0,84.0,0.0,0.0,28.0,93.0,0.0,0.7,31.1,0.358,0.07281,Pindi_Bowra_4Acre_Basmati_Plot
2026-08-14T16:00:00,32.088548,73.591707,5.0,8,0.787,0.378,,1.15,1.0,0.0,140.0,84.0,0.0,0.0,28.0,94.0,0.0,0.1,30.3,0.353,0.06704,Pindi_Bowra_4Acre_Basmati_Plot
2026-08-14T17:00:00,32.088548,73.591584,5.0,7,0.788,0.378,,1.15,1.0,0.0,140.0,84.0,0.0,0.0,28.0,95.0,0.0,0.0,29.9,0.349,0.06449,Pindi_Bowra_4Acre_Basmati_Plot
2026-08-14T18:00:00,32.08907,73.59183,10.0,9,0.739,0.355,,1.15,1.0,2.66,140.0,84.0,0.0,0.0,28.9,93.0,0.0,0.0,29.6,0.342,0.0587,Pindi_Bowra_4Acre_Basmati_Plot
2026-08-14T19:00:00,32.088548,73.591461,5.0,6,0.793,0.381,,1.15,1.0,2.8,140.0,84.0,0.0,0.0,28.6,95.0,0.0,0.0,29.6,0.32,0.05249,Pindi_Bowra_4Acre_Basmati_Plot
2026-08-14T20:00:00,32.088548,73.591339,5.0,5,0.799,0.384,,1.15,1.0,2.94,140.0,84.0,0.0,0.0,28.7,95.0,0.0,0.0,29.5,0.317,0.05079,Pindi_Bowra_4Acre_Basmati_Plot
2026-08-14T21:00:00,32.088548,73.591461,5.0,6,0.793,0.381,,1.15,1.0,3.22,140.0,84.0,0.0,0.0,28.5,97.0,0.0,0.0,29.5,0.317,0.05041,Pindi_Bowra_4Acre_Basmati_Plot
2026-08-14T22:00:00,32.088548,73.59183,5.0,9,0.789,0.379,,1.15,1.0,0.0,140.0,84.0,0.0,0.0,25.1,99.0,0.0,6.0,28.9,0.403,0.05843,Pindi_Bowra_4Acre_Basmati_Plot
2026-08-14T23:00:00,32.08907,73.59183,10.0,9,0.739,0.355,,1.15,1.0,0.0,140.0,84.0,0.0,0.0,25.7,96.0,0.0,1.7,28.4,0.424,0.05206,Pindi_Bowra_4Acre_Basmati_Plot
2026-08-15T00:00:00,32.088548,73.59183,5.0,9,0.789,0.379,,1.15,1.0,0.0,140.0,84.0,0.0,0.0,25.5,95.0,0.0,0.4,28.3,0.417,0.05503,Pindi_Bowra_4Acre_Basmati_Plot
2026-08-15T01:00:00,32.088548,73.591707,5.0,8,0.787,0.378,,1.15,1.0,0.0,140.0,84.0,0.011,0.0,25.6,96.0,6.0,0.2,28.0,0.4,0.05327,Pindi_Bowra_4Acre_Basmati_Plot
2026-08-15T02:00:00,32.088548,73.591584,5.0,7,0.788,0.378,,1.15,1.0,0.0,140.0,84.0,0.069,0.0,26.3,94.0,92.0,0.0,28.2,0.388,0.05441,Pindi_Bowra_4Acre_Basmati_Plot
2026-08-15T03:00:00,32.08907,73.59183,10.0,9,0.739,0.355,,1.15,1.0,0.0,140.0,84.0,0.207,0.0,27.9,89.0,253.0,0.0,28.9,0.4,0.05473,Pindi_Bowra_4Acre_Basmati_Plot
2026-08-15T04:00:00,32.088548,73.591461,5.0,6,0.793,0.381,,1.15,1.0,0.0,140.0,84.0,0.368,0.0,29.5,81.0,439.0,0.0,29.8,0.371,0.06426,Pindi_Bowra_4Acre_Basmati_Plot
2026-08-15T05:00:00,32.088548,73.591339,5.0,5,0.799,0.384,,1.15,1.0,0.0,140.0,84.0,0.517,0.0,30.9,76.0,603.0,0.0,31.0,0.362,0.073,Pindi_Bowra_4Acre_Basmati_Plot
2026-08-15T06:00:00,32.088548,73.591584,5.0,7,0.788,0.378,,1.15,1.0,0.0,140.0,84.0,0.632,0.0,31.5,71.0,729.0,0.0,31.5,0.366,0.07568,Pindi_Bowra_4Acre_Basmati_Plot
2026-08-15T07:00:00,32.088548,73.59183,5.0,9,0.789,0.379,,1.15,1.0,0.0,140.0,84.0,0.632,0.0,32.0,71.0,709.0,0.0,32.5,0.363,0.08375,Pindi_Bowra_4Acre_Basmati_Plot
2026-08-15T08:00:00,32.08907,73.59183,10.0,9,0.739,0.355,,1.15,1.0,0.0,140.0,84.0,0.678,0.0,32.6,70.0,760.0,0.0,33.3,0.372,0.08498,Pindi_Bowra_4Acre_Basmati_Plot
2026-08-15T09:00:00,32.088548,73.59183,5.0,9,0.789,0.379,,1.15,1.0,0.0,140.0,84.0,0.621,0.0,33.0,69.0,693.0,0.0,33.8,0.351,0.09538,Pindi_Bowra_4Acre_Basmati_Plot
2026-08-15T10:00:00,32.088548,73.591707,5.0,8,0.787,0.378,,1.15,1.0,0.0,140.0,84.0,0.564,0.0,33.3,69.0,626.0,0.0,34.1,0.346,0.09803,Pindi_Bowra_4Acre_Basmati_Plot
2026-08-15T11:00:00,32.088548,73.591584,5.0,7,0.788,0.378,,1.15,1.0,0.28,140.0,84.0,0.425,0.0,33.4,68.0,473.0,0.0,34.1,0.34,0.09816,Pindi_Bowra_4Acre_Basmati_Plot
2026-08-15T12:00:00,32.08907,73.59183,10.0,9,0.739,0.355,,1.15,1.0,0.7,140.0,84.0,0.265,0.0,33.2,68.0,297.0,0.0,33.8,0.356,0.08933,Pindi_Bowra_4Acre_Basmati_Plot
2026-08-15T13:00:00,32.088548,73.591461,5.0,6,0.793,0.381,,1.15,1.0,0.98,140.0,84.0,0.127,0.0,32.5,76.0,137.0,0.0,33.3,0.333,0.08587,Pindi_Bowra_4Acre_Basmati_Plot
2026-08-15T14:00:00,32.088548,73.591339,5.0,5,0.799,0.384,,1.15,1.0,1.12,140.0,84.0,0.034,0.0,30.8,83.0,23.0,0.0,32.5,0.33,0.07774,Pindi_Bowra_4Acre_Basmati_Plot
2026-08-15T15:00:00,32.08907,73.592075,10.0,11,0.751,0.36,,1.15,1.0,1.4,140.0,84.0,0.0,0.0,30.0,85.0,0.0,0.0,31.9,0.355,0.07507,Pindi_Bowra_4Acre_Basmati_Plot
2026-08-15T16:00:00,32.088548,73.59183,5.0,9,0.789,0.379,,1.15,1.0,1.54,140.0,84.0,0.0,0.0,29.6,86.0,0.0,0.0,31.4,0.335,0.0719,Pindi_Bowra_4Acre_Basmati_Plot
2026-08-15T17:00:00,32.08907,73.59183,10.0,9,0.739,0.355,,1.15,1.0,1.68,140.0,84.0,0.0,0.0,29.3,86.0,0.0,0.0,31.0,0.349,0.06752,Pindi_Bowra_4Acre_Basmati_Plot
2026-08-15T18:00:00,32.088548,73.59183,5.0,9,0.789,0.379,,1.15,1.0,1.82,140.0,84.0,0.0,0.0,29.1,88.0,0.0,0.0,30.7,0.333,0.06587,Pindi_Bowra_4Acre_Basmati_Plot
2026-08-15T19:00:00,32.088548,73.591707,5.0,8,0.787,0.378,,1.15,1.0,1.96,140.0,84.0,0.0,0.0,29.0,87.0,0.0,0.0,30.5,0.33,0.06269,Pindi_Bowra_4Acre_Basmati_Plot
2026-08-15T20:00:00,32.088548,73.591584,5.0,7,0.788,0.378,,1.15,1.0,1.12,140.0,84.0,0.0,0.0,26.7,94.0,0.0,0.9,30.1,0.334,0.06251,Pindi_Bowra_4Acre_Basmati_Plot
2026-08-15T21:00:00,32.08907,73.59183,10.0,9,0.739,0.355,,1.15,1.0,0.0,140.0,84.0,0.0,0.0,26.3,97.0,0.0,1.3,29.3,0.367,0.05696,Pindi_Bowra_4Acre_Basmati_Plot
2026-08-15T22:00:00,32.088548,73.591461,5.0,6,0.793,0.381,,1.15,1.0,0.0,140.0,84.0,0.0,0.0,25.8,96.0,0.0,0.7,28.6,0.353,0.05699,Pindi_Bowra_4Acre_Basmati_Plot
2026-08-15T23:00:00,32.088548,73.591339,5.0,5,0.799,0.384,,1.15,1.0,0.0,140.0,84.0,0.0,0.0,25.5,95.0,0.0,0.6,28.1,0.356,0.05462,Pindi_Bowra_4Acre_Basmati_Plot
2026-08-16T00:00:00,32.088548,73.591461,5.0,6,0.793,0.381,,1.15,1.0,0.0,140.0,84.0,0.0,0.0,25.3,98.0,0.0,0.1,27.7,0.361,0.05209,Pindi_Bowra_4Acre_Basmati_Plot
2026-08-16T01:00:00,32.088548,73.59183,5.0,9,0.789,0.379,,1.15,1.0,0.0,140.0,84.0,0.0,0.0,25.4,99.0,6.0,0.0,27.6,0.364,0.05131,Pindi_Bowra_4Acre_Basmati_Plot
2026-08-16T02:00:00,32.08907,73.59183,10.0,9,0.739,0.355,,1.15,1.0,0.0,140.0,84.0,0.069,0.0,26.1,94.0,89.0,0.0,27.8,0.377,0.04903,Pindi_Bowra_4Acre_Basmati_Plot
2026-08-16T03:00:00,32.088548,73.591461,5.0,6,0.793,0.381,,1.15,1.0,0.0,140.0,84.0,0.196,0.0,27.3,92.0,248.0,0.0,28.6,0.353,0.05699,Pindi_Bowra_4Acre_Basmati_Plot
2026-08-16T04:00:00,32.088548,73.591339,5.0,5,0.799,0.384,,1.15,1.0,0.0,140.0,84.0,0.356,0.0,28.9,86.0,430.0,0.0,29.6,0.348,0.06346,Pindi_Bowra_4Acre_Basmati_Plot
2026-08-16T05:00:00,32.08907,73.591952,10.0,10,0.744,0.357,,1.15,1.0,0.0,140.0,84.0,0.506,0.0,30.3,80.0,597.0,0.0,30.8,0.369,0.06663,Pindi_Bowra_4Acre_Basmati_Plot
2026-08-16T06:00:00,32.088548,73.59183,5.0,9,0.789,0.379,,1.15,1.0,0.0,140.0,84.0,0.632,0.0,31.6,76.0,724.0,0.0,32.0,0.348,0.07966,Pindi_Bowra_4Acre_Basmati_Plot
2026-08-16T07:00:00,32.08907,73.59183,10.0,9,0.739,0.355,,1.15,1.0,0.28,140.0,84.0,0.713,0.0,32.7,72.0,796.0,0.0,33.1,0.359,0.08329,Pindi_Bowra_4Acre_Basmati_Plot
2026-08-16T08:00:00,32.088548,73.591707,5.0,8,0.787,0.378,,1.15,1.0,0.98,140.0,84.0,0.69,0.0,33.4,69.0,766.0,0.0,33.8,0.337,0.09276,Pindi_Bowra_4Acre_Basmati_Plot
2026-08-16T09:00:00,32.08844,73.59102,4.0,2,0.756,0.14,36.5,1.15,1.0,1.9,55.0,27.5,0.0,0.0,35.0,60.0,522.0,0.0,34.4,0.321,0.08167,Pakistan Rice Hub (Pindi Bowra)
2026-08-16T09:00:00,32.08887,73.59113,8.0,3,0.759,0.14,36.5,1.15,1.0,2.1,55.0,27.5,0.001,0.0,35.1,60.0,504.0,0.0,34.5,0.319,0.08118,Pakistan Rice Hub (Pindi Bowra)
2026-08-16T10:00:00,32.088757,73.591461,7.0,6,0.775,0.372,,1.15,1.0,2.1,140.0,84.0,0.586,0.0,34.1,64.0,632.0,0.0,34.5,0.331,0.09294,Pindi_Bowra_4Acre_Basmati_Plot
2026-08-16T11:00:00,32.08813,73.59183,1.0,9,0.774,0.372,,1.15,1.0,2.38,140.0,84.0,0.437,0.0,34.2,62.0,475.0,0.0,34.3,0.317,0.07951,Pindi_Bowra_4Acre_Basmati_Plot
2026-08-16T12:00:00,32.088339,73.59097,3.0,2,0.822,0.395,,1.15,1.0,2.66,140.0,84.0,0.287,0.0,34.0,63.0,302.0,0.1,33.9,0.306,0.07193,Pindi_Bowra_4Acre_Basmati_Plot
2026-08-16T13:00:00,32.088757,73.591952,7.0,10,0.777,0.373,,1.15,1.0,2.8,140.0,84.0,0.138,0.0,32.8,72.0,134.0,0.0,33.3,0.334,0.08488,Pindi_Bowra_4Acre_Basmati_Plot
2026-08-16T14:00:00,32.088757,73.591339,7.0,5,0.782,0.375,,1.15,1.0,2.94,140.0,84.0,0.057,0.0,31.0,78.0,20.0,0.0,32.5,0.323,0.07125,Pindi_Bowra_4Acre_Basmati_Plot
2026-08-16T14:00:00,32.08898,73.59145,9.0,6,0.766,0.14,32.3,1.15,1.0,1.6,55.0,27.5,0.001,0.0,31.1,82.0,0.0,0.0,32.3,0.324,0.0616,Pakistan Rice Hub (Pindi Bowra)
2026-08-16T15:00:00,32.088,73.5908,0.0,0,0.751,0.14,31.6,1.15,1.0,1.8,55.0,27.5,0.0,0.0,29.9,83.0,0.0,0.0,31.6,0.322,0.05081,Pakistan Rice Hub (Pindi Bowra)
2026-08-16T16:00:00,32.088548,73.592075,5.0,11,0.801,0.384,,1.15,1.0,3.08,140.0,84.0,0.023,0.0,30.1,79.0,0.0,0.0,31.4,0.328,0.06855,Pindi_Bowra_4Acre_Basmati_Plot
2026-08-16T17:00:00,32.088757,73.592075,7.0,11,0.784,0.376,,1.15,1.0,3.22,140.0,84.0,0.023,0.0,29.7,82.0,0.0,0.0,31.0,0.333,0.06745,Pindi_Bowra_4Acre_Basmati_Plot
2026-08-16T18:00:00,32.088757,73.591461,7.0,6,0.775,0.372,,1.15,1.0,3.36,140.0,84.0,0.011,0.0,29.4,84.0,0.0,0.0,30.8,0.322,0.05899,Pindi_Bowra_4Acre_Basmati_Plot
2026-08-16T19:00:00,32.088861,73.59183,8.0,9,0.76,0.365,,1.15,1.0,3.5,140.0,84.0,0.0,0.0,29.1,86.0,0.0,0.0,30.5,0.33,0.06054,Pindi_Bowra_4Acre_Basmati_Plot
2026-08-16T20:00:00,32.088965,73.591339,9.0,5,0.758,0.364,,1.15,1.0,3.36,140.0,84.0,0.023,0.0,28.3,87.0,0.0,0.1,30.3,0.326,0.05704,Pindi_Bowra_4Acre_Basmati_Plot
2026-08-16T21:00:00,32.088757,73.59183,7.0,9,0.772,0.371,,1.15,1.0,3.5,140.0,84.0,0.011,0.0,27.6,90.0,0.0,0.0,30.0,0.327,0.0569,Pindi_Bowra_4Acre_Basmati_Plot
2026-08-16T22:00:00,32.088757,73.591952,7.0,10,0.777,0.373,,1.15,1.0,3.5,140.0,84.0,0.0,0.0,26.3,94.0,0.0,0.0,29.6,0.329,0.05606,Pindi_Bowra_4Acre_Basmati_Plot
2026-08-16T23:00:00,32.089174,73.592075,11.0,11,0.745,0.358,,1.15,1.0,3.64,140.0,84.0,0.0,0.0,26.1,92.0,0.0,0.0,29.3,0.342,0.05742,Pindi_Bowra_4Acre_Basmati_Plot
2026-08-17T00:00:00,32.0889,73.5919,9.0,11,0.646,0.09,27.2,1.15,1.0,0.2,55.0,27.5,0.0,0.0,25.6,94.0,0.0,0.0,27.2,0.338,0.05056,Pakistan Rice Hub (Pindi Bowra)
2026-08-17T01:00:00,32.0889,73.5913,9.0,5,0.635,0.09,27.2,1.15,1.0,0.4,55.0,27.5,0.01,0.0,25.7,95.0,0.0,0.0,27.2,0.336,0.04886,Pakistan Rice Hub (Pindi Bowra)
2026-08-17T02:00:00,32.0889,73.5919,9.0,11,0.646,0.09,28.0,1.15,1.0,0.5,55.0,27.5,0.069,0.0,26.5,94.0,107.0,0.0,27.6,0.335,0.04928,Pakistan Rice Hub (Pindi Bowra)
2026-08-17T03:00:00,32.0889,73.5918,9.0,10,0.657,0.1,29.5,1.15,1.0,0.7,55.0,27.5,0.196,0.0,27.7,91.0,262.0,0.0,28.5,0.333,0.04925,Pakistan Rice Hub (Pindi Bowra)
2026-08-17T04:00:00,32.0889,73.5912,9.0,4,0.663,0.1,30.9,1.15,1.0,0.8,55.0,27.5,0.335,0.0,29.0,86.0,353.0,0.0,29.5,0.332,0.04926,Pakistan Rice Hub (Pindi Bowra)
2026-08-17T05:00:00,32.0889,73.5912,9.0,4,0.663,0.1,32.4,1.15,1.0,1.1,55.0,27.5,0.484,0.0,30.4,81.0,437.0,0.0,30.7,0.329,0.04794,Pakistan Rice Hub (Pindi Bowra)
2026-08-17T06:00:00,32.0889,73.5913,9.0,5,0.635,0.09,33.7,1.15,1.0,1.7,55.0,27.5,0.597,0.0,31.6,76.0,477.0,0.0,31.8,0.323,0.04339,Pakistan Rice Hub (Pindi Bowra)
2026-08-17T07:00:00,32.0889,73.5913,9.0,5,0.635,0.09,34.6,1.15,1.0,2.0,55.0,27.5,0.654,0.0,32.2,75.0,482.0,0.1,32.7,0.32,0.04212,Pakistan Rice Hub (Pindi Bowra)
2026-08-17T08:00:00,32.0889,73.5913,9.0,5,0.635,0.09,35.6,1.15,1.0,0.0,55.0,27.5,0.689,0.0,32.8,72.0,527.0,0.0,33.5,0.368,0.05055,Pakistan Rice Hub (Pindi Bowra)
2026-08-17T09:00:00,32.0889,73.5912,9.0,4,0.663,0.1,36.0,1.15,1.0,0.0,55.0,27.5,0.645,0.0,33.1,71.0,513.0,0.1,33.9,0.364,0.05277,Pakistan Rice Hub (Pindi Bowra)
2026-08-17T10:00:00,32.0889,73.5913,9.0,5,0.635,0.09,36.0,1.15,1.0,0.0,55.0,27.5,0.562,0.0,33.4,70.0,483.0,0.0,34.1,0.357,0.05055,Pakistan Rice Hub (Pindi Bowra)
2026-08-17T11:00:00,32.0889,73.5919,9.0,11,0.646,0.09,35.8,1.15,1.0,0.0,55.0,27.5,0.425,0.0,33.5,70.0,415.0,0.1,34.1,0.355,0.05142,Pakistan Rice Hub (Pindi Bowra)
2026-08-17T12:00:00,32.0889,73.5918,9.0,10,0.657,0.1,34.9,1.15,1.0,0.0,55.0,27.5,0.265,0.0,32.9,69.0,294.0,0.1,33.7,0.353,0.0523,Pakistan Rice Hub (Pindi Bowra)
2026-08-17T13:00:00,32.0889,73.5912,9.0,4,0.663,0.1,33.6,1.15,1.0,0.0,55.0,27.5,0.128,0.0,31.3,80.0,140.0,0.2,33.0,0.353,0.05277,Pakistan Rice Hub (Pindi Bowra)
2026-08-17T14:00:00,32.0889,73.5912,9.0,4,0.663,0.1,32.3,1.15,1.0,0.0,55.0,27.5,0.047,0.0,29.8,83.0,20.0,0.0,32.2,0.351,0.05277,Pakistan Rice Hub (Pindi Bowra)
2026-08-17T15:00:00,32.0889,73.5913,9.0,5,0.635,0.09,31.5,1.15,1.0,0.0,55.0,27.5,0.01,0.0,29.4,85.0,0.0,0.0,31.5,0.347,0.05055,Pakistan Rice Hub (Pindi Bowra)
2026-08-17T16:00:00,32.0889,73.5913,9.0,5,0.635,0.09,31.1,1.15,1.0,0.0,55.0,27.5,0.01,0.0,29.5,85.0,0.0,0.0,31.1,0.346,0.05055,Pakistan Rice Hub (Pindi Bowra)
2026-08-17T17:00:00,32.0889,73.5913,9.0,5,0.635,0.09,30.8,1.15,1.0,0.0,55.0,27.5,0.01,0.0,29.3,85.0,0.0,0.0,30.8,0.345,0.05055,Pakistan Rice Hub (Pindi Bowra)
2026-08-17T18:00:00,32.0889,73.5912,9.0,4,0.663,0.1,30.5,1.15,1.0,0.0,55.0,27.5,0.013,0.0,28.7,86.0,0.0,0.0,30.5,0.345,0.05277,Pakistan Rice Hub (Pindi Bowra)
2026-08-17T19:00:00,32.0889,73.5913,9.0,5,0.635,0.09,30.1,1.15,1.0,0.0,55.0,27.5,0.0,0.0,26.4,94.0,0.0,1.7,30.1,0.359,0.05055,Pakistan Rice Hub (Pindi Bowra)
2026-08-17T20:00:00,32.0889,73.5919,9.0,11,0.646,0.09,29.6,1.15,1.0,0.0,55.0,27.5,0.0,0.0,25.9,95.0,0.0,1.2,29.6,0.374,0.05142,Pakistan Rice Hub (Pindi Bowra)
2026-08-17T21:00:00,32.0889,73.5918,9.0,10,0.657,0.1,29.1,1.15,1.0,0.0,55.0,27.5,0.001,0.0,26.1,96.0,0.0,1.9,29.1,0.395,0.0523,Pakistan Rice Hub (Pindi Bowra)
2026-08-17T22:00:00,32.0889,73.5912,9.0,4,0.663,0.1,28.6,1.15,1.0,0.0,55.0,27.5,0.001,0.0,25.7,96.0,0.0,0.8,28.6,0.398,0.05277,Pakistan Rice Hub (Pindi Bowra)
2026-08-17T23:00:00,32.0889,73.5913,9.0,5,0.635,0.09,28.2,1.15,1.0,0.0,55.0,27.5,0.0,0.0,25.6,97.0,0.0,0.4,28.2,0.393,0.05055,Pakistan Rice Hub (Pindi Bowra)
2026-08-18T00:00:00,32.089,73.5909,10.0,1,0.64,0.09,27.9,1.15,1.0,0.0,55.0,27.5,0.0,0.0,25.7,97.0,0.0,0.1,27.9,0.387,0.05094,Pakistan Rice Hub (Pindi Bowra)
2026-08-18T01:00:00,32.0889,73.5914,9.0,6,0.665,0.1,27.7,1.15,1.0,0.0,55.0,27.5,0.013,0.0,25.7,97.0,0.0,0.0,27.7,0.384,0.05293,Pakistan Rice Hub (Pindi Bowra)
2026-08-18T02:00:00,32.0889,73.5912,9.0,4,0.663,0.1,28.1,1.15,1.0,0.0,55.0,27.5,0.059,0.0,26.2,95.0,82.0,0.0,27.8,0.38,0.05277,Pakistan Rice Hub (Pindi Bowra)
2026-08-18T03:00:00,32.0889,73.5911,9.0,3,0.639,0.09,29.0,1.15,1.0,0.0,55.0,27.5,0.171,0.0,27.2,89.0,169.0,0.0,28.3,0.375,0.05086,Pakistan Rice Hub (Pindi Bowra)
2026-08-18T04:00:00,32.0889,73.5919,9.0,11,0.646,0.09,29.7,1.15,1.0,0.0,55.0,27.5,0.299,0.0,28.4,85.0,148.0,0.0,29.1,0.372,0.05142,Pakistan Rice Hub (Pindi Bowra)
2026-08-18T05:00:00,32.0889,73.5918,9.0,10,0.657,0.1,30.4,1.15,1.0,0.0,55.0,27.5,0.38,0.0,29.4,80.0,104.0,0.0,30.0,0.368,0.0523,Pakistan Rice Hub (Pindi Bowra)
2026-08-18T06:00:00,32.0889,73.5912,9.0,4,0.663,0.1,31.8,1.15,1.0,0.0,55.0,27.5,0.45,0.0,30.5,76.0,216.0,0.0,30.9,0.365,0.05277,Pakistan Rice Hub (Pindi Bowra)
2026-08-18T07:00:00,32.0889,73.5912,9.0,4,0.663,0.1,33.6,1.15,1.0,0.0,55.0,27.5,0.611,0.0,31.4,74.0,401.0,0.1,32.0,0.361,0.05277,Pakistan Rice Hub (Pindi Bowra)
2026-08-18T08:00:00,32.0889,73.5913,9.0,5,0.635,0.09,34.8,1.15,1.0,0.0,55.0,27.5,0.654,0.0,31.9,73.0,471.0,0.1,32.9,0.354,0.05055,Pakistan Rice Hub (Pindi Bowra)
2026-08-18T09:00:00,32.0889,73.5913,9.0,5,0.635,0.09,35.2,1.15,1.0,0.0,55.0,27.5,0.585,0.0,32.3,72.0,467.0,0.1,33.3,0.351,0.05055,Pakistan Rice Hub (Pindi Bowra)
2026-08-18T10:00:00,32.0889,73.5913,9.0,5,0.635,0.09,35.3,1.15,1.0,0.0,55.0,27.5,0.505,0.0,32.5,71.0,449.0,0.1,33.5,0.348,0.05055,Pakistan Rice Hub (Pindi Bowra)
2026-08-18T11:00:00,32.0889,73.5912,9.0,4,0.663,0.1,34.9,1.15,1.0,0.0,55.0,27.5,0.404,0.0,32.4,73.0,378.0,0.0,33.4,0.347,0.05277,Pakistan Rice Hub (Pindi Bowra)
2026-08-18T12:00:00,32.0889,73.5913,9.0,5,0.635,0.09,33.4,1.15,1.0,2.0,55.0,27.5,0.217,0.0,30.8,85.0,133.0,0.5,32.9,0.32,0.04212,Pakistan Rice Hub (Pindi Bowra)
2026-08-18T13:00:00,32.0889,73.5919,9.0,11,0.646,0.09,32.3,1.15,1.0,1.9,55.0,27.5,0.103,0.0,29.6,89.0,77.0,0.1,32.0,0.321,0.04328,Pakistan Rice Hub (Pindi Bowra)
2026-08-18T14:00:00,32.0889,73.5918,9.0,10,0.657,0.1,31.2,1.15,1.0,1.9,55.0,27.5,0.035,0.0,29.1,91.0,10.0,0.1,31.2,0.321,0.04402,Pakistan Rice Hub (Pindi Bowra)
2026-08-18T15:00:00,32.0889,73.5912,9.0,4,0.663,0.1,30.6,1.15,1.0,1.9,55.0,27.5,0.013,0.0,28.9,91.0,0.0,0.0,30.6,0.321,0.04442,Pakistan Rice Hub (Pindi Bowra)
2026-08-18T16:00:00,32.0889,73.5913,9.0,5,0.635,0.09,30.3,1.15,1.0,2.1,55.0,27.5,0.0,0.0,28.7,93.0,0.0,0.0,30.3,0.319,0.0417,Pakistan Rice Hub (Pindi Bowra)
2026-08-18T17:00:00,32.0889,73.5913,9.0,5,0.635,0.09,30.0,1.15,1.0,2.2,55.0,27.5,0.0,0.0,28.3,93.0,0.0,0.0,30.0,0.318,0.04128,Pakistan Rice Hub (Pindi Bowra)
2026-08-18T18:00:00,32.0889,73.5913,9.0,5,0.635,0.09,29.7,1.15,1.0,2.3,55.0,27.5,0.0,0.0,27.9,92.0,0.0,0.0,29.7,0.317,0.04086,Pakistan Rice Hub (Pindi Bowra)
2026-08-18T19:00:00,32.0889,73.5913,9.0,5,0.635,0.09,29.1,1.15,1.0,9.5,55.0,27.5,0.0,0.0,27.5,93.0,0.0,0.5,29.1,0.245,0.01053,Pakistan Rice Hub (Pindi Bowra)
2026-08-18T20:00:00,32.0889,73.5912,9.0,4,0.663,0.1,28.9,1.15,1.0,8.8,55.0,27.5,0.001,0.0,27.6,93.0,0.0,0.4,28.9,0.252,0.01407,Pakistan Rice Hub (Pindi Bowra)
2026-08-18T21:00:00,32.0889,73.5913,9.0,5,0.635,0.09,28.6,1.15,1.0,7.6,55.0,27.5,0.0,0.0,27.1,96.0,0.0,1.0,28.6,0.264,0.01853,Pakistan Rice Hub (Pindi Bowra)
2026-08-18T22:00:00,32.0889,73.5919,9.0,11,0.646,0.09,28.3,1.15,1.0,5.8,55.0,27.5,0.0,0.0,26.3,95.0,0.0,1.3,28.3,0.282,0.02657,Pakistan Rice Hub (Pindi Bowra)
2026-08-18T23:00:00,32.0889,73.5918,9.0,10,0.657,0.1,28.0,1.15,1.0,5.1,55.0,27.5,0.001,0.0,26.0,96.0,0.0,0.6,28.0,0.289,0.03007,Pakistan Rice Hub (Pindi Bowra)
2026-08-19T00:00:00,32.0889,73.5912,9.0,4,0.663,0.1,27.6,1.15,1.0,0.0,55.0,27.5,0.001,0.0,25.6,97.0,0.0,0.0,27.6,0.342,0.05277,Pakistan Rice Hub (Pindi Bowra)
2026-08-19T01:00:00,32.0889,73.5913,9.0,5,0.635,0.09,27.4,1.15,1.0,0.2,55.0,27.5,0.01,0.0,25.6,97.0,0.0,0.0,27.4,0.338,0.0497,Pakistan Rice Hub (Pindi Bowra)
2026-08-19T02:00:00,32.0889,73.5913,9.0,5,0.635,0.09,27.9,1.15,1.0,0.3,55.0,27.5,0.068,0.0,26.5,93.0,83.0,0.1,27.6,0.337,0.04928,Pakistan Rice Hub (Pindi Bowra)
2026-08-19T03:00:00,32.0889,73.5913,9.0,5,0.635,0.09,28.4,1.15,1.0,0.5,55.0,27.5,0.148,0.0,27.3,89.0,90.0,0.0,28.0,0.335,0.04844,Pakistan Rice Hub (Pindi Bowra)
2026-08-19T04:00:00,32.0889,73.5913,9.0,5,0.635,0.09,29.8,1.15,1.0,0.7,55.0,27.5,0.298,0.0,28.7,81.0,214.0,0.0,28.9,0.333,0.0476,Pakistan Rice Hub (Pindi Bowra)
2026-08-19T05:00:00,32.0889,73.5912,9.0,4,0.663,0.1,31.1,1.15,1.0,0.8,55.0,27.5,0.427,0.0,29.9,78.0,299.0,0.0,29.9,0.332,0.04926,Pakistan Rice Hub (Pindi Bowra)
2026-08-19T06:00:00,32.0889,73.5913,9.0,5,0.635,0.09,33.0,1.15,1.0,0.0,55.0,27.5,0.551,0.0,31.4,77.0,368.0,0.0,31.5,0.34,0.05055,Pakistan Rice Hub (Pindi Bowra)
2026-08-19T07:00:00,32.0889,73.5919,9.0,11,0.646,0.09,33.8,1.15,1.0,0.3,55.0,27.5,0.598,0.0,32.0,75.0,342.0,0.0,32.4,0.337,0.05014,Pakistan Rice Hub (Pindi Bowra)
2026-08-19T08:00:00,32.0889,73.5918,9.0,10,0.657,0.1,34.3,1.15,1.0,0.7,55.0,27.5,0.599,0.0,32.3,75.0,347.0,0.0,32.9,0.333,0.04925,Pakistan Rice Hub (Pindi Bowra)
2026-08-19T09:00:00,32.0889,73.5912,9.0,4,0.663,0.1,34.5,1.15,1.0,1.0,55.0,27.5,0.542,0.0,32.2,75.0,294.0,0.0,33.3,0.33,0.04838,Pakistan Rice Hub (Pindi Bowra)
2026-08-19T10:00:00,32.0889,73.5913,9.0,5,0.635,0.09,34.5,1.15,1.0,1.5,55.0,27.5,0.459,0.0,32.4,76.0,276.0,0.1,33.4,0.325,0.04423,Pakistan Rice Hub (Pindi Bowra)
2026-08-19T11:00:00,32.089,73.5909,10.0,1,0.64,0.09,34.3,1.15,1.0,1.6,55.0,27.5,0.344,0.0,31.9,80.0,245.0,0.1,33.3,0.324,0.04415,Pakistan Rice Hub (Pindi Bowra)
2026-08-19T12:00:00,32.0889,73.5914,9.0,6,0.665,0.1,33.4,1.15,1.0,1.0,55.0,27.5,0.254,0.0,31.1,76.0,238.0,0.0,32.4,0.33,0.04852,Pakistan Rice Hub (Pindi Bowra)
2026-08-19T13:00:00,32.0889,73.5912,9.0,4,0.663,0.1,32.3,1.15,1.0,1.2,55.0,27.5,0.116,0.0,30.6,81.0,109.0,0.0,31.9,0.328,0.0475,Pakistan Rice Hub (Pindi Bowra)
2026-08-19T14:00:00,32.0889,73.5911,9.0,3,0.639,0.09,31.3,1.15,1.0,1.5,55.0,27.5,0.033,0.0,29.6,85.0,10.0,0.0,31.3,0.325,0.04451,Pakistan Rice Hub (Pindi Bowra)
2026-08-19T15:00:00,32.0889,73.5919,9.0,11,0.646,0.09,30.8,1.15,1.0,1.5,55.0,27.5,0.0,0.0,29.1,88.0,0.0,0.0,30.8,0.325,0.04499,Pakistan Rice Hub (Pindi Bowra)
2026-08-19T16:00:00,32.0889,73.5918,9.0,10,0.657,0.1,30.4,1.15,1.0,1.6,55.0,27.5,0.012,0.0,28.7,89.0,0.0,0.0,30.4,0.324,0.04532,Pakistan Rice Hub (Pindi Bowra)
2026-08-19T17:00:00,32.0889,73.5912,9.0,4,0.663,0.1,30.1,1.15,1.0,1.6,55.0,27.5,0.013,0.0,28.3,90.0,0.0,0.0,30.1,0.324,0.04574,Pakistan Rice Hub (Pindi Bowra)
2026-08-19T18:00:00,32.0889,73.5912,9.0,4,0.663,0.1,29.1,1.15,1.0,0.0,55.0,27.5,0.013,0.0,28.7,89.0,0.0,0.0,29.1,0.342,0.05277,Pakistan Rice Hub (Pindi Bowra)
2026-08-19T19:00:00,32.0889,73.5913,9.0,5,0.635,0.09,29.0,1.15,1.0,0.2,55.0,27.5,0.0,0.0,28.1,91.0,0.0,0.0,29.0,0.338,0.0497,Pakistan Rice Hub (Pindi Bowra)
2026-08-19T20:00:00,32.0889,73.5913,9.0,5,0.635,0.09,28.9,1.15,1.0,0.3,55.0,27.5,0.0,0.0,27.8,91.0,0.0,0.0,28.9,0.337,0.04928,Pakistan Rice Hub (Pindi Bowra)
2026-08-19T21:00:00,32.0889,73.5913,9.0,5,0.635,0.09,28.8,1.15,1.0,0.4,55.0,27.5,0.0,0.0,27.5,92.0,0.0,0.0,28.8,0.336,0.04886,Pakistan Rice Hub (Pindi Bowra)
2026-08-19T22:00:00,32.0889,73.5912,9.0,4,0.663,0.1,28.6,1.15,1.0,0.3,55.0,27.5,0.024,0.0,26.7,87.0,0.0,0.0,28.6,0.337,0.05146,Pakistan Rice Hub (Pindi Bowra)
2026-08-19T23:00:00,32.0889,73.5913,9.0,5,0.635,0.09,28.3,1.15,1.0,0.6,55.0,27.5,0.01,0.0,25.7,88.0,0.0,0.0,28.3,0.334,0.04802,Pakistan Rice Hub (Pindi Bowra)
2026-08-20T00:00:00,32.0889,73.5919,9.0,11,0.646,0.09,27.8,1.15,1.0,0.0,55.0,27.5,0.0,0.0,25.2,97.0,0.0,2.7,27.8,0.342,0.05142,Pakistan Rice Hub (Pindi Bowra)
2026-08-20T01:00:00,32.0889,73.5918,9.0,10,0.657,0.1,27.5,1.15,1.0,0.0,55.0,27.5,0.012,0.0,25.3,95.0,0.0,0.0,27.5,0.341,0.0523,Pakistan Rice Hub (Pindi Bowra)
2026-08-20T02:00:00,32.0889,73.5912,9.0,4,0.663,0.1,28.0,1.15,1.0,0.0,55.0,27.5,0.07,0.0,25.8,93.0,90.0,0.0,27.6,0.341,0.05277,Pakistan Rice Hub (Pindi Bowra)
2026-08-20T03:00:00,32.0889,73.5913,9.0,5,0.635,0.09,28.9,1.15,1.0,0.3,55.0,27.5,0.171,0.0,26.9,91.0,165.0,0.0,28.2,0.337,0.04928,Pakistan Rice Hub (Pindi Bowra)
2026-08-20T04:00:00,32.0889,73.5913,9.0,5,0.635,0.09,30.0,1.15,1.0,0.5,55.0,27.5,0.298,0.0,28.5,86.0,261.0,0.0,29.0,0.335,0.04844,Pakistan Rice Hub (Pindi Bowra)
2026-08-20T05:00:00,32.0889,73.5913,9.0,5,0.635,0.09,31.4,1.15,1.0,0.8,55.0,27.5,0.447,0.0,29.8,81.0,353.0,0.0,30.0,0.332,0.04718,Pakistan Rice Hub (Pindi Bowra)
2026-08-20T06:00:00,32.0889,73.5913,9.0,5,0.635,0.09,32.2,1.15,1.0,0.0,55.0,27.5,0.505,0.0,29.7,81.0,388.0,0.0,30.6,0.349,0.05055,Pakistan Rice Hub (Pindi Bowra)
2026-08-20T07:00:00,32.0889,73.5912,9.0,4,0.663,0.1,31.7,1.15,1.0,0.0,55.0,27.5,0.45,0.0,30.1,79.0,169.0,0.0,31.0,0.347,0.05277,Pakistan Rice Hub (Pindi Bowra)
2026-08-20T08:00:00,32.0889,73.5913,9.0,5,0.635,0.09,31.3,1.15,1.0,0.0,55.0,27.5,0.355,0.0,29.8,79.0,51.0,0.0,31.1,0.342,0.05055,Pakistan Rice Hub (Pindi Bowra)
2026-08-20T09:00:00,32.0889,73.5919,9.0,11,0.646,0.09,31.4,1.15,1.0,0.0,55.0,27.5,0.333,0.0,29.9,79.0,83.0,0.0,31.1,0.34,0.05142,Pakistan Rice Hub (Pindi Bowra)
2026-08-20T10:00:00,32.0889,73.5918,9.0,10,0.657,0.1,32.5,1.15,1.0,0.3,55.0,27.5,0.426,0.0,30.1,79.0,267.0,0.0,31.4,0.337,0.05099,Pakistan Rice Hub (Pindi Bowra)
2026-08-20T11:00:00,32.0889,73.5912,9.0,4,0.663,0.1,31.0,1.15,1.0,0.3,55.0,27.5,0.151,0.0,29.5,81.0,37.0,0.0,30.9,0.337,0.05146,Pakistan Rice Hub (Pindi Bowra)
2026-08-20T12:00:00,32.0889,73.5913,9.0,5,0.635,0.09,31.5,1.15,1.0,0.4,55.0,27.5,0.114,0.0,30.9,76.0,4.0,0.0,31.5,0.336,0.04886,Pakistan Rice Hub (Pindi Bowra)
2026-08-20T13:00:00,32.0889,73.5913,9.0,5,0.635,0.09,31.6,1.15,1.0,0.6,55.0,27.5,0.125,0.0,29.7,82.0,130.0,0.0,31.1,0.334,0.04802,Pakistan Rice Hub (Pindi Bowra)
2026-08-20T14:00:00,32.0889,73.5913,9.0,5,0.635,0.09,30.6,1.15,1.0,0.7,55.0,27.5,0.033,0.0,28.4,85.0,21.0,0.0,30.5,0.333,0.0476,Pakistan Rice Hub (Pindi Bowra)
2026-08-20T15:00:00,32.0889,73.5913,9.0,5,0.635,0.09,30.0,1.15,1.0,0.8,55.0,27.5,0.0,0.0,27.7,88.0,0.0,0.0,30.0,0.332,0.04718,Pakistan Rice Hub (Pindi Bowra)
2026-08-20T16:00:00,32.0889,73.5912,9.0,4,0.663,0.1,29.6,1.15,1.0,0.6,55.0,27.5,0.001,0.0,27.6,88.0,0.0,0.0,29.6,0.334,0.05014,Pakistan Rice Hub (Pindi Bowra)
2026-08-20T17:00:00,32.0889,73.5913,9.0,5,0.635,0.09,29.3,1.15,1.0,0.9,55.0,27.5,0.0,0.0,27.1,92.0,0.0,0.0,29.3,0.331,0.04676,Pakistan Rice Hub (Pindi Bowra)
2026-08-20T18:00:00,32.0889,73.5919,9.0,11,0.646,0.09,29.2,1.15,1.0,1.7,55.0,27.5,0.0,0.0,27.7,92.0,0.0,0.0,29.2,0.323,0.04414,Pakistan Rice Hub (Pindi Bowra)
2026-08-20T19:00:00,32.0889,73.5918,9.0,10,0.657,0.1,29.0,1.15,1.0,1.7,55.0,27.5,0.001,0.0,27.3,93.0,0.0,0.0,29.0,0.323,0.04489,Pakistan Rice Hub (Pindi Bowra)
2026-08-20T20:00:00,32.0889,73.5912,9.0,4,0.663,0.1,28.8,1.15,1.0,1.6,55.0,27.5,0.001,0.0,27.2,93.0,0.0,0.0,28.8,0.324,0.04574,Pakistan Rice Hub (Pindi Bowra)
2026-08-20T21:00:00,32.0889,73.5913,9.0,5,0.635,0.09,28.6,1.15,1.0,1.9,55.0,27.5,0.0,0.0,26.9,94.0,0.0,0.0,28.6,0.321,0.04254,Pakistan Rice Hub (Pindi Bowra)
2026-08-20T22:00:00,32.089,73.5909,10.0,1,0.64,0.09,28.5,1.15,1.0,2.0,55.0,27.5,0.0,0.0,26.7,94.0,0.0,0.0,28.5,0.32,0.04245,Pakistan Rice Hub (Pindi Bowra)
2026-08-20T23:00:00,32.0889,73.5914,9.0,6,0.665,0.1,28.4,1.15,1.0,1.8,55.0,27.5,0.001,0.0,26.7,94.0,0.0,0.0,28.4,0.322,0.04499,Pakistan Rice Hub (Pindi Bowra)
2026-08-21T00:00:00,32.0889,73.5912,9.0,4,0.663,0.1,28.5,1.15,1.0,3.8,55.0,27.5,0.001,0.0,27.2,94.0,0.0,0.0,28.5,0.302,0.03606,Pakistan Rice Hub (Pindi Bowra)
2026-08-21T01:00:00,32.0889,73.5911,9.0,3,0.639,0.09,28.4,1.15,1.0,4.0,55.0,27.5,0.01,0.0,27.1,94.0,0.0,0.0,28.4,0.3,0.03391,Pakistan Rice Hub (Pindi Bowra)
2026-08-21T02:00:00,32.0889,73.5919,9.0,11,0.646,0.09,29.2,1.15,1.0,3.9,55.0,27.5,0.069,0.0,28.2,91.0,106.0,0.0,28.8,0.301,0.03471,Pakistan Rice Hub (Pindi Bowra)
2026-08-21T03:00:00,32.0889,73.5918,9.0,10,0.657,0.1,30.3,1.15,1.0,4.0,55.0,27.5,0.196,0.0,29.4,87.0,224.0,0.0,29.4,0.3,0.03486,Pakistan Rice Hub (Pindi Bowra)
2026-08-21T04:00:00,32.0889,73.5912,9.0,4,0.663,0.1,31.7,1.15,1.0,4.1,55.0,27.5,0.346,0.0,30.9,79.0,342.0,0.0,30.3,0.299,0.03474,Pakistan Rice Hub (Pindi Bowra)
2026-08-21T05:00:00,32.0889,73.5913,9.0,5,0.635,0.09,33.2,1.15,1.0,4.5,55.0,27.5,0.493,0.0,32.2,74.0,438.0,0.0,31.4,0.295,0.03159,Pakistan Rice Hub (Pindi Bowra)
2026-08-21T06:00:00,32.0889,73.5919,9.0,11,0.646,0.09,33.9,1.15,1.0,2.6,55.0,27.5,0.609,0.0,32.7,69.0,491.0,0.0,31.9,0.314,0.04028,Pakistan Rice Hub (Pindi Bowra)
2026-08-21T07:00:00,32.0889,73.5914,9.0,6,0.665,0.1,35.0,1.15,1.0,2.8,55.0,27.5,0.691,0.0,33.4,68.0,539.0,0.0,32.8,0.312,0.04058,Pakistan Rice Hub (Pindi Bowra)
2026-08-21T08:00:00,32.0889,73.5913,9.0,5,0.635,0.09,35.5,1.15,1.0,3.3,55.0,27.5,0.677,0.0,33.6,67.0,508.0,0.1,33.5,0.307,0.03665,Pakistan Rice Hub (Pindi Bowra)
2026-08-21T09:00:00,32.0889,73.5912,9.0,4,0.663,0.1,35.8,1.15,1.0,3.3,55.0,27.5,0.622,0.0,33.8,66.0,467.0,0.1,33.9,0.307,0.03826,Pakistan Rice Hub (Pindi Bowra)
2026-08-21T10:00:00,32.0889,73.5912,9.0,4,0.663,0.1,36.0,1.15,1.0,3.6,55.0,27.5,0.553,0.0,33.9,65.0,479.0,0.0,34.1,0.304,0.03694,Pakistan Rice Hub (Pindi Bowra)
2026-08-21T11:00:00,32.0889,73.5919,9.0,11,0.646,0.09,35.6,1.15,1.0,3.9,55.0,27.5,0.425,0.0,33.8,65.0,417.0,0.0,33.9,0.301,0.03471,Pakistan Rice Hub (Pindi Bowra)
2026-08-21T12:00:00,32.0889,73.5918,9.0,10,0.657,0.1,34.5,1.15,1.0,1.4,55.0,27.5,0.277,0.0,32.6,75.0,323.0,0.0,33.2,0.326,0.0462,Pakistan Rice Hub (Pindi Bowra)
2026-08-21T13:00:00,32.0889,73.5912,9.0,4,0.663,0.1,33.2,1.15,1.0,1.4,55.0,27.5,0.128,0.0,31.1,82.0,144.0,0.0,32.6,0.326,0.04662,Pakistan Rice Hub (Pindi Bowra)
2026-08-21T14:00:00,32.0889,73.5912,9.0,4,0.663,0.1,31.9,1.15,1.0,1.5,55.0,27.5,0.047,0.0,29.7,85.0,22.0,0.0,31.8,0.325,0.04618,Pakistan Rice Hub (Pindi Bowra)
2026-08-21T15:00:00,32.089,73.5909,10.0,1,0.64,0.09,31.2,1.15,1.0,1.8,55.0,27.5,0.01,0.0,29.1,87.0,0.0,0.0,31.2,0.322,0.0433,Pakistan Rice Hub (Pindi Bowra)
2026-08-21T16:00:00,32.0889,73.5913,9.0,5,0.635,0.09,30.8,1.15,1.0,1.8,55.0,27.5,0.0,0.0,28.6,89.0,0.0,0.0,30.8,0.322,0.04296,Pakistan Rice Hub (Pindi Bowra)
2026-08-21T17:00:00,32.0889,73.5912,9.0,4,0.663,0.1,30.3,1.15,1.0,1.7,55.0,27.5,0.001,0.0,28.3,90.0,0.0,0.0,30.3,0.323,0.0453,Pakistan Rice Hub (Pindi Bowra)
2026-08-21T18:00:00,32.0889,73.5912,9.0,4,0.663,0.1,30.3,1.15,1.0,2.1,55.0,27.5,0.001,0.0,29.4,90.0,0.0,0.0,30.3,0.319,0.04354,Pakistan Rice Hub (Pindi Bowra)
2026-08-21T19:00:00,32.089,73.5908,10.0,0,0.663,0.1,30.2,1.15,1.0,2.2,55.0,27.5,0.001,0.0,28.9,90.0,0.0,0.0,30.2,0.318,0.0431,Pakistan Rice Hub (Pindi Bowra)
2026-08-21T20:00:00,32.0889,73.5913,9.0,5,0.635,0.09,29.9,1.15,1.0,2.1,55.0,27.5,0.022,0.0,26.9,90.0,0.0,0.4,29.9,0.319,0.0417,Pakistan Rice Hub (Pindi Bowra)
2026-08-21T21:00:00,32.0889,73.5918,9.0,10,0.657,0.1,29.0,1.15,1.0,0.6,55.0,27.5,0.001,0.0,25.7,96.0,0.0,1.4,29.0,0.334,0.04968,Pakistan Rice Hub (Pindi Bowra)
2026-08-21T22:00:00,32.0889,73.5919,9.0,11,0.646,0.09,28.4,1.15,1.0,0.7,55.0,27.5,0.0,0.0,26.1,94.0,0.0,0.1,28.4,0.333,0.04842,Pakistan Rice Hub (Pindi Bowra)
2026-08-21T23:00:00,32.0889,73.5913,9.0,5,0.635,0.09,27.8,1.15,1.0,0.0,55.0,27.5,0.0,0.0,25.4,94.0,0.0,1.4,27.8,0.35,0.05055,Pakistan Rice Hub (Pindi Bowra)
2026-08-22T00:00:00,32.0889,73.5913,9.0,5,0.635,0.09,28.6,1.15,1.0,2.1,55.0,27.5,0.01,0.0,26.8,89.0,0.0,0.4,28.6,0.319,0.0417,Pakistan Rice Hub (Pindi Bowra)
2026-08-22T01:00:00,32.0889,73.5913,9.0,5,0.635,0.09,28.2,1.15,1.0,1.8,55.0,27.5,0.01,0.0,26.7,94.0,0.0,0.5,28.2,0.322,0.04296,Pakistan Rice Hub (Pindi Bowra)
2026-08-22T02:00:00,32.0889,73.5912,9.0,4,0.663,0.1,28.7,1.15,1.0,1.6,55.0,27.5,0.07,0.0,27.3,94.0,102.0,0.0,28.3,0.324,0.04574,Pakistan Rice Hub (Pindi Bowra)
2026-08-22T03:00:00,32.0889,73.5913,9.0,5,0.635,0.09,29.9,1.15,1.0,1.9,55.0,27.5,0.183,0.0,28.4,91.0,255.0,0.0,28.9,0.321,0.04254,Pakistan Rice Hub (Pindi Bowra)
2026-08-22T04:00:00,32.0889,73.5919,9.0,11,0.646,0.09,31.5,1.15,1.0,1.9,55.0,27.5,0.356,0.0,30.1,83.0,402.0,0.0,29.9,0.321,0.04328,Pakistan Rice Hub (Pindi Bowra)
2026-08-22T05:00:00,32.0889,73.5918,9.0,10,0.657,0.1,33.0,1.15,1.0,2.2,55.0,27.5,0.507,0.0,31.7,77.0,494.0,0.0,31.0,0.318,0.04271,Pakistan Rice Hub (Pindi Bowra)
2026-08-22T06:00:00,32.0889,73.5912,9.0,4,0.663,0.1,34.3,1.15,1.0,2.4,55.0,27.5,0.634,0.0,32.8,73.0,549.0,0.0,32.1,0.316,0.04222,Pakistan Rice Hub (Pindi Bowra)
2026-08-22T07:00:00,32.0889,73.5913,9.0,5,0.635,0.09,35.4,1.15,1.0,3.0,55.0,27.5,0.7,0.0,33.5,70.0,573.0,0.0,33.1,0.31,0.03791,Pakistan Rice Hub (Pindi Bowra)
2026-08-22T08:00:00,32.089,73.5909,10.0,1,0.64,0.09,36.1,1.15,1.0,3.3,55.0,27.5,0.712,0.0,34.2,65.0,555.0,0.0,33.9,0.307,0.03693,Pakistan Rice Hub (Pindi Bowra)
2026-08-22T09:00:00,32.0889,73.5914,9.0,6,0.665,0.1,36.4,1.15,1.0,3.4,55.0,27.5,0.645,0.0,34.6,61.0,515.0,0.0,34.3,0.306,0.03794,Pakistan Rice Hub (Pindi Bowra)
2026-08-22T10:00:00,32.0889,73.5912,9.0,4,0.663,0.1,36.4,1.15,1.0,3.7,55.0,27.5,0.565,0.0,34.7,59.0,490.0,0.0,34.4,0.303,0.0365,Pakistan Rice Hub (Pindi Bowra)
2026-08-22T11:00:00,32.0889,73.5911,9.0,3,0.648,0.1,35.7,1.15,1.0,8.0,55.0,27.5,0.425,0.0,34.6,58.0,417.0,0.0,34.2,0.3,0.03571,Pakistan Rice Hub (Pindi Bowra)
2026-08-22T12:00:00,32.0889,73.5919,9.0,11,0.648,0.1,34.7,1.15,1.0,7.7,55.0,27.5,0.276,0.0,33.5,64.0,332.0,0.0,33.5,0.303,0.03503,Pakistan Rice Hub (Pindi Bowra)
2026-08-22T13:00:00,32.0889,73.5918,9.0,10,0.648,0.1,33.7,1.15,1.0,7.8,55.0,27.5,0.115,0.0,32.4,73.0,183.0,0.0,33.0,0.302,0.03325,Pakistan Rice Hub (Pindi Bowra)
2026-08-22T14:00:00,32.0889,73.5912,9.0,4,0.648,0.1,32.3,1.15,1.0,7.8,55.0,27.5,0.034,0.0,31.0,73.0,22.0,0.0,32.2,0.302,0.03119,Pakistan Rice Hub (Pindi Bowra)
2026-08-22T15:00:00,32.0889,73.5912,9.0,4,0.648,0.1,31.5,1.15,1.0,7.9,55.0,27.5,0.023,0.0,30.3,75.0,0.0,0.0,31.5,0.301,0.02913,Pakistan Rice Hub (Pindi Bowra)
2026-08-22T16:00:00,32.0889,73.5913,9.0,5,0.648,0.1,31.0,1.15,1.0,7.9,55.0,27.5,0.011,0.0,29.7,78.0,0.0,0.0,31.0,0.301,0.02799,Pakistan Rice Hub (Pindi Bowra)
2026-08-22T17:00:00,32.0889,73.5913,9.0,5,0.648,0.1,30.6,1.15,1.0,7.9,55.0,27.5,0.011,0.0,29.2,78.0,0.0,0.0,30.6,0.301,0.02711,Pakistan Rice Hub (Pindi Bowra)
2026-08-22T18:00:00,32.0889,73.5913,9.0,5,0.648,0.1,30.6,1.15,1.0,8.1,55.0,27.5,0.011,0.0,29.1,84.0,0.0,0.0,30.6,0.299,0.02644,Pakistan Rice Hub (Pindi Bowra)
2026-08-22T19:00:00,32.0889,73.5913,9.0,5,0.648,0.1,30.3,1.15,1.0,8.1,55.0,27.5,0.0,0.0,28.7,87.0,0.0,0.0,30.3,0.299,0.02581,Pakistan Rice Hub (Pindi Bowra)
2026-08-22T20:00:00,32.0889,73.5913,9.0,5,0.648,0.1,30.2,1.15,1.0,8.1,55.0,27.5,0.011,0.0,28.5,87.0,0.0,0.0,30.2,0.299,0.02561,Pakistan Rice Hub (Pindi Bowra)
2026-08-22T21:00:00,32.0889,73.5913,9.0,5,0.648,0.1,24.6,1.15,1.0,0.0,55.0,27.5,0.0,0.0,25.4,94.0,0.0,9.5,29.3,0.419,0.04826,Pakistan Rice Hub (Pindi Bowra)
2026-08-22T22:00:00,32.0889,73.5913,9.0,5,0.648,0.1,27.3,1.15,1.0,0.0,55.0,27.5,0.0,0.0,26.0,95.0,0.0,2.6,28.6,0.422,0.04563,Pakistan Rice Hub (Pindi Bowra)
2026-08-22T23:00:00,32.0889,73.5913,9.0,5,0.648,0.1,27.5,1.15,1.0,0.0,55.0,27.5,0.0,0.0,25.1,96.0,0.0,1.0,28.0,0.409,0.0435,Pakistan Rice Hub (Pindi Bowra)
2026-08-23T00:00:00,32.0889,73.5913,9.0,5,0.648,0.1,27.4,1.15,1.0,6.0,55.0,27.5,0.0,0.0,25.0,96.0,0.0,0.0,27.4,0.32,0.02591,Pakistan Rice Hub (Pindi Bowra)
2026-08-23T01:00:00,32.0889,73.5913,9.0,5,0.648,0.1,27.3,1.15,1.0,6.0,55.0,27.5,0.011,0.0,25.1,96.0,0.0,0.0,27.3,0.32,0.0257,Pakistan Rice Hub (Pindi Bowra)
2026-08-23T02:00:00,32.0889,73.5913,9.0,5,0.648,0.1,27.6,1.15,1.0,6.1,55.0,27.5,0.057,0.0,25.6,94.0,60.0,0.0,27.4,0.319,0.02565,Pakistan Rice Hub (Pindi Bowra)
2026-08-23T03:00:00,32.0889,73.5912,9.0,4,0.648,0.1,28.7,1.15,1.0,6.1,55.0,27.5,0.184,0.0,26.6,90.0,238.0,0.1,27.9,0.319,0.0267,Pakistan Rice Hub (Pindi Bowra)
2026-08-23T04:00:00,32.0889,73.5913,9.0,5,0.648,0.1,30.2,1.15,1.0,6.2,55.0,27.5,0.333,0.0,28.2,85.0,372.0,0.0,28.9,0.318,0.02863,Pakistan Rice Hub (Pindi Bowra)
2026-08-23T05:00:00,32.0889,73.5919,9.0,11,0.648,0.1,31.7,1.15,1.0,6.4,55.0,27.5,0.471,0.0,29.8,79.0,440.0,0.0,30.1,0.316,0.03087,Pakistan Rice Hub (Pindi Bowra)
2026-08-23T06:00:00,32.0889,73.5918,9.0,10,0.648,0.1,31.9,1.15,1.0,3.9,55.0,27.5,0.437,0.0,31.1,77.0,184.0,0.0,31.2,0.341,0.04249,Pakistan Rice Hub (Pindi Bowra)
2026-08-23T07:00:00,32.0889,73.5912,9.0,4,0.648,0.1,32.5,1.15,1.0,4.2,55.0,27.5,0.448,0.0,31.8,74.0,170.0,0.0,31.9,0.338,0.04382,Pakistan Rice Hub (Pindi Bowra)
2026-08-23T08:00:00,32.0889,73.5913,9.0,5,0.648,0.1,33.9,1.15,1.0,4.6,55.0,27.5,0.586,0.0,32.4,71.0,328.0,0.1,32.8,0.334,0.0455,Pakistan Rice Hub (Pindi Bowra)
2026-08-23T09:00:00,32.0889,73.5913,9.0,5,0.648,0.1,34.7,1.15,1.0,4.8,55.0,27.5,0.586,0.0,32.3,72.0,431.0,0.2,33.3,0.332,0.04652,Pakistan Rice Hub (Pindi Bowra)
2026-08-23T10:00:00,32.0889,73.5913,9.0,5,0.648,0.1,34.4,1.15,1.0,4.8,55.0,27.5,0.46,0.0,32.0,74.0,335.0,0.4,33.4,0.332,0.0469,Pakistan Rice Hub (Pindi Bowra)
2026-08-23T11:00:00,32.0889,73.5913,9.0,5,0.648,0.1,34.2,1.15,1.0,4.9,55.0,27.5,0.356,0.0,32.1,74.0,315.0,0.2,33.2,0.331,0.04574,Pakistan Rice Hub (Pindi Bowra)
2026-08-23T12:00:00,32.0889,73.5912,9.0,4,0.648,0.1,34.1,1.15,1.0,5.8,55.0,27.5,0.276,0.0,32.1,70.0,325.0,0.0,32.9,0.322,0.04104,Pakistan Rice Hub (Pindi Bowra)
2026-08-23T13:00:00,32.0889,73.5913,9.0,5,0.648,0.1,32.9,1.15,1.0,5.9,55.0,27.5,0.115,0.0,30.9,79.0,174.0,0.0,32.3,0.321,0.03873,Pakistan Rice Hub (Pindi Bowra)
2026-08-23T14:00:00,32.0889,73.5919,9.0,11,0.648,0.1,31.6,1.15,1.0,6.0,55.0,27.5,0.023,0.0,29.6,85.0,23.0,0.0,31.5,0.32,0.03597,Pakistan Rice Hub (Pindi Bowra)
2026-08-23T15:00:00,32.0889,73.5918,9.0,10,0.648,0.1,30.9,1.15,1.0,6.1,55.0,27.5,0.0,0.0,29.3,85.0,0.0,0.0,30.9,0.319,0.03394,Pakistan Rice Hub (Pindi Bowra)
2026-08-23T16:00:00,32.0889,73.5912,9.0,4,0.648,0.1,30.4,1.15,1.0,6.1,55.0,27.5,0.0,0.0,28.9,85.0,0.0,0.0,30.4,0.319,0.03261,Pakistan Rice Hub (Pindi Bowra)
2026-08-23T17:00:00,32.0889,73.5913,9.0,5,0.648,0.1,30.0,1.15,1.0,6.2,55.0,27.5,0.0,0.0,28.7,86.0,0.0,0.0,30.0,0.318,0.03126,Pakistan Rice Hub (Pindi Bowra)
2026-08-23T18:00:00,32.0889,73.5913,9.0,5,0.648,0.1,29.9,1.15,1.0,5.2,55.0,27.5,0.0,0.0,28.4,89.0,0.0,0.0,29.9,0.328,0.03418,Pakistan Rice Hub (Pindi Bowra)
2026-08-23T19:00:00,32.0889,73.5913,9.0,5,0.648,0.1,29.7,1.15,1.0,5.3,55.0,27.5,0.0,0.0,27.8,92.0,0.0,0.0,29.7,0.327,0.03333,Pakistan Rice Hub (Pindi Bowra)
2026-08-23T20:00:00,32.0889,73.5913,9.0,5,0.648,0.1,29.4,1.15,1.0,5.3,55.0,27.5,0.0,0.0,27.4,93.0,0.0,0.0,29.4,0.327,0.03253,Pakistan Rice Hub (Pindi Bowra)
2026-08-23T21:00:00,32.0889,73.5912,9.0,4,0.648,0.1,29.2,1.15,1.0,5.4,55.0,27.5,0.0,0.0,27.3,93.0,0.0,0.0,29.2,0.326,0.03172,Pakistan Rice Hub (Pindi Bowra)
2026-08-23T22:00:00,32.0889,73.5913,9.0,5,0.648,0.1,29.1,1.15,1.0,5.5,55.0,27.5,0.0,0.0,27.1,93.0,0.0,0.0,29.1,0.325,0.03117,Pakistan Rice Hub (Pindi Bowra)
2026-08-23T23:00:00,32.0889,73.5919,9.0,11,0.648,0.1,28.9,1.15,1.0,5.5,55.0,27.5,0.0,0.0,26.9,95.0,0.0,0.0,28.9,0.325,0.03067,Pakistan Rice Hub (Pindi Bowra)
2026-08-24T00:00:00,32.0889,73.5918,9.0,10,0.648,0.1,28.8,1.15,1.0,6.1,55.0,27.5,0.0,0.0,27.3,97.0,0.0,0.0,28.8,0.319,0.02869,Pakistan Rice Hub (Pindi Bowra)
2026-08-24T01:00:00,32.0889,73.5912,9.0,4,0.648,0.1,28.7,1.15,1.0,6.2,55.0,27.5,0.0,0.0,27.2,97.0,0.0,0.0,28.7,0.318,0.02818,Pakistan Rice Hub (Pindi Bowra)
2026-08-24T02:00:00,32.0889,73.5913,9.0,5,0.648,0.1,29.4,1.15,1.0,6.2,55.0,27.5,0.069,0.0,28.3,94.0,121.0,0.0,29.0,0.318,0.02886,Pakistan Rice Hub (Pindi Bowra)
2026-08-24T03:00:00,32.089,73.5909,10.0,1,0.648,0.1,30.8,1.15,1.0,6.3,55.0,27.5,0.196,0.0,29.4,88.0,278.0,0.0,29.8,0.317,0.03045,Pakistan Rice Hub (Pindi Bowra)
2026-08-24T04:00:00,32.0889,73.5914,9.0,6,0.648,0.1,32.2,1.15,1.0,6.4,55.0,27.5,0.368,0.0,30.6,80.0,406.0,0.0,30.7,0.316,0.03239,Pakistan Rice Hub (Pindi Bowra)
2026-08-24T05:00:00,32.0889,73.5912,9.0,4,0.648,0.1,33.5,1.15,1.0,6.7,55.0,27.5,0.517,0.0,31.7,72.0,499.0,0.0,31.7,0.313,0.03399,Pakistan Rice Hub (Pindi Bowra)
2026-08-24T06:00:00,32.0889,73.5911,9.0,3,0.648,0.1,34.8,1.15,1.0,7.7,55.0,27.5,0.621,0.0,33.0,65.0,515.0,0.0,33.0,0.303,0.03366,Pakistan Rice Hub (Pindi Bowra)
2026-08-24T07:00:00,32.0889,73.5919,9.0,11,0.648,0.1,35.6,1.15,1.0,8.0,55.0,27.5,0.678,0.0,33.5,64.0,536.0,0.1,33.7,0.3,0.03431,Pakistan Rice Hub (Pindi Bowra)
2026-08-24T08:00:00,32.0889,73.5918,9.0,10,0.648,0.1,36.3,1.15,1.0,8.3,55.0,27.5,0.713,0.0,33.9,63.0,562.0,0.0,34.3,0.297,0.03465,Pakistan Rice Hub (Pindi Bowra)
2026-08-24T09:00:00,32.0889,73.5912,9.0,4,0.648,0.1,36.6,1.15,1.0,8.6,55.0,27.5,0.678,0.0,34.2,62.0,564.0,0.0,34.6,0.294,0.03411,Pakistan Rice Hub (Pindi Bowra)
2026-08-24T10:00:00,32.0889,73.5913,9.0,5,0.648,0.1,36.6,1.15,1.0,8.9,55.0,27.5,0.586,0.0,34.4,61.0,540.0,0.0,34.7,0.291,0.03299,Pakistan Rice Hub (Pindi Bowra)
2026-08-24T11:00:00,32.0889,73.5913,9.0,5,0.648,0.1,36.2,1.15,1.0,9.1,55.0,27.5,0.448,0.0,34.3,60.0,476.0,0.0,34.5,0.289,0.03155,Pakistan Rice Hub (Pindi Bowra)
2026-08-24T12:00:00,32.0889,73.5913,9.0,5,0.648,0.1,35.5,1.15,1.0,9.4,55.0,27.5,0.276,0.0,33.6,68.0,368.0,0.0,34.2,0.286,0.02946,Pakistan Rice Hub (Pindi Bowra)
2026-08-24T13:00:00,32.0889,73.5913,9.0,5,0.648,0.1,34.3,1.15,1.0,9.4,55.0,27.5,0.115,0.0,32.6,72.0,198.0,0.0,33.6,0.286,0.02808,Pakistan Rice Hub (Pindi Bowra)
2026-08-24T14:00:00,32.0889,73.5912,9.0,4,0.648,0.1,32.8,1.15,1.0,9.5,55.0,27.5,0.011,0.0,31.2,74.0,23.0,0.0,32.7,0.285,0.02574,Pakistan Rice Hub (Pindi Bowra)
2026-08-24T15:00:00,32.0889,73.5913,9.0,5,0.648,0.1,31.9,1.15,1.0,9.5,55.0,27.5,0.011,0.0,29.8,79.0,0.0,0.0,31.9,0.285,0.02414,Pakistan Rice Hub (Pindi Bowra)
2026-08-24T16:00:00,32.0889,73.5919,9.0,11,0.648,0.1,31.3,1.15,1.0,9.5,55.0,27.5,0.011,0.0,29.1,82.0,0.0,0.0,31.3,0.285,0.02301,Pakistan Rice Hub (Pindi Bowra)
2026-08-24T17:00:00,32.0889,73.5918,9.0,10,0.648,0.1,30.8,1.15,1.0,9.5,55.0,27.5,0.011,0.0,28.7,84.0,0.0,0.0,30.8,0.285,0.02211,Pakistan Rice Hub (Pindi Bowra)
2026-08-24T18:00:00,32.0889,73.5912,9.0,4,0.648,0.1,30.4,1.15,1.0,9.5,55.0,27.5,0.0,0.0,28.4,85.0,0.0,0.0,30.4,0.285,0.02141,Pakistan Rice Hub (Pindi Bowra)
2026-08-24T19:00:00,32.0889,73.5913,9.0,5,0.648,0.1,30.6,1.15,1.0,9.2,55.0,27.5,0.0,0.0,28.6,84.0,0.0,0.0,30.6,0.288,0.02276,Pakistan Rice Hub (Pindi Bowra)
2026-08-24T20:00:00,32.0889,73.5913,9.0,5,0.648,0.1,30.2,1.15,1.0,9.2,55.0,27.5,0.0,0.0,28.1,88.0,0.0,0.0,30.2,0.288,0.02204,Pakistan Rice Hub (Pindi Bowra)
2026-08-24T21:00:00,32.0889,73.5913,9.0,5,0.648,0.1,30.0,1.15,1.0,9.2,55.0,27.5,0.0,0.0,28.1,88.0,0.0,0.0,30.0,0.288,0.02169,Pakistan Rice Hub (Pindi Bowra)
2026-08-24T22:00:00,32.0889,73.5913,9.0,5,0.648,0.1,29.7,1.15,1.0,9.2,55.0,27.5,0.0,0.0,28.1,88.0,0.0,0.0,29.7,0.288,0.02118,Pakistan Rice Hub (Pindi Bowra)
2026-08-24T23:00:00,32.0889,73.5912,9.0,4,0.648,0.1,29.6,1.15,1.0,9.2,55.0,27.5,0.0,0.0,27.5,91.0,0.0,0.0,29.6,0.288,0.02101,Pakistan Rice Hub (Pindi Bowra)
2026-08-25T00:00:00,32.0889,73.5913,9.0,5,0.648,0.1,29.8,1.15,1.0,9.4,55.0,27.5,0.011,0.0,27.5,88.0,0.0,0.0,29.8,0.286,0.02072,Pakistan Rice Hub (Pindi Bowra)
2026-08-25T01:00:00,32.0889,73.5919,9.0,11,0.648,0.1,29.6,1.15,1.0,9.4,55.0,27.5,0.011,0.0,27.0,90.0,0.0,0.0,29.6,0.286,0.02039,Pakistan Rice Hub (Pindi Bowra)
2026-08-25T02:00:00,32.0889,73.5918,9.0,10,0.648,0.1,30.2,1.15,1.0,9.4,55.0,27.5,0.069,0.0,27.8,89.0,128.0,0.0,29.7,0.286,0.02056,Pakistan Rice Hub (Pindi Bowra)
2026-08-25T03:00:00,32.0889,73.5912,9.0,4,0.648,0.1,31.4,1.15,1.0,9.5,55.0,27.5,0.207,0.0,29.2,83.0,302.0,0.0,30.3,0.285,0.02124,Pakistan Rice Hub (Pindi Bowra)
2026-08-25T04:00:00,32.0889,73.5913,9.0,5,0.648,0.1,32.8,1.15,1.0,9.6,55.0,27.5,0.38,0.0,31.0,76.0,442.0,0.0,31.2,0.284,0.02247,Pakistan Rice Hub (Pindi Bowra)
2026-08-25T05:00:00,32.0889,73.5913,9.0,5,0.648,0.1,34.2,1.15,1.0,9.9,55.0,27.5,0.54,0.0,32.5,70.0,530.0,0.0,32.3,0.281,0.02339,Pakistan Rice Hub (Pindi Bowra)
2026-08-25T06:00:00,32.0889,73.5913,9.0,5,0.648,0.1,35.4,1.15,1.0,10.1,55.0,27.5,0.644,0.0,33.9,64.0,541.0,0.0,33.5,0.279,0.0249,Pakistan Rice Hub (Pindi Bowra)
2026-08-25T07:00:00,32.0889,73.5913,9.0,5,0.648,0.1,36.4,1.15,1.0,10.4,55.0,27.5,0.713,0.0,34.6,59.0,567.0,0.0,34.4,0.276,0.0254,Pakistan Rice Hub (Pindi Bowra)
2026-08-25T08:00:00,32.0889,73.5912,9.0,4,0.648,0.1,37.0,1.15,1.0,10.8,55.0,27.5,0.713,0.0,35.0,57.0,554.0,0.0,35.0,0.272,0.02475,Pakistan Rice Hub (Pindi Bowra)
2026-08-25T09:00:00,32.0889,73.5913,9.0,5,0.648,0.1,37.2,1.15,1.0,11.0,55.0,27.5,0.667,0.0,35.2,56.0,539.0,0.0,35.3,0.27,0.02437,Pakistan Rice Hub (Pindi Bowra)
2026-08-25T10:00:00,32.0889,73.5919,9.0,11,0.648,0.1,37.2,1.15,1.0,11.3,55.0,27.5,0.552,0.0,35.2,56.0,492.0,0.0,35.4,0.267,0.0231,Pakistan Rice Hub (Pindi Bowra)
2026-08-25T11:00:00,32.0889,73.5918,9.0,10,0.648,0.1,36.8,1.15,1.0,11.5,55.0,27.5,0.414,0.0,35.1,56.0,435.0,0.0,35.2,0.265,0.02176,Pakistan Rice Hub (Pindi Bowra)
2026-08-25T12:00:00,32.0889,73.5912,9.0,4,0.648,0.1,36.0,1.15,1.0,11.5,55.0,27.5,0.276,0.0,34.4,60.0,347.0,0.0,34.8,0.265,0.02108,Pakistan Rice Hub (Pindi Bowra)
2026-08-25T13:00:00,32.0889,73.5913,9.0,5,0.648,0.1,34.7,1.15,1.0,11.5,55.0,27.5,0.115,0.0,32.6,75.0,180.0,0.0,34.1,0.265,0.01993,Pakistan Rice Hub (Pindi Bowra)
2026-08-25T14:00:00,32.089,73.5909,10.0,1,0.648,0.1,33.3,1.15,1.0,11.5,55.0,27.5,0.023,0.0,31.1,77.0,24.0,0.0,33.2,0.265,0.01854,Pakistan Rice Hub (Pindi Bowra)
2026-08-25T15:00:00,32.0889,73.5914,9.0,6,0.648,0.1,32.4,1.15,1.0,11.5,55.0,27.5,0.011,0.0,30.8,73.0,0.0,0.0,32.4,0.265,0.01739,Pakistan Rice Hub (Pindi Bowra)
2026-08-25T16:00:00,32.0889,73.5912,9.0,4,0.648,0.1,31.7,1.15,1.0,11.5,55.0,27.5,0.011,0.0,29.9,75.0,0.0,0.0,31.7,0.265,0.01645,Pakistan Rice Hub (Pindi Bowra)
2026-08-25T17:00:00,32.0889,73.5911,9.0,3,0.648,0.1,31.2,1.15,1.0,11.6,55.0,27.5,0.011,0.0,29.3,77.0,0.0,0.0,31.2,0.264,0.01545,Pakistan Rice Hub (Pindi Bowra)
2026-08-25T18:00:00,32.0889,73.5919,9.0,11,0.648,0.1,31.0,1.15,1.0,11.2,55.0,27.5,0.011,0.0,28.8,77.0,0.0,0.0,31.0,0.268,0.01659,Pakistan Rice Hub (Pindi Bowra)
2026-08-25T19:00:00,32.0889,73.5918,9.0,10,0.648,0.1,30.6,1.15,1.0,11.2,55.0,27.5,0.011,0.0,28.5,79.0,0.0,0.0,30.6,0.268,0.01607,Pakistan Rice Hub (Pindi Bowra)
2026-08-25T20:00:00,32.0889,73.5912,9.0,4,0.648,0.1,30.3,1.15,1.0,11.2,55.0,27.5,0.011,0.0,28.2,81.0,0.0,0.0,30.3,0.268,0.01568,Pakistan Rice Hub (Pindi Bowra)
2026-08-25T21:00:00,32.0889,73.5913,9.0,5,0.648,0.1,30.1,1.15,1.0,11.2,55.0,27.5,0.0,0.0,28.0,82.0,0.0,0.0,30.1,0.268,0.01544,Pakistan Rice Hub (Pindi Bowra)
2026-08-25T22:00:00,32.0889,73.5913,9.0,5,0.648,0.1,29.8,1.15,1.0,11.2,55.0,27.5,0.0,0.0,27.6,83.0,0.0,0.0,29.8,0.268,0.01507,Pakistan Rice Hub (Pindi Bowra)
2026-08-25T23:00:00,32.0889,73.5913,9.0,5,0.648,0.1,29.6,1.15,1.0,11.2,55.0,27.5,0.0,0.0,27.3,84.0,0.0,0.0,29.6,0.268,0.01483,Pakistan Rice Hub (Pindi Bowra)
2026-08-26T00:00:00,32.0889,73.5913,9.0,5,0.648,0.1,29.9,1.15,1.0,11.1,55.0,27.5,0.0,0.0,27.8,86.0,0.0,0.0,29.9,0.269,0.01551,Pakistan Rice Hub (Pindi Bowra)
2026-08-26T01:00:00,32.0889,73.5914,9.0,6,0.648,0.1,29.8,1.15,1.0,11.1,55.0,27.5,0.011,0.0,27.7,88.0,0.0,0.0,29.8,0.269,0.01538,Pakistan Rice Hub (Pindi Bowra)
2026-08-26T02:00:00,32.0889,73.5913,9.0,5,0.648,0.1,30.5,1.15,1.0,11.1,55.0,27.5,0.069,0.0,28.7,86.0,130.0,0.0,30.0,0.269,0.01563,Pakistan Rice Hub (Pindi Bowra)
2026-08-26T03:00:00,32.0889,73.5913,9.0,5,0.648,0.1,31.8,1.15,1.0,11.2,55.0,27.5,0.207,0.0,30.1,82.0,309.0,0.0,30.7,0.268,0.01619,Pakistan Rice Hub (Pindi Bowra)
2026-08-26T04:00:00,32.0889,73.5913,9.0,5,0.648,0.1,33.3,1.15,1.0,11.3,55.0,27.5,0.38,0.0,31.6,77.0,448.0,0.0,31.7,0.267,0.01718,Pakistan Rice Hub (Pindi Bowra)
2026-08-26T05:00:00,32.0889,73.5912,9.0,4,0.648,0.1,34.6,1.15,1.0,11.5,55.0,27.5,0.54,0.0,32.8,72.0,543.0,0.0,32.7,0.265,0.01782,Pakistan Rice Hub (Pindi Bowra)
2026-08-26T06:00:00,32.0889,73.5913,9.0,5,0.648,0.1,36.1,1.15,1.0,11.8,55.0,27.5,0.667,0.0,34.7,57.0,577.0,0.0,34.0,0.262,0.01845,Pakistan Rice Hub (Pindi Bowra)
2026-08-26T07:00:00,32.0889,73.5919,9.0,11,0.648,0.1,36.7,1.15,1.0,12.1,55.0,27.5,0.713,0.0,35.1,54.0,569.0,0.0,34.7,0.259,0.01812,Pakistan Rice Hub (Pindi Bowra)
2026-08-26T08:00:00,32.0889,73.5918,9.0,10,0.648,0.1,37.4,1.15,1.0,12.4,55.0,27.5,0.736,0.0,35.4,54.0,593.0,0.0,35.3,0.256,0.01755,Pakistan Rice Hub (Pindi Bowra)
2026-08-26T09:00:00,32.0889,73.5912,9.0,4,0.648,0.1,37.6,1.15,1.0,12.7,55.0,27.5,0.69,0.0,35.5,54.0,572.0,0.0,35.6,0.253,0.01648,Pakistan Rice Hub (Pindi Bowra)
2026-08-26T10:00:00,32.0889,73.5913,9.0,5,0.648,0.1,37.5,1.15,1.0,13.0,55.0,27.5,0.598,0.0,35.4,54.0,536.0,0.0,35.6,0.25,0.01498,Pakistan Rice Hub (Pindi Bowra)
2026-08-26T11:00:00,32.0889,73.5913,9.0,5,0.648,0.1,36.7,1.15,1.0,13.1,55.0,27.5,0.437,0.0,35.2,55.0,428.0,0.0,35.2,0.249,0.01402,Pakistan Rice Hub (Pindi Bowra)
2026-08-26T12:00:00,32.0889,73.5913,9.0,5,0.648,0.1,36.0,1.15,1.0,13.2,55.0,27.5,0.265,0.0,34.4,64.0,345.0,0.0,34.8,0.248,0.01311,Pakistan Rice Hub (Pindi Bowra)
2026-08-26T13:00:00,32.0889,73.5913,9.0,5,0.648,0.1,35.0,1.15,1.0,13.2,55.0,27.5,0.127,0.0,33.6,63.0,178.0,0.0,34.4,0.248,0.0127,Pakistan Rice Hub (Pindi Bowra)
2026-08-26T14:00:00,32.0889,73.5912,9.0,4,0.648,0.1,33.5,1.15,1.0,13.2,55.0,27.5,0.034,0.0,31.3,74.0,12.0,0.0,33.5,0.248,0.01182,Pakistan Rice Hub (Pindi Bowra)
2026-08-26T15:00:00,32.0889,73.5913,9.0,5,0.648,0.1,32.7,1.15,1.0,13.2,55.0,27.5,0.023,0.0,30.6,75.0,0.0,0.0,32.7,0.248,0.01109,Pakistan Rice Hub (Pindi Bowra)
2026-08-26T16:00:00,32.0889,73.5919,9.0,11,0.648,0.1,32.1,1.15,1.0,13.2,55.0,27.5,0.023,0.0,30.2,76.0,0.0,0.0,32.1,0.248,0.01057,Pakistan Rice Hub (Pindi Bowra)
2026-08-26T17:00:00,32.0889,73.5918,9.0,10,0.648,0.1,31.9,1.15,1.0,13.4,55.0,27.5,0.023,0.0,30.1,76.0,0.0,0.0,31.9,0.246,0.00966,Pakistan Rice Hub (Pindi Bowra)
2026-08-26T18:00:00,32.0889,73.5912,9.0,4,0.648,0.1,31.4,1.15,1.0,13.4,55.0,27.5,0.023,0.0,29.4,78.0,0.0,0.0,31.4,0.246,0.00928,Pakistan Rice Hub (Pindi Bowra)
2026-08-26T19:00:00,32.0889,73.5913,9.0,5,0.648,0.1,31.1,1.15,1.0,13.4,55.0,27.5,0.023,0.0,29.1,79.0,0.0,0.0,31.1,0.246,0.00906,Pakistan Rice Hub (Pindi Bowra)
2026-08-26T20:00:00,32.0889,73.5913,9.0,5,0.648,0.1,30.8,1.15,1.0,13.4,55.0,27.5,0.023,0.0,28.9,79.0,0.0,0.0,30.8,0.246,0.00884,Pakistan Rice Hub (Pindi Bowra)
2026-08-26T21:00:00,32.0889,73.5913,9.0,5,0.648,0.1,30.5,1.15,1.0,13.4,55.0,27.5,0.023,0.0,28.7,79.0,0.0,0.0,30.5,0.246,0.00863,Pakistan Rice Hub (Pindi Bowra)
2026-08-26T22:00:00,32.0889,73.5913,9.0,5,0.648,0.1,30.3,1.15,1.0,13.4,55.0,27.5,0.011,0.0,28.6,80.0,0.0,0.0,30.3,0.246,0.0085,Pakistan Rice Hub (Pindi Bowra)
2026-08-26T23:00:00,32.0889,73.5912,9.0,4,0.648,0.1,30.1,1.15,1.0,13.4,55.0,27.5,0.011,0.0,28.4,80.0,0.0,0.0,30.1,0.246,0.00836,Pakistan Rice Hub (Pindi Bowra)
2026-08-27T00:00:00,32.0889,73.5913,9.0,5,0.648,0.1,30.7,1.15,1.0,12.4,55.0,27.5,0.046,0.0,29.9,74.0,0.0,0.0,30.7,0.256,0.01215,Pakistan Rice Hub (Pindi Bowra)
2026-08-27T01:00:00,32.0889,73.5919,9.0,11,0.648,0.1,30.5,1.15,1.0,12.4,55.0,27.5,0.023,0.0,29.2,81.0,0.0,0.0,30.5,0.256,0.01195,Pakistan Rice Hub (Pindi Bowra)
2026-08-27T02:00:00,32.0889,73.5918,9.0,10,0.648,0.1,31.2,1.15,1.0,12.4,55.0,27.5,0.092,0.0,29.5,81.0,137.0,0.0,30.7,0.256,0.01215,Pakistan Rice Hub (Pindi Bowra)
2026-08-27T03:00:00,32.0889,73.5912,9.0,4,0.648,0.1,32.3,1.15,1.0,12.5,55.0,27.5,0.218,0.0,30.8,78.0,302.0,0.0,31.2,0.255,0.01229,Pakistan Rice Hub (Pindi Bowra)
2026-08-27T04:00:00,32.0889,73.5913,9.0,5,0.648,0.1,33.8,1.15,1.0,12.6,55.0,27.5,0.38,0.0,32.4,70.0,438.0,0.0,32.2,0.254,0.01293,Pakistan Rice Hub (Pindi Bowra)
2026-08-27T05:00:00,32.089,73.5909,10.0,1,0.648,0.1,35.1,1.15,1.0,12.8,55.0,27.5,0.54,0.0,33.7,65.0,530.0,0.0,33.2,0.252,0.01319,Pakistan Rice Hub (Pindi Bowra)
2026-08-27T06:00:00,32.0889,73.5914,9.0,6,0.648,0.1,36.3,1.15,1.0,13.1,55.0,27.5,0.667,0.0,34.6,61.0,578.0,0.0,34.2,0.249,0.01295,Pakistan Rice Hub (Pindi Bowra)
2026-08-27T07:00:00,32.0889,73.5912,9.0,4,0.648,0.1,37.0,1.15,1.0,13.3,55.0,27.5,0.724,0.0,35.4,55.0,568.0,0.0,35.0,0.247,0.01285,Pakistan Rice Hub (Pindi Bowra)
2026-08-27T08:00:00,32.0889,73.5911,9.0,3,0.648,0.1,37.6,1.15,1.0,13.6,55.0,27.5,0.736,0.0,35.9,52.0,577.0,0.0,35.5,0.244,0.01189,Pakistan Rice Hub (Pindi Bowra)
2026-08-27T09:00:00,32.0889,73.5919,9.0,11,0.648,0.1,37.8,1.15,1.0,13.9,55.0,27.5,0.69,0.0,36.0,50.0,566.0,0.0,35.8,0.241,0.01065,Pakistan Rice Hub (Pindi Bowra)
2026-08-27T10:00:00,32.0889,73.5918,9.0,10,0.648,0.1,37.7,1.15,1.0,13.9,55.0,27.5,0.609,0.0,35.7,49.0,551.0,0.0,35.7,0.241,0.01057,Pakistan Rice Hub (Pindi Bowra)
2026-08-27T11:00:00,32.0889,73.5912,9.0,4,0.648,0.1,37.1,1.15,1.0,14.0,55.0,27.5,0.46,0.0,35.5,50.0,478.0,0.0,35.4,0.24,0.00983,Pakistan Rice Hub (Pindi Bowra)
2026-08-27T12:00:00,32.0889,73.5913,9.0,5,0.648,0.1,37.1,1.15,1.0,15.5,55.0,27.5,0.276,0.5,34.7,64.0,352.0,0.0,35.8,0.225,0.00254,Pakistan Rice Hub (Pindi Bowra)
2026-08-27T13:00:00,32.0889,73.5913,9.0,5,0.648,0.1,35.7,1.15,1.0,15.5,55.0,27.5,0.103,0.2,33.5,68.0,182.0,0.0,35.1,0.225,0.0024,Pakistan Rice Hub (Pindi Bowra)
2026-08-27T14:00:00,32.0889,73.5914,9.0,6,0.648,0.1,34.1,1.15,1.0,15.5,55.0,27.5,0.023,0.0,32.6,66.0,12.0,0.0,34.1,0.225,0.00221,Pakistan Rice Hub (Pindi Bowra)
2026-08-27T15:00:00,32.0889,73.5913,9.0,5,0.648,0.1,33.3,1.15,1.0,15.5,55.0,27.5,0.023,0.0,31.8,67.0,0.0,0.0,33.3,0.225,0.00208,Pakistan Rice Hub (Pindi Bowra)
2026-08-27T16:00:00,32.0889,73.5913,9.0,5,0.648,0.1,32.6,1.15,1.0,15.5,55.0,27.5,0.023,0.0,30.8,72.0,0.0,0.0,32.6,0.225,0.00196,Pakistan Rice Hub (Pindi Bowra)
2026-08-27T17:00:00,32.0889,73.5913,9.0,5,0.648,0.1,32.1,1.15,1.0,15.5,55.0,27.5,0.023,0.0,30.1,78.0,0.0,0.0,32.1,0.225,0.00189,Pakistan Rice Hub (Pindi Bowra)
2026-08-27T18:00:00,32.0889,73.5912,9.0,4,0.648,0.1,31.7,1.15,1.0,15.5,55.0,27.5,0.023,0.0,29.8,78.0,0.0,0.0,31.7,0.225,0.00183,Pakistan Rice Hub (Pindi Bowra)
2026-08-27T19:00:00,32.0889,73.5913,9.0,5,0.648,0.1,31.3,1.15,1.0,15.5,55.0,27.5,0.023,0.0,29.4,80.0,0.0,0.0,31.3,0.225,0.00177,Pakistan Rice Hub (Pindi Bowra)
2026-08-27T20:00:00,32.0889,73.5919,9.0,11,0.648,0.1,31.1,1.15,1.0,15.5,55.0,27.5,0.023,0.0,28.9,81.0,0.0,0.0,31.1,0.225,0.00174,Pakistan Rice Hub (Pindi Bowra)
2026-08-27T21:00:00,32.0889,73.5918,9.0,10,0.648,0.1,31.1,1.15,1.0,15.5,55.0,27.5,0.023,0.0,29.2,80.0,0.0,0.0,31.1,0.225,0.00174,Pakistan Rice Hub (Pindi Bowra)
2026-08-27T22:00:00,32.0889,73.5912,9.0,4,0.648,0.1,30.8,1.15,1.0,15.5,55.0,27.5,0.011,0.0,28.7,83.0,0.0,0.0,30.8,0.225,0.0017,Pakistan Rice Hub (Pindi Bowra)
2026-08-27T23:00:00,32.0889,73.5913,9.0,5,0.648,0.1,30.5,1.15,1.0,15.5,55.0,27.5,0.011,0.0,28.2,85.0,0.0,0.0,30.5,0.225,0.00166,Pakistan Rice Hub (Pindi Bowra)
2026-08-28T00:00:00,32.0889,73.5913,9.0,5,0.648,0.1,30.3,1.15,1.0,15.5,55.0,27.5,0.011,0.0,28.0,85.0,0.0,0.0,30.3,0.225,0.00163,Pakistan Rice Hub (Pindi Bowra)
2026-08-28T01:00:00,32.0889,73.5913,9.0,5,0.648,0.1,30.1,1.15,1.0,15.5,55.0,27.5,0.023,0.0,27.7,87.0,0.0,0.0,30.1,0.225,0.00161,Pakistan Rice Hub (Pindi Bowra)
2026-08-28T02:00:00,32.0889,73.5913,9.0,5,0.648,0.1,30.7,1.15,1.0,15.5,55.0,27.5,0.081,0.1,28.1,87.0,127.0,0.0,30.2,0.225,0.00162,Pakistan Rice Hub (Pindi Bowra)
2026-08-28T03:00:00,32.0889,73.5912,9.0,4,0.648,0.1,31.6,1.15,1.0,15.5,55.0,27.5,0.207,0.4,28.7,84.0,288.0,0.0,30.6,0.225,0.00167,Pakistan Rice Hub (Pindi Bowra)
2026-08-28T04:00:00,32.0889,73.5913,9.0,5,0.648,0.1,32.8,1.15,1.0,15.6,55.0,27.5,0.356,0.6,29.6,78.0,420.0,0.0,31.3,0.224,0.00142,Pakistan Rice Hub (Pindi Bowra)
2026-08-28T05:00:00,32.0889,73.5919,9.0,11,0.648,0.1,34.0,1.15,1.0,15.8,55.0,27.5,0.506,0.9,31.0,74.0,512.0,0.0,32.2,0.222,0.00076,Pakistan Rice Hub (Pindi Bowra)
2026-08-28T06:00:00,32.0889,73.5918,9.0,10,0.648,0.1,35.6,1.15,1.0,14.9,55.0,27.5,0.609,1.1,34.2,58.0,487.0,0.0,33.9,0.231,0.00479,Pakistan Rice Hub (Pindi Bowra)
2026-08-28T07:00:00,32.0889,73.5912,9.0,4,0.648,0.1,36.5,1.15,1.0,15.1,55.0,27.5,0.667,1.2,34.7,56.0,516.0,0.0,34.7,0.229,0.00418,Pakistan Rice Hub (Pindi Bowra)
2026-08-28T08:00:00,32.0889,73.5913,9.0,5,0.648,0.1,37.2,1.15,1.0,15.4,55.0,27.5,0.69,1.2,35.1,55.0,533.0,0.0,35.3,0.226,0.00292,Pakistan Rice Hub (Pindi Bowra)
2026-08-28T09:00:00,32.0889,73.5913,9.0,5,0.648,0.1,37.6,1.15,1.0,15.6,55.0,27.5,0.667,1.2,35.2,55.0,543.0,0.0,35.7,0.224,0.00201,Pakistan Rice Hub (Pindi Bowra)
2026-08-28T10:00:00,32.0889,73.5913,9.0,5,0.648,0.1,37.6,1.15,1.0,15.8,55.0,27.5,0.575,1.0,35.2,55.0,523.0,0.0,35.7,0.222,0.00101,Pakistan Rice Hub (Pindi Bowra)
2026-08-28T11:00:00,32.0889,73.5913,9.0,5,0.648,0.1,37.1,1.15,1.0,16.0,55.0,27.5,0.437,0.8,35.0,55.0,457.0,0.0,35.5,0.22,0.0,Pakistan Rice Hub (Pindi Bowra)
2026-08-28T12:00:00,32.0889,73.5913,9.0,5,0.648,0.1,36.6,1.15,1.0,16.1,55.0,27.5,0.276,0.5,35.0,57.0,344.0,0.0,35.4,0.219,0.0,Pakistan Rice Hub (Pindi Bowra)
2026-08-28T13:00:00,32.0889,73.5912,9.0,4,0.648,0.1,35.3,1.15,1.0,16.1,55.0,27.5,0.115,0.2,34.2,57.0,171.0,0.0,34.7,0.219,0.0,Pakistan Rice Hub (Pindi Bowra)
2026-08-28T14:00:00,32.0889,73.5913,9.0,5,0.648,0.1,33.9,1.15,1.0,16.1,55.0,27.5,0.011,0.0,32.6,68.0,13.0,0.0,33.9,0.219,0.0,Pakistan Rice Hub (Pindi Bowra)
2026-08-28T15:00:00,32.0889,73.5919,9.0,11,0.648,0.1,33.1,1.15,1.0,16.1,55.0,27.5,0.023,0.0,31.8,69.0,0.0,0.0,33.1,0.219,0.0,Pakistan Rice Hub (Pindi Bowra)
2026-08-28T16:00:00,32.0889,73.5918,9.0,10,0.648,0.1,32.5,1.15,1.0,16.1,55.0,27.5,0.023,0.0,30.9,73.0,0.0,0.0,32.5,0.219,0.0,Pakistan Rice Hub (Pindi Bowra)
2026-08-28T17:00:00,32.0889,73.5912,9.0,4,0.648,0.1,32.0,1.15,1.0,16.1,55.0,27.5,0.023,0.0,30.1,77.0,0.0,0.0,32.0,0.219,0.0,Pakistan Rice Hub (Pindi Bowra)
2026-08-28T18:00:00,32.0889,73.5913,9.0,5,0.648,0.1,31.6,1.15,1.0,16.1,55.0,27.5,0.023,0.0,29.5,79.0,0.0,0.0,31.6,0.219,0.0,Pakistan Rice Hub (Pindi Bowra)
2026-08-28T19:00:00,32.089,73.5909,10.0,1,0.648,0.1,31.7,1.15,1.0,15.8,55.0,27.5,0.034,0.1,29.8,73.0,0.0,0.0,31.7,0.222,0.00073,Pakistan Rice Hub (Pindi Bowra)
2026-08-28T20:00:00,32.0889,73.5914,9.0,6,0.648,0.1,31.3,1.15,1.0,15.8,55.0,27.5,0.023,0.0,29.3,75.0,0.0,0.0,31.3,0.222,0.00071,Pakistan Rice Hub (Pindi Bowra)
2026-08-28T21:00:00,32.0889,73.5913,9.0,5,0.648,0.1,30.9,1.15,1.0,15.8,55.0,27.5,0.023,0.0,28.9,77.0,0.0,0.0,30.9,0.222,0.00069,Pakistan Rice Hub (Pindi Bowra)
2026-08-28T22:00:00,32.0889,73.5912,9.0,4,0.648,0.1,30.6,1.15,1.0,15.8,55.0,27.5,0.011,0.0,28.4,82.0,0.0,0.0,30.6,0.222,0.00067,Pakistan Rice Hub (Pindi Bowra)
2026-08-28T23:00:00,32.0889,73.5912,9.0,4,0.648,0.1,30.3,1.15,1.0,15.8,55.0,27.5,0.011,0.0,28.1,83.0,0.0,0.0,30.3,0.222,0.00065,Pakistan Rice Hub (Pindi Bowra)
2026-08-29T00:00:00,32.089,73.5909,10.0,1,0.648,0.1,30.1,1.15,1.0,15.7,55.0,27.5,0.0,0.0,27.7,85.0,0.0,0.0,30.1,0.223,0.00096,Pakistan Rice Hub (Pindi Bowra)
2026-08-29T01:00:00,32.0889,73.5913,9.0,5,0.648,0.1,29.9,1.15,1.0,15.7,55.0,27.5,0.023,0.0,27.4,88.0,0.0,0.0,29.9,0.223,0.00095,Pakistan Rice Hub (Pindi Bowra)
2026-08-29T02:00:00,32.0889,73.5918,9.0,10,0.648,0.1,30.5,1.15,1.0,15.8,55.0,27.5,0.069,0.1,28.1,89.0,123.0,0.0,30.1,0.222,0.00064,Pakistan Rice Hub (Pindi Bowra)
2026-08-29T03:00:00,32.0886,73.5914,30.5,81,111.0,31.5,21.9,0.19,1971.13
2026-08-29T04:00:00,32.0886,73.5914,31.9,74,243.0,33.5,21.8,0.33,1963.0
2026-08-29T05:00:00,32.0886,73.5914,33.0,69,376.0,35.3,21.7,0.46,1961.6
2026-08-29T06:00:00,32.0886,73.5914,34.1,61,461.0,36.3,21.5,0.56,1966.83
2026-08-29T07:00:00,32.0886,73.5914,34.7,59,501.0,36.9,21.2,0.61,1959.3
2026-08-29T08:00:00,32.0886,73.5914,35.1,57,498.0,37.1,21.0,0.62,1964.55
2026-08-29T09:00:00,32.0886,73.5914,35.4,56,461.0,36.6,20.8,0.58,1959.28
2026-08-29T10:00:00,32.0886,73.5914,35.4,56,394.0,35.6,20.599999999999998,0.51,1968.97
2026-08-29T11:00:00,32.0886,73.5914,34.7,57,279.0,34.0,21.099999999999998,0.39,1961.05
2026-08-29T12:00:00,32.0886,73.5914,34.6,55,144.0,33.2,21.0,0.22,1962.27
2026-08-29T13:00:00,32.0886,73.5914,32.8,74,36.0,31.6,21.0,0.09,1973.08
2026-08-29T14:00:00,32.0886,73.5914,31.3,73,1.0,29.8,21.0,0.03,1964.85
2026-08-29T15:00:00,32.0886,73.5914,30.7,75,0.0,29.2,21.0,0.01,1971.35
2026-08-29T16:00:00,32.0886,73.5914,30.3,76,0.0,29.1,21.4,0.02,1964.46
2026-08-29T17:00:00,32.0886,73.5914,29.6,81,0.0,28.4,21.4,0.0,1968.66
2026-08-29T18:00:00,32.0886,73.5914,29.1,84,0.0,28.0,21.4,0.0,1962.25
2026-08-29T19:00:00,32.0886,73.5914,28.8,85,0.0,27.7,21.4,0.0,1971.78
2026-08-29T20:00:00,32.0886,73.5914,28.5,86,0.0,27.5,21.4,0.0,1969.41
2026-08-29T21:00:00,32.0886,73.5914,28.1,88,0.0,27.3,21.4,0.0,1969.87
2026-08-29T22:00:00,32.0886,73.5914,27.9,88,0.0,27.1,21.4,0.0,1965.28
2026-08-29T23:00:00,32.0886,73.5914,28.2,82,0.0,26.7,21.4,0.0,1961.44
2026-08-30T00:00:00,32.0886,73.5914,27.5,84,0.0,26.4,21.4,0.0,1966.57
2026-08-30T01:00:00,32.0886,73.5914,27.3,86,0.0,26.6,21.4,0.02,1962.23
2026-08-30T02:00:00,32.0886,73.5914,29.3,82,22.0,29.4,21.4,0.06,1964.33
2026-08-30T03:00:00,32.0886,73.5914,30.7,80,113.0,31.8,21.3,0.18,1965.87
2026-08-30T04:00:00,32.0886,73.5914,32.2,74,247.0,33.9,21.2,0.33,1967.85
2026-08-30T05:00:00,32.0886,73.5914,33.7,65,376.0,35.7,21.099999999999998,0.46,1967.37
2026-08-30T06:00:00,32.0886,73.5914,34.5,58,452.0,36.3,20.9,0.56,1965.68
2026-08-30T07:00:00,32.0886,73.5914,35.1,54,519.0,36.9,20.599999999999998,0.62,1972.42
2026-08-30T08:00:00,32.0886,73.5914,35.3,54,535.0,37.0,20.4,0.63,1968.69
2026-08-30T09:00:00,32.0886,73.5914,35.1,54,489.0,36.1,20.200000000000003,0.6,1961.24
2026-08-30T10:00:00,32.0886,73.5914,35.0,55,398.0,35.0,20.0,0.52,1965.55
2026-08-30T11:00:00,32.0886,73.5914,34.8,56,271.0,34.2,19.8,0.38,1970.34
2026-08-30T12:00:00,32.0886,73.5914,34.5,59,132.0,33.5,19.8,0.23,1957.21
2026-08-30T13:00:00,32.0886,73.5914,32.7,73,31.0,31.4,19.8,0.09,1964.47
2026-08-30T14:00:00,32.0886,73.5914,31.4,73,1.0,29.9,19.8,0.03,1972.06
2026-08-30T15:00:00,32.0886,73.5914,30.6,77,0.0,29.3,19.8,0.01,1962.0
2026-08-30T16:00:00,32.0886,73.5914,30.3,77,0.0,29.1,19.8,0.02,1967.68
2026-08-30T17:00:00,32.0886,73.5914,29.9,78,0.0,28.6,19.8,0.01,1962.54
2026-08-30T18:00:00,32.0886,73.5914,29.5,79,0.0,28.2,19.8,0.0,1965.76
2026-08-30T19:00:00,32.0886,73.5914,28.8,82,0.0,27.7,20.9,0.0,1970.37
2026-08-30T20:00:00,32.0886,73.5914,28.5,84,0.0,27.7,20.9,0.0,1964.88
2026-08-30T21:00:00,32.0886,73.5914,28.3,85,0.0,27.6,20.9,0.0,1966.89
2026-08-30T22:00:00,32.0886,73.5914,27.9,83,0.0,26.8,20.9,0.0,1963.53
2026-08-30T23:00:00,32.0886,73.5914,27.6,84,0.0,26.5,20.9,0.0,1962.36
2026-08-31T00:00:00,32.0886,73.5914,27.4,85,0.0,26.4,20.9,0.0,1963.4
2026-08-31T01:00:00,32.0886,73.5914,28.2,88,0.0,27.7,20.8,0.02,1959.33
2026-08-31T02:00:00,32.0886,73.5914,28.7,87,18.0,29.0,20.8,0.06,1965.22
2026-08-31T03:00:00,32.0886,73.5914,29.9,82,99.0,31.0,20.7,0.18,1962.98
2026-08-31T04:00:00,32.0886,73.5914,31.4,74,227.0,32.8,20.599999999999998,0.32,1964.8
2026-08-31T05:00:00,32.0886,73.5914,32.5,68,353.0,34.4,20.5,0.45,1971.34
2026-08-31T06:00:00,32.0886,73.5914,33.4,62,447.0,35.8,20.3,0.55,1975.4
2026-08-31T07:00:00,32.0886,73.5914,33.8,55,475.0,35.7,20.7,0.59,1964.09
2026-08-31T08:00:00,32.0886,73.5914,34.3,55,502.0,35.9,20.4,0.61,1956.4
2026-08-31T09:00:00,32.0886,73.5914,34.4,55,460.0,35.5,20.200000000000003,0.57,1966.81
2026-08-31T10:00:00,32.0886,73.5914,34.3,55,375.0,34.5,20.1,0.5,1964.98
2026-08-31T11:00:00,32.0886,73.5914,33.9,58,252.0,33.3,19.900000000000002,0.37,1954.99
2026-08-31T12:00:00,32.0886,73.5914,33.3,65,120.0,32.3,19.8,0.22,1963.78
2026-08-31T13:00:00,32.0886,73.5914,32.1,71,29.0,31.4,20.200000000000003,0.07,1969.1
2026-08-31T14:00:00,32.0886,73.5914,30.5,80,0.0,29.5,20.200000000000003,0.01,1963.31
2026-08-31T15:00:00,32.0886,73.5914,30.0,81,0.0,29.3,19.900000000000002,0.02,1966.2
2026-08-31T16:00:00,32.0886,73.5914,29.0,85,0.0,28.6,19.900000000000002,0.02,1965.74
2026-08-31T17:00:00,32.0886,73.5914,28.6,85,0.0,28.2,19.900000000000002,0.02,1958.33
2026-08-31T18:00:00,32.0886,73.5914,29.3,87,0.0,28.8,19.3,0.0,1967.24
2026-08-31T19:00:00,32.0886,73.5914,28.7,88,0.0,28.0,19.3,0.0,1959.45
2026-08-31T20:00:00,32.0886,73.5914,28.6,81,0.0,27.7,19.3,0.01,1971.81
2026-08-31T21:00:00,32.0886,73.5914,28.4,79,0.0,27.4,19.3,0.01,1962.19
2026-08-31T22:00:00,32.0886,73.5914,28.0,83,0.0,27.0,19.3,0.0,1967.98
2026-08-31T23:00:00,32.0886,73.5914,27.2,91,0.0,27.1,19.3,0.01,1958.09
2026-09-01T00:00:00,32.0886,73.5914,26.7,90,0.0,26.5,19.3,0.01,1972.18
2026-09-01T01:00:00,32.0886,73.5914,26.0,90,0.0,26.1,19.3,0.02,1965.39
2026-09-01T02:00:00,32.0886,73.5914,26.2,88,16.0,27.0,19.3,0.06,1971.18
2026-09-01T03:00:00,32.0886,73.5914,27.4,84,86.0,29.0,19.3,0.16,1961.99
2026-09-01T04:00:00,32.0886,73.5914,29.0,79,215.0,31.2,19.2,0.29,1974.33
2026-09-01T05:00:00,32.0886,73.5914,30.5,75,319.0,33.1,19.1,0.41,1968.17
2026-09-01T06:00:00,32.0886,73.5914,31.9,69,410.0,34.7,19.0,0.52,1958.67
2026-09-01T07:00:00,32.0886,73.5914,33.4,60,468.0,35.5,22.1,0.59,1956.91
2026-09-01T08:00:00,32.0886,73.5914,33.6,60,429.0,35.3,22.0,0.56,1963.1
2026-09-01T09:00:00,32.0886,73.5914,34.0,59,405.0,35.3,21.9,0.53,1954.93
2026-09-01T10:00:00,32.0886,73.5914,34.0,58,319.0,34.5,21.7,0.44,1963.68
2026-09-01T11:00:00,32.0886,73.5914,33.8,58,227.0,33.5,21.6,0.34,1960.36
2026-09-01T12:00:00,32.0886,73.5914,33.7,58,110.0,32.6,21.6,0.2,1962.88
2026-09-01T13:00:00,32.0886,73.5914,31.8,74,26.0,30.6,21.6,0.09,1966.7
2026-09-01T14:00:00,32.0886,73.5914,30.6,74,0.0,29.6,21.6,0.06,1971.53
2026-09-01T15:00:00,32.0886,73.5914,29.4,78,0.0,28.9,21.6,0.04,1967.4
2026-09-01T16:00:00,32.0886,73.5914,28.7,79,0.0,28.2,21.6,0.03,1966.46
2026-09-01T17:00:00,32.0886,73.5914,28.4,80,0.0,27.8,21.6,0.03,1968.85
2026-09-01T18:00:00,32.0886,73.5914,28.4,79,0.0,27.7,20.599999999999998,0.03,1964.96
2026-09-01T19:00:00,32.0886,73.5914,28.1,79,0.0,27.4,20.5,0.02,1971.03
2026-09-01T20:00:00,32.0886,73.5914,27.9,82,0.0,27.2,20.5,0.01,1966.52
2026-09-01T21:00:00,32.0886,73.5914,27.3,87,0.0,26.8,21.0,0.0,1967.37
2026-09-01T22:00:00,32.0886,73.5914,26.2,93,0.0,25.9,21.9,0.01,1963.95
2026-09-01T23:00:00,32.0886,73.5914,24.6,94,0.0,24.5,22.0,0.0,1977.78
2026-09-02T00:00:00,32.0886,73.5914,24.6,94,0.0,24.4,22.400000000000002,0.01,1962.75
2026-09-02T01:00:00,32.0886,73.5914,24.7,96,0.0,24.5,22.400000000000002,0.01,1964.77
2026-09-02T02:00:00,32.0886,73.5914,25.4,94,14.0,25.7,22.400000000000002,0.05,1967.66
2026-09-02T03:00:00,32.0886,73.5914,26.6,87,76.0,27.4,22.400000000000002,0.15,1970.0
2026-09-02T04:00:00,32.0886,73.5914,27.8,85,182.0,30.0,22.400000000000002,0.26,1954.52
2026-09-02T05:00:00,32.0886,73.5914,30.3,77,343.0,33.1,21.099999999999998,0.42,1958.38
2026-09-02T06:00:00,32.0886,73.5914,31.7,72,450.0,34.9,20.9,0.53,1955.56
2026-09-02T07:00:00,32.0886,73.5914,32.7,66,510.0,36.0,20.7,0.59,1965.89
2026-09-02T08:00:00,32.0886,73.5914,33.3,63,492.0,36.2,20.5,0.59,1982.09
2026-09-02T09:00:00,32.0886,73.5914,33.7,61,449.0,36.0,20.3,0.55,1966.86
2026-09-02T10:00:00,32.0886,73.5914,33.5,61,333.0,34.6,22.1,0.44,1960.76
2026-09-02T11:00:00,32.0886,73.5914,33.2,61,244.0,33.4,22.0,0.34,1975.63
2026-09-02T12:00:00,32.0886,73.5914,32.7,63,117.0,32.0,21.9,0.2,1969.99
2026-09-02T13:00:00,32.0886,73.5914,31.2,75,27.0,30.4,21.9,0.08,1954.4
2026-09-02T14:00:00,32.0886,73.5914,29.9,76,0.0,29.2,21.9,0.03,1958.44
2026-09-02T15:00:00,32.0886,73.5914,29.3,77,0.0,28.4,21.9,0.01,1959.64
2026-09-02T16:00:00,32.0886,73.5914,29.0,78,0.0,28.0,21.8,0.02,1958.45
2026-09-02T17:00:00,32.0886,73.5914,29.0,77,0.0,27.8,21.8,0.02,1962.24
2026-09-02T18:00:00,32.0886,73.5914,28.7,80,0.0,27.6,21.8,0.01,1963.17
2026-09-02T19:00:00,32.0886,73.5914,28.3,85,0.0,27.4,22.0,0.0,1968.92
2026-09-02T20:00:00,32.0886,73.5914,28.2,86,0.0,27.3,22.0,0.0,1959.36
2026-09-02T21:00:00,32.0886,73.5914,28.0,86,0.0,27.2,22.0,0.0,1965.09
2026-09-02T22:00:00,32.0886,73.5914,27.7,87,0.0,26.9,22.0,0.0,1970.21
2026-09-02T23:00:00,32.0886,73.5914,26.9,88,0.0,26.9,22.0,0.03,1967.44
2026-09-03T00:00:00,32.0886,73.5914,25.1,94,0.0,25.1,22.3,0.0,1966.47
2026-09-03T01:00:00,32.0886,73.5914,25.0,94,0.0,25.0,22.3,0.01,1965.28
2026-09-03T02:00:00,32.0886,73.5914,25.7,90,15.0,26.2,22.3,0.06,1973.0
2026-09-03T03:00:00,32.0886,73.5914,26.6,86,89.0,28.1,22.2,0.15,1963.27
2026-09-03T04:00:00,32.0886,73.5914,28.0,83,193.0,30.4,22.1,0.27,1964.53
2026-09-03T05:00:00,32.0886,73.5914,31.5,73,347.0,33.9,21.8,0.43,1960.77
2026-09-03T06:00:00,32.0886,73.5914,32.7,67,436.0,35.4,21.6,0.53,1967.88
2026-09-03T07:00:00,32.0886,73.5914,33.5,60,451.0,36.0,21.5,0.57,1974.15
2026-09-03T08:00:00,32.0886,73.5914,34.0,57,476.0,36.4,21.2,0.58,1959.15
2026-09-03T09:00:00,32.0886,73.5914,34.3,55,453.0,36.1,21.0,0.55,1968.81
2026-09-03T10:00:00,32.0886,73.5914,34.3,53,367.0,34.4,21.9,0.48,1966.25
2026-09-03T11:00:00,32.0886,73.5914,34.1,54,255.0,33.3,21.7,0.36,1967.49
2026-09-03T12:00:00,32.0886,73.5914,33.6,60,126.0,32.5,21.6,0.21,1960.26
2026-09-03T13:00:00,32.0886,73.5914,32.3,65,29.0,31.2,21.6,0.09,1970.76
2026-09-03T14:00:00,32.0886,73.5914,30.4,71,0.0,29.0,21.6,0.04,1957.19
2026-09-03T15:00:00,32.0886,73.5914,30.0,70,0.0,28.6,21.6,0.04,1975.14
2026-09-03T16:00:00,32.0886,73.5914,29.5,73,0.0,28.2,21.6,0.04,1961.28
2026-09-03T17:00:00,32.0886,73.5914,29.0,74,0.0,27.7,21.5,0.03,1968.4
2026-09-03T18:00:00,32.0886,73.5914,28.7,74,0.0,27.4,21.5,0.03,1960.72
2026-09-03T19:00:00,32.0886,73.5914,28.8,76,0.0,27.6,23.1,0.02,1957.27
2026-09-03T20:00:00,32.0886,73.5914,28.4,79,0.0,27.2,23.1,0.01,1968.22
2026-09-03T21:00:00,32.0886,73.5914,28.2,80,0.0,27.1,23.1,0.02,1963.05
