timestamp,lat,lon,air_temp_c,humidity_pct,solar_rad_w_m2,soil_temp_c,soil_moisture_pct,ETc_mm_hr,ch4_column_density_ppb
2026-06-01T00:00:00,31.731,74.264,25.6,64,0.0,30.0,24.2,0.04,1979.73
2026-06-01T01:00:00,31.731,74.264,26.0,62,5.0,30.0,24.2,0.07,1965.56
2026-06-01T02:00:00,31.731,74.264,27.8,57,55.0,30.0,24.099999999999998,0.15,1968.04
2026-06-01T03:00:00,31.731,74.264,29.9,50,155.0,30.0,24.099999999999998,0.29,1967.31
2026-06-01T04:00:00,31.731,74.264,31.8,44,295.0,30.0,23.9,0.44,1977.92
2026-06-01T05:00:00,31.731,74.264,33.1,40,424.0,30.0,23.799999999999997,0.56,1966.92
2026-06-01T06:00:00,31.731,74.264,33.7,36,477.0,30.0,24.2,0.6,1971.17
2026-06-01T07:00:00,31.731,74.264,34.6,34,476.0,30.0,24.0,0.63,1968.05
2026-06-01T08:00:00,31.731,74.264,35.2,32,499.0,30.0,23.7,0.65,1969.17
2026-06-01T09:00:00,31.731,74.264,35.4,32,427.0,30.0,23.7,0.6,1966.09
2026-06-01T10:00:00,31.731,74.264,35.0,33,283.0,30.0,23.599999999999998,0.48,1970.97
2026-06-01T11:00:00,31.731,74.264,35.0,33,221.0,30.0,23.5,0.41,1969.16
2026-06-01T12:00:00,31.731,74.264,35.4,31,164.0,30.0,22.3,0.27,1961.0
2026-06-01T13:00:00,31.731,74.264,34.2,51,61.0,30.0,22.2,0.12,1963.52
2026-06-01T14:00:00,31.731,74.264,32.0,45,6.0,30.0,22.2,0.04,1966.06
2026-06-01T15:00:00,31.731,74.264,30.7,50,0.0,30.0,22.2,0.01,1969.01
2026-06-01T16:00:00,31.731,74.264,29.9,52,0.0,30.0,22.2,0.02,1961.51
2026-06-01T17:00:00,31.731,74.264,29.3,54,0.0,30.0,22.2,0.02,1967.79
2026-06-01T18:00:00,31.731,74.264,29.6,56,0.0,30.0,22.3,0.01,1966.99
2026-06-01T19:00:00,31.731,74.264,28.6,59,0.0,30.0,22.3,0.02,1965.33
2026-06-01T20:00:00,31.731,74.264,27.8,61,0.0,30.0,22.3,0.04,1969.45
2026-06-01T21:00:00,31.731,74.264,27.6,60,0.0,30.0,22.2,0.05,1968.82
2026-06-01T22:00:00,31.731,74.264,27.8,56,0.0,30.0,22.2,0.07,1961.59
2026-06-01T23:00:00,31.731,74.264,27.3,56,0.0,30.0,22.2,0.05,1967.71
2026-06-02T00:00:00,31.731,74.264,27.2,60,0.0,30.0,22.5,0.04,1962.14
2026-06-02T01:00:00,31.731,74.264,27.6,61,5.0,30.0,22.5,0.06,1974.57
2026-06-02T02:00:00,31.731,74.264,29.5,54,58.0,30.0,22.400000000000002,0.14,1963.76
2026-06-02T03:00:00,31.731,74.264,31.5,47,169.0,30.0,22.3,0.3,1973.9
2026-06-02T04:00:00,31.731,74.264,33.5,40,310.0,30.0,22.2,0.45,1963.05
2026-06-02T05:00:00,31.731,74.264,35.0,35,438.0,30.0,22.0,0.56,1967.55
2026-06-02T06:00:00,31.731,74.264,35.9,32,535.0,30.0,22.3,0.66,1966.1
2026-06-02T07:00:00,31.731,74.264,36.5,30,586.0,30.0,22.1,0.7,1964.18
2026-06-02T08:00:00,31.731,74.264,36.9,30,547.0,30.0,22.0,0.67,1964.96
2026-06-02T09:00:00,31.731,74.264,36.9,30,456.0,30.0,21.9,0.61,1961.05
2026-06-02T10:00:00,31.731,74.264,36.6,29,310.0,30.0,23.599999999999998,0.5,1960.98
2026-06-02T11:00:00,31.731,74.264,36.4,30,256.0,30.0,23.599999999999998,0.43,1969.96
2026-06-02T12:00:00,31.731,74.264,37.4,26,150.0,30.0,21.099999999999998,0.34,1965.18
2026-06-02T13:00:00,31.731,74.264,35.6,34,54.0,30.0,21.0,0.2,1967.85
2026-06-02T14:00:00,31.731,74.264,33.1,41,6.0,30.0,21.0,0.09,1960.22
2026-06-02T15:00:00,31.731,74.264,32.1,48,0.0,30.0,21.0,0.0,1965.46
2026-06-02T16:00:00,31.731,74.264,30.5,48,0.0,30.0,21.0,0.05,1963.14
2026-06-02T17:00:00,31.731,74.264,29.8,49,0.0,30.0,21.0,0.05,1964.45
2026-06-02T18:00:00,31.731,74.264,28.4,55,0.0,30.0,21.0,0.03,1967.35
2026-06-02T19:00:00,31.731,74.264,27.5,59,0.0,30.0,21.0,0.04,1965.79
2026-06-02T20:00:00,31.731,74.264,27.4,60,0.0,30.0,21.0,0.05,1970.6
2026-06-02T21:00:00,31.731,74.264,27.5,59,0.0,30.0,21.0,0.05,1970.58
2026-06-02T22:00:00,31.731,74.264,27.4,59,0.0,30.0,21.0,0.05,1969.54
2026-06-02T23:00:00,31.731,74.264,27.1,59,0.0,30.0,21.0,0.04,1973.13
2026-06-03T00:00:00,31.731,74.264,26.1,69,0.0,30.0,20.200000000000003,0.03,1969.76
2026-06-03T01:00:00,31.731,74.264,26.6,69,3.0,30.0,20.200000000000003,0.06,1975.25
2026-06-03T02:00:00,31.731,74.264,26.2,75,10.0,30.0,20.5,0.11,1967.05
2026-06-03T03:00:00,31.731,74.264,28.6,61,68.0,30.0,20.599999999999998,0.22,1963.19
2026-06-03T04:00:00,31.731,74.264,31.2,50,195.0,30.0,20.5,0.38,1971.33
2026-06-03T05:00:00,31.731,74.264,33.4,42,415.0,30.0,20.3,0.55,1963.44
2026-06-03T06:00:00,31.731,74.264,32.3,44,476.0,30.0,20.8,0.61,1968.17
2026-06-03T07:00:00,31.731,74.264,34.3,38,461.0,30.0,20.599999999999998,0.6,1957.8
2026-06-03T08:00:00,31.731,74.264,35.4,35,499.0,30.0,20.4,0.62,1970.91
2026-06-03T09:00:00,31.731,74.264,36.3,33,522.0,30.0,20.200000000000003,0.67,1962.79
2026-06-03T10:00:00,31.731,74.264,36.5,33,439.0,30.0,20.0,0.61,1978.31
2026-06-03T11:00:00,31.731,74.264,36.4,33,311.0,30.0,19.8,0.49,1974.54
2026-06-03T12:00:00,31.731,74.264,36.6,32,183.0,30.0,19.400000000000002,0.3,1966.73
2026-06-03T13:00:00,31.731,74.264,35.6,50,67.0,30.0,19.3,0.13,1975.08
2026-06-03T14:00:00,31.731,74.264,33.5,46,7.0,30.0,19.3,0.03,1967.46
2026-06-03T15:00:00,31.731,74.264,31.8,49,0.0,30.0,19.3,0.07,1971.3
2026-06-03T16:00:00,31.731,74.264,31.3,50,0.0,30.0,19.3,0.01,1975.01
2026-06-03T17:00:00,31.731,74.264,30.0,53,0.0,30.0,19.3,0.01,1976.69
2026-06-03T18:00:00,31.731,74.264,29.4,59,0.0,30.0,19.5,0.03,1969.08
2026-06-03T19:00:00,31.731,74.264,28.7,62,0.0,30.0,19.5,0.02,1955.17
2026-06-03T20:00:00,31.731,74.264,28.2,64,0.0,30.0,19.5,0.0,1966.12
2026-06-03T21:00:00,31.731,74.264,27.4,66,0.0,30.0,19.5,0.01,1971.37
2026-06-03T22:00:00,31.731,74.264,27.2,68,0.0,30.0,19.5,0.01,1961.85
2026-06-03T23:00:00,31.731,74.264,27.2,67,0.0,30.0,19.5,0.01,1976.73
2026-06-04T00:00:00,31.731,74.264,27.8,65,0.0,30.0,21.2,0.02,1964.99
2026-06-04T01:00:00,31.731,74.264,28.8,62,6.0,30.0,21.2,0.07,1968.53
2026-06-04T02:00:00,31.731,74.264,31.2,53,61.0,30.0,21.099999999999998,0.17,1972.52
2026-06-04T03:00:00,31.731,74.264,33.4,45,179.0,30.0,21.099999999999998,0.31,1969.1
2026-06-04T04:00:00,31.731,74.264,30.8,51,261.0,30.0,21.0,0.47,1960.63
2026-06-04T05:00:00,31.731,74.264,29.1,59,152.0,30.0,21.099999999999998,0.34,1965.38
2026-06-04T06:00:00,31.731,74.264,31.3,50,210.0,30.0,19.5,0.38,1961.86
2026-06-04T07:00:00,31.731,74.264,35.5,36,572.0,30.0,19.3,0.73,1963.41
2026-06-04T08:00:00,31.731,74.264,36.7,31,526.0,30.0,19.1,0.69,1970.27
2026-06-04T09:00:00,31.731,74.264,36.8,30,356.0,30.0,18.9,0.56,1968.84
2026-06-04T10:00:00,31.731,74.264,36.5,31,372.0,30.0,18.8,0.59,1970.42
2026-06-04T11:00:00,31.731,74.264,36.0,32,248.0,30.0,18.7,0.42,1969.08
2026-06-04T12:00:00,31.731,74.264,29.0,52,180.0,30.0,27.6,0.35,1971.28
2026-06-04T13:00:00,31.731,74.264,27.8,56,65.0,30.0,27.500000000000004,0.21,1966.51
2026-06-04T14:00:00,31.731,74.264,26.8,59,7.0,30.0,27.400000000000002,0.09,1973.82
2026-06-04T15:00:00,31.731,74.264,26.3,61,0.0,30.0,27.3,0.06,1966.5
2026-06-04T16:00:00,31.731,74.264,26.0,62,0.0,30.0,27.3,0.03,1965.93
2026-06-04T17:00:00,31.731,74.264,25.7,63,0.0,30.0,27.200000000000003,0.03,1967.68
2026-06-04T18:00:00,31.731,74.264,25.2,57,0.0,30.0,28.499999999999996,0.04,1962.83
2026-06-04T19:00:00,31.731,74.264,24.2,64,0.0,30.0,28.499999999999996,0.02,1963.37
2026-06-04T20:00:00,31.731,74.264,24.1,64,0.0,30.0,28.4,0.01,1967.57
2026-06-04T21:00:00,31.731,74.264,23.3,68,0.0,30.0,28.299999999999997,0.03,1968.84
2026-06-04T22:00:00,31.731,74.264,23.0,69,0.0,30.0,28.299999999999997,0.03,1966.08
2026-06-04T23:00:00,31.731,74.264,22.8,70,0.0,30.0,28.199999999999996,0.03,1966.6
2026-06-05T00:00:00,31.731,74.264,23.2,72,0.0,30.0,25.5,0.03,1969.68
2026-06-05T01:00:00,31.731,74.264,23.8,70,6.0,30.0,25.5,0.06,1969.5
2026-06-05T02:00:00,31.731,74.264,25.8,63,62.0,30.0,25.4,0.14,1968.31
2026-06-05T03:00:00,31.731,74.264,28.2,53,181.0,30.0,25.3,0.28,1968.83
2026-06-05T04:00:00,31.731,74.264,30.3,45,324.0,30.0,25.1,0.43,1969.62
2026-06-05T05:00:00,31.731,74.264,31.8,43,455.0,30.0,24.9,0.56,1965.92
2026-06-05T06:00:00,31.731,74.264,33.3,39,548.0,30.0,24.2,0.64,1962.95
2026-06-05T07:00:00,31.731,74.264,34.6,37,613.0,30.0,24.0,0.7,1971.35
2026-06-05T08:00:00,31.731,74.264,35.5,35,615.0,30.0,23.7,0.7,1978.95
2026-06-05T09:00:00,31.731,74.264,36.1,32,566.0,30.0,23.400000000000002,0.65,1976.49
2026-06-05T10:00:00,31.731,74.264,36.3,31,468.0,30.0,23.1,0.56,1965.37
2026-06-05T11:00:00,31.731,74.264,36.2,31,336.0,30.0,22.900000000000002,0.44,1956.8
2026-06-05T12:00:00,31.731,74.264,36.1,29,195.0,30.0,22.1,0.34,1963.54
2026-06-05T13:00:00,31.731,74.264,34.8,34,69.0,30.0,22.0,0.22,1968.11
2026-06-05T14:00:00,31.731,74.264,32.2,41,8.0,30.0,22.0,0.09,1962.91
2026-06-05T15:00:00,31.731,74.264,31.3,46,0.0,30.0,21.9,0.02,1967.92
2026-06-05T16:00:00,31.731,74.264,29.7,50,0.0,30.0,21.9,0.02,1962.82
2026-06-05T17:00:00,31.731,74.264,28.5,55,0.0,30.0,21.9,0.03,1964.11
2026-06-05T18:00:00,31.731,74.264,28.7,53,0.0,30.0,20.1,0.03,1972.86
2026-06-05T19:00:00,31.731,74.264,27.6,56,0.0,30.0,20.1,0.03,1970.39
2026-06-05T20:00:00,31.731,74.264,27.3,57,0.0,30.0,20.0,0.02,1972.2
2026-06-05T21:00:00,31.731,74.264,27.2,56,0.0,30.0,20.0,0.02,1963.16
2026-06-05T22:00:00,31.731,74.264,27.0,56,0.0,30.0,20.0,0.02,1969.63
2026-06-05T23:00:00,31.731,74.264,26.5,56,0.0,30.0,20.0,0.02,1962.54
2026-06-06T00:00:00,31.731,74.264,26.4,62,0.0,30.0,20.0,0.02,1971.35
2026-06-06T01:00:00,31.731,74.264,27.1,60,6.0,30.0,20.0,0.06,1965.77
2026-06-06T02:00:00,31.731,74.264,29.5,53,66.0,30.0,19.900000000000002,0.14,1958.48
2026-06-06T03:00:00,31.731,74.264,32.3,43,191.0,30.0,19.900000000000002,0.28,1965.62
2026-06-06T04:00:00,31.731,74.264,34.8,36,337.0,30.0,19.7,0.44,1962.18
2026-06-06T05:00:00,31.731,74.264,36.5,30,471.0,30.0,19.6,0.57,1964.51
2026-06-06T06:00:00,31.731,74.264,37.3,24,572.0,30.0,19.5,0.64,1966.46
2026-06-06T07:00:00,31.731,74.264,38.4,22,618.0,30.0,19.2,0.69,1978.31
2026-06-06T08:00:00,31.731,74.264,38.9,21,620.0,30.0,19.0,0.69,1965.41
2026-06-06T09:00:00,31.731,74.264,39.2,20,560.0,30.0,18.8,0.67,1980.31
2026-06-06T10:00:00,31.731,74.264,38.8,20,409.0,30.0,18.6,0.58,1965.82
2026-06-06T11:00:00,31.731,74.264,38.4,21,329.0,30.0,18.4,0.51,1967.6
2026-06-06T12:00:00,31.731,74.264,38.6,17,199.0,30.0,17.8,0.37,1963.1
2026-06-06T13:00:00,31.731,74.264,36.4,24,70.0,30.0,17.7,0.25,1967.88
2026-06-06T14:00:00,31.731,74.264,33.5,29,8.0,30.0,17.7,0.15,1966.15
2026-06-06T15:00:00,31.731,74.264,31.1,36,0.0,30.0,17.599999999999998,0.1,1974.11
2026-06-06T16:00:00,31.731,74.264,30.4,40,0.0,30.0,17.599999999999998,0.03,1966.68
2026-06-06T17:00:00,31.731,74.264,30.2,41,0.0,30.0,17.599999999999998,0.0,1962.95
2026-06-06T18:00:00,31.731,74.264,30.3,41,0.0,30.0,17.4,0.0,1961.51
2026-06-06T19:00:00,31.731,74.264,28.6,47,0.0,30.0,17.4,0.03,1962.48
2026-06-06T20:00:00,31.731,74.264,27.9,52,0.0,30.0,17.299999999999997,0.04,1960.48
2026-06-06T21:00:00,31.731,74.264,27.4,53,0.0,30.0,17.299999999999997,0.05,1964.73
2026-06-06T22:00:00,31.731,74.264,27.0,53,0.0,30.0,17.299999999999997,0.04,1958.84
2026-06-06T23:00:00,31.731,74.264,26.8,55,0.0,30.0,17.299999999999997,0.02,1967.94
2026-06-07T00:00:00,31.731,74.264,26.2,55,0.0,30.0,18.099999999999998,0.03,1970.34
2026-06-07T01:00:00,31.731,74.264,27.0,54,6.0,30.0,18.099999999999998,0.06,1969.91
2026-06-07T02:00:00,31.731,74.264,29.4,47,66.0,30.0,18.0,0.13,1976.97
2026-06-07T03:00:00,31.731,74.264,32.2,38,191.0,30.0,18.0,0.26,1970.98
2026-06-07T04:00:00,31.731,74.264,34.8,32,338.0,30.0,17.9,0.42,1959.57
2026-06-07T05:00:00,31.731,74.264,37.1,25,472.0,30.0,17.7,0.53,1966.54
2026-06-07T06:00:00,31.731,74.264,37.8,23,573.0,30.0,18.4,0.64,1975.86
2026-06-07T07:00:00,31.731,74.264,38.9,22,630.0,30.0,18.2,0.74,1970.75
2026-06-07T08:00:00,31.731,74.264,39.4,21,624.0,30.0,17.9,0.76,1968.61
2026-06-07T09:00:00,31.731,74.264,39.6,20,563.0,30.0,17.7,0.7,1966.86
2026-06-07T10:00:00,31.731,74.264,39.6,20,475.0,30.0,17.5,0.63,1970.51
2026-06-07T11:00:00,31.731,74.264,39.1,22,343.0,30.0,18.2,0.52,1970.64
2026-06-07T12:00:00,31.731,74.264,39.0,21,195.0,30.0,16.8,0.33,1963.25
2026-06-07T13:00:00,31.731,74.264,36.7,30,73.0,30.0,16.7,0.2,1966.96
2026-06-07T14:00:00,31.731,74.264,34.1,32,8.0,30.0,16.7,0.14,1969.06
2026-06-07T15:00:00,31.731,74.264,32.6,33,0.0,30.0,16.7,0.12,1963.54
2026-06-07T16:00:00,31.731,74.264,31.6,35,0.0,30.0,16.7,0.07,1966.2
2026-06-07T17:00:00,31.731,74.264,30.5,39,0.0,30.0,16.7,0.05,1962.32
2026-06-07T18:00:00,31.731,74.264,30.3,42,0.0,30.0,16.3,0.04,1974.1
2026-06-07T19:00:00,31.731,74.264,29.5,43,0.0,30.0,16.3,0.05,1958.36
2026-06-07T20:00:00,31.731,74.264,28.8,46,0.0,30.0,16.3,0.05,1971.73
2026-06-07T21:00:00,31.731,74.264,28.2,49,0.0,30.0,16.3,0.05,1966.23
2026-06-07T22:00:00,31.731,74.264,27.5,52,0.0,30.0,16.3,0.04,1963.37
2026-06-07T23:00:00,31.731,74.264,27.2,56,0.0,30.0,16.3,0.02,1965.83
2026-06-08T00:00:00,31.731,74.264,27.1,57,0.0,30.0,17.8,0.03,1975.7
2026-06-08T01:00:00,31.731,74.264,28.1,55,6.0,30.0,17.8,0.06,1959.24
2026-06-08T02:00:00,31.731,74.264,30.7,47,67.0,30.0,17.8,0.12,1969.73
2026-06-08T03:00:00,31.731,74.264,33.6,39,193.0,30.0,17.7,0.26,1969.68
2026-06-08T04:00:00,31.731,74.264,36.0,33,339.0,30.0,17.599999999999998,0.42,1967.9
2026-06-08T05:00:00,31.731,74.264,38.0,29,474.0,30.0,17.4,0.56,1973.75
2026-06-08T06:00:00,31.731,74.264,38.8,25,576.0,30.0,17.7,0.71,1974.64
2026-06-08T07:00:00,31.731,74.264,39.9,22,602.0,30.0,17.5,0.77,1979.97
2026-06-08T08:00:00,31.731,74.264,40.3,20,522.0,30.0,17.299999999999997,0.73,1971.21
2026-06-08T09:00:00,31.731,74.264,40.5,20,527.0,30.0,17.1,0.71,1965.17
2026-06-08T10:00:00,31.731,74.264,40.6,20,444.0,30.0,16.900000000000002,0.65,1965.47
2026-06-08T11:00:00,31.731,74.264,40.2,20,340.0,30.0,16.7,0.57,1968.98
2026-06-08T12:00:00,31.731,74.264,40.1,20,191.0,30.0,15.9,0.42,1973.33
2026-06-08T13:00:00,31.731,74.264,37.8,30,72.0,30.0,15.8,0.21,1973.33
2026-06-08T14:00:00,31.731,74.264,34.7,39,8.0,30.0,15.8,0.1,1963.07
2026-06-08T15:00:00,31.731,74.264,33.3,41,0.0,30.0,15.8,0.1,1958.14
2026-06-08T16:00:00,31.731,74.264,32.1,44,0.0,30.0,15.8,0.05,1962.67
2026-06-08T17:00:00,31.731,74.264,31.6,46,0.0,30.0,15.7,0.03,1966.48
2026-06-08T18:00:00,31.731,74.264,31.6,49,0.0,30.0,16.0,0.03,1972.0
2026-06-08T19:00:00,31.731,74.264,30.5,50,0.0,30.0,16.0,0.05,1974.02
2026-06-08T20:00:00,31.731,74.264,29.9,50,0.0,30.0,16.0,0.06,1964.76
2026-06-08T21:00:00,31.731,74.264,29.2,52,0.0,30.0,15.9,0.06,1959.33
2026-06-08T22:00:00,31.731,74.264,28.6,55,0.0,30.0,15.9,0.06,1963.34
2026-06-08T23:00:00,31.731,74.264,27.8,62,0.0,30.0,15.9,0.01,1975.66
2026-06-09T00:00:00,31.731,74.264,28.2,57,0.0,30.0,16.7,0.03,1974.57
2026-06-09T01:00:00,31.731,74.264,29.0,55,7.0,30.0,16.7,0.03,1969.74
2026-06-09T02:00:00,31.731,74.264,31.0,52,69.0,30.0,16.7,0.16,1967.21
2026-06-09T03:00:00,31.731,74.264,34.1,42,196.0,30.0,16.6,0.3,1967.31
2026-06-09T04:00:00,31.731,74.264,37.2,33,345.0,30.0,16.5,0.46,1968.31
2026-06-09T05:00:00,31.731,74.264,39.4,28,481.0,30.0,16.3,0.62,1967.91
2026-06-09T06:00:00,31.731,74.264,40.6,21,579.0,30.0,17.1,0.77,1961.39
2026-06-09T07:00:00,31.731,74.264,41.3,20,529.0,30.0,16.900000000000002,0.76,1963.7
2026-06-09T08:00:00,31.731,74.264,41.9,18,604.0,30.0,16.7,0.79,1965.25
2026-06-09T09:00:00,31.731,74.264,42.1,18,547.0,30.0,16.5,0.76,1973.75
2026-06-09T10:00:00,31.731,74.264,41.9,18,418.0,30.0,16.3,0.68,1964.85
2026-06-09T11:00:00,31.731,74.264,41.1,18,236.0,30.0,16.2,0.52,1967.15
2026-06-09T12:00:00,31.731,74.264,41.2,18,170.0,30.0,15.4,0.39,1967.13
2026-06-09T13:00:00,31.731,74.264,38.9,26,72.0,30.0,15.4,0.22,1971.49
2026-06-09T14:00:00,31.731,74.264,36.1,29,9.0,30.0,15.4,0.12,1970.47
2026-06-09T15:00:00,31.731,74.264,34.4,34,0.0,30.0,15.299999999999999,0.11,1960.55
2026-06-09T16:00:00,31.731,74.264,33.3,40,0.0,30.0,15.299999999999999,0.06,1961.94
2026-06-09T17:00:00,31.731,74.264,32.4,44,0.0,30.0,15.299999999999999,0.04,1964.31
2026-06-09T18:00:00,31.731,74.264,31.7,48,0.0,30.0,15.2,0.04,1968.56
2026-06-09T19:00:00,31.731,74.264,31.3,50,0.0,30.0,15.2,0.06,1972.92
2026-06-09T20:00:00,31.731,74.264,30.3,55,0.0,30.0,15.2,0.01,1968.28
2026-06-09T21:00:00,31.731,74.264,29.1,55,0.0,30.0,15.2,0.02,1969.23
2026-06-09T22:00:00,31.731,74.264,28.5,54,0.0,30.0,15.2,0.02,1964.69
2026-06-09T23:00:00,31.731,74.264,28.0,52,0.0,30.0,15.2,0.03,1958.64
2026-06-10T00:00:00,31.731,74.264,28.5,66,0.0,30.0,14.899999999999999,0.04,1963.78
2026-06-10T01:00:00,31.731,74.264,29.6,61,7.0,30.0,14.899999999999999,0.1,1963.86
2026-06-10T02:00:00,31.731,74.264,32.2,54,68.0,30.0,14.799999999999999,0.19,1967.78
2026-06-10T03:00:00,31.731,74.264,35.3,45,196.0,30.0,14.799999999999999,0.32,1960.8
2026-06-10T04:00:00,31.731,74.264,37.7,39,343.0,30.0,14.7,0.48,1973.67
2026-06-10T05:00:00,31.731,74.264,39.4,34,474.0,30.0,14.6,0.62,1961.36
2026-06-10T06:00:00,31.731,74.264,40.3,28,573.0,30.0,15.6,0.68,1966.24
2026-06-10T07:00:00,31.731,74.264,41.9,23,629.0,30.0,15.4,0.71,1964.64
2026-06-10T08:00:00,31.731,74.264,42.7,20,594.0,30.0,15.2,0.71,1964.84
2026-06-10T09:00:00,31.731,74.264,43.1,18,525.0,30.0,15.1,0.71,1965.2
2026-06-10T10:00:00,31.731,74.264,42.4,19,373.0,30.0,14.899999999999999,0.68,1967.57
2026-06-10T11:00:00,31.731,74.264,40.9,23,228.0,30.0,14.799999999999999,0.56,1972.34
2026-06-10T12:00:00,31.731,74.264,40.7,22,176.0,30.0,13.900000000000002,0.48,1965.25
2026-06-10T13:00:00,31.731,74.264,38.8,28,71.0,30.0,13.8,0.29,1974.54
2026-06-10T14:00:00,31.731,74.264,35.8,35,9.0,30.0,13.8,0.11,1966.31
2026-06-10T15:00:00,31.731,74.264,33.9,39,0.0,30.0,13.8,0.08,1965.79
2026-06-10T16:00:00,31.731,74.264,32.9,39,0.0,30.0,13.700000000000001,0.06,1968.64
2026-06-10T17:00:00,31.731,74.264,33.0,39,0.0,30.0,13.700000000000001,0.0,1961.73
2026-06-10T18:00:00,31.731,74.264,31.6,42,0.0,30.0,13.8,0.01,1972.67
2026-06-10T19:00:00,31.731,74.264,30.6,44,0.0,30.0,13.8,0.03,1974.99
2026-06-10T20:00:00,31.731,74.264,30.8,43,0.0,30.0,13.8,0.0,1966.65
2026-06-10T21:00:00,31.731,74.264,30.4,43,0.0,30.0,13.8,0.02,1971.07
2026-06-10T22:00:00,31.731,74.264,29.3,44,0.0,30.0,13.8,0.05,1973.78
2026-06-10T23:00:00,31.731,74.264,28.6,49,0.0,30.0,13.8,0.08,1969.19
2026-06-11T00:00:00,31.731,74.264,30.7,49,0.0,30.0,13.8,0.1,1963.77
2026-06-11T01:00:00,31.731,74.264,31.0,48,6.0,30.0,13.8,0.12,1962.14
2026-06-11T02:00:00,31.731,74.264,32.9,45,61.0,30.0,13.8,0.19,1965.73
2026-06-11T03:00:00,31.731,74.264,35.4,40,164.0,30.0,13.700000000000001,0.3,1966.37
2026-06-11T04:00:00,31.731,74.264,36.7,37,122.0,30.0,13.700000000000001,0.31,1968.59
2026-06-11T05:00:00,31.731,74.264,39.2,31,367.0,30.0,13.600000000000001,0.6,1965.56
2026-06-11T06:00:00,31.731,74.264,40.5,24,557.0,30.0,14.299999999999999,0.67,1973.77
2026-06-11T07:00:00,31.731,74.264,41.8,21,622.0,30.0,14.2,0.76,1966.16
2026-06-11T08:00:00,31.731,74.264,42.0,20,538.0,30.0,14.099999999999998,0.74,1970.77
2026-06-11T09:00:00,31.731,74.264,41.6,19,497.0,30.0,13.900000000000002,0.75,1968.57
2026-06-11T10:00:00,31.731,74.264,41.0,21,217.0,30.0,13.8,0.47,1966.71
2026-06-11T11:00:00,31.731,74.264,41.4,20,304.0,30.0,13.700000000000001,0.44,1974.07
2026-06-11T12:00:00,31.731,74.264,41.0,17,140.0,30.0,13.3,0.49,1962.0
2026-06-11T13:00:00,31.731,74.264,37.9,28,59.0,30.0,13.200000000000001,0.46,1966.31
2026-06-11T14:00:00,31.731,74.264,35.0,38,7.0,30.0,13.200000000000001,0.33,1979.91
2026-06-11T15:00:00,31.731,74.264,33.6,39,0.0,30.0,13.200000000000001,0.3,1970.07
2026-06-11T16:00:00,31.731,74.264,32.1,45,0.0,30.0,13.200000000000001,0.21,1964.31
2026-06-11T17:00:00,31.731,74.264,30.5,56,0.0,30.0,13.200000000000001,0.14,1973.86
2026-06-11T18:00:00,31.731,74.264,27.0,68,0.0,30.0,13.100000000000001,0.05,1969.01
2026-06-11T19:00:00,31.731,74.264,26.7,70,0.0,30.0,13.100000000000001,0.08,1961.41
2026-06-11T20:00:00,31.731,74.264,26.4,70,0.0,30.0,13.100000000000001,0.08,1970.32
2026-06-11T21:00:00,31.731,74.264,26.0,70,0.0,30.0,13.100000000000001,0.07,1966.32
2026-06-11T22:00:00,31.731,74.264,25.6,72,0.0,30.0,13.100000000000001,0.05,1969.06
2026-06-11T23:00:00,31.731,74.264,25.5,72,0.0,30.0,13.100000000000001,0.05,1966.23
2026-06-12T00:00:00,31.731,74.264,26.2,67,0.0,30.0,15.299999999999999,0.09,1961.47
2026-06-12T01:00:00,31.731,74.264,26.1,68,5.0,30.0,15.299999999999999,0.1,1966.04
2026-06-12T02:00:00,31.731,74.264,26.9,68,55.0,30.0,15.299999999999999,0.17,1973.27
2026-06-12T03:00:00,31.731,74.264,28.5,64,164.0,30.0,15.2,0.29,1971.96
2026-06-12T04:00:00,31.731,74.264,30.1,59,292.0,30.0,15.2,0.43,1965.07
2026-06-12T05:00:00,31.731,74.264,31.9,53,415.0,30.0,15.1,0.55,1976.32
2026-06-12T06:00:00,31.731,74.264,33.7,44,385.0,30.0,16.7,0.61,1967.24
2026-06-12T07:00:00,31.731,74.264,30.1,56,387.0,30.0,19.5,0.54,1961.73
2026-06-12T08:00:00,31.731,74.264,31.8,50,167.0,30.0,19.8,0.49,1976.48
2026-06-12T09:00:00,31.731,74.264,32.8,45,541.0,30.0,19.7,0.68,1976.45
2026-06-12T10:00:00,31.731,74.264,33.1,44,361.0,30.0,19.5,0.57,1975.96
2026-06-12T11:00:00,31.731,74.264,33.2,44,317.0,30.0,19.400000000000002,0.51,1965.19
2026-06-12T12:00:00,31.731,74.264,33.6,44,184.0,30.0,18.2,0.4,1970.93
2026-06-12T13:00:00,31.731,74.264,32.9,47,58.0,30.0,18.2,0.24,1968.21
2026-06-12T14:00:00,31.731,74.264,31.6,52,7.0,30.0,18.099999999999998,0.11,1967.07
2026-06-12T15:00:00,31.731,74.264,30.6,55,0.0,30.0,18.099999999999998,0.08,1967.7
2026-06-12T16:00:00,31.731,74.264,30.3,55,0.0,30.0,18.099999999999998,0.08,1959.16
2026-06-12T17:00:00,31.731,74.264,30.2,54,0.0,30.0,18.0,0.1,1968.81
2026-06-12T18:00:00,31.731,74.264,24.9,79,0.0,30.0,22.8,0.05,1971.93
2026-06-12T19:00:00,31.731,74.264,25.0,81,0.0,30.0,22.8,0.06,1976.97
2026-06-12T20:00:00,31.731,74.264,25.3,79,0.0,30.0,22.8,0.0,1965.01
2026-06-12T21:00:00,31.731,74.264,25.7,75,0.0,30.0,22.8,0.02,1970.12
2026-06-12T22:00:00,31.731,74.264,22.0,88,0.0,30.0,25.8,0.0,1971.99
2026-06-12T23:00:00,31.731,74.264,22.2,92,0.0,30.0,36.5,0.0,1972.2
2026-06-13T00:00:00,31.731,74.264,22.2,86,0.0,30.0,46.2,0.04,1962.55
2026-06-13T01:00:00,31.731,74.264,22.5,88,2.0,30.0,39.900000000000006,0.04,1964.19
2026-06-13T02:00:00,31.731,74.264,22.8,93,9.0,30.0,39.1,0.06,1969.73
2026-06-13T03:00:00,31.731,74.264,25.2,80,96.0,30.0,38.3,0.19,1969.06
2026-06-13T04:00:00,31.731,74.264,27.5,69,238.0,30.0,37.5,0.34,1965.78
2026-06-13T05:00:00,31.731,74.264,29.1,63,397.0,30.0,36.8,0.48,1970.4
2026-06-13T06:00:00,31.731,74.264,30.1,60,509.0,30.0,34.4,0.58,1967.95
2026-06-13T07:00:00,31.731,74.264,30.8,56,435.0,30.0,34.1,0.58,1972.26
2026-06-13T08:00:00,31.731,74.264,30.9,55,441.0,30.0,33.900000000000006,0.58,1967.84
2026-06-13T09:00:00,31.731,74.264,30.4,57,365.0,30.0,34.0,0.53,1972.55
2026-06-13T10:00:00,31.731,74.264,31.2,53,288.0,30.0,34.1,0.47,1961.58
2026-06-13T11:00:00,31.731,74.264,31.6,49,271.0,30.0,33.7,0.44,1965.19
2026-06-13T12:00:00,31.731,74.264,32.0,40,161.0,30.0,36.199999999999996,0.37,1966.33
2026-06-13T13:00:00,31.731,74.264,30.6,46,68.0,30.0,35.699999999999996,0.25,1957.67
2026-06-13T14:00:00,31.731,74.264,28.7,56,8.0,30.0,35.4,0.12,1966.99
2026-06-13T15:00:00,31.731,74.264,27.1,63,0.0,30.0,35.099999999999994,0.07,1967.9
2026-06-13T16:00:00,31.731,74.264,26.2,68,0.0,30.0,34.9,0.03,1964.67
2026-06-13T17:00:00,31.731,74.264,25.5,74,0.0,30.0,34.699999999999996,0.0,1972.69
2026-06-13T18:00:00,31.731,74.264,26.0,67,0.0,30.0,33.0,0.02,1966.43
2026-06-13T19:00:00,31.731,74.264,25.6,72,0.0,30.0,32.9,0.0,1970.41
2026-06-13T20:00:00,31.731,74.264,24.8,74,0.0,30.0,32.800000000000004,0.0,1969.19
2026-06-13T21:00:00,31.731,74.264,24.3,77,0.0,30.0,32.7,0.0,1968.57
2026-06-13T22:00:00,31.731,74.264,23.8,80,0.0,30.0,32.6,0.0,1975.63
2026-06-13T23:00:00,31.731,74.264,23.3,84,0.0,30.0,32.5,0.0,1970.71
2026-06-14T00:00:00,31.731,74.264,24.1,82,0.0,30.0,32.800000000000004,0.0,1967.92
2026-06-14T01:00:00,31.731,74.264,25.1,77,5.0,30.0,32.7,0.03,1969.74
2026-06-14T02:00:00,31.731,74.264,27.7,62,59.0,30.0,32.6,0.11,1957.43
2026-06-14T03:00:00,31.731,74.264,30.2,43,177.0,30.0,32.4,0.26,1968.24
2026-06-14T04:00:00,31.731,74.264,31.6,39,316.0,30.0,32.1,0.42,1959.17
2026-06-14T05:00:00,31.731,74.264,32.9,38,445.0,30.0,31.8,0.54,1960.36
2026-06-14T06:00:00,31.731,74.264,33.9,35,541.0,30.0,31.8,0.61,1959.63
2026-06-14T07:00:00,31.731,74.264,35.1,33,600.0,30.0,31.4,0.66,1964.57
2026-06-14T08:00:00,31.731,74.264,35.8,31,605.0,30.0,31.0,0.67,1975.29
2026-06-14T09:00:00,31.731,74.264,36.1,31,558.0,30.0,30.599999999999998,0.63,1964.59
2026-06-14T10:00:00,31.731,74.264,36.3,30,464.0,30.0,30.3,0.55,1972.56
2026-06-14T11:00:00,31.731,74.264,36.1,29,338.0,30.0,30.099999999999998,0.44,1966.64
2026-06-14T12:00:00,31.731,74.264,35.6,30,193.0,30.0,28.599999999999998,0.32,1968.15
2026-06-14T13:00:00,31.731,74.264,34.0,39,75.0,30.0,28.499999999999996,0.17,1967.42
2026-06-14T14:00:00,31.731,74.264,31.6,44,9.0,30.0,28.4,0.1,1967.79
2026-06-14T15:00:00,31.731,74.264,30.3,45,0.0,30.0,28.299999999999997,0.1,1962.92
2026-06-14T16:00:00,31.731,74.264,29.4,47,0.0,30.0,28.299999999999997,0.05,1966.31
2026-06-14T17:00:00,31.731,74.264,28.8,50,0.0,30.0,28.299999999999997,0.04,1966.68
2026-06-14T18:00:00,31.731,74.264,28.6,54,0.0,30.0,28.000000000000004,0.04,1966.51
2026-06-14T19:00:00,31.731,74.264,28.2,55,0.0,30.0,27.900000000000002,0.05,1972.87
2026-06-14T20:00:00,31.731,74.264,27.7,57,0.0,30.0,27.900000000000002,0.04,1967.09
2026-06-14T21:00:00,31.731,74.264,27.4,60,0.0,30.0,27.900000000000002,0.01,1970.93
2026-06-14T22:00:00,31.731,74.264,27.3,60,0.0,30.0,27.900000000000002,0.0,1975.21
2026-06-14T23:00:00,31.731,74.264,26.9,62,0.0,30.0,27.900000000000002,0.0,1969.47
2026-06-15T00:00:00,31.731,74.264,27.4,69,0.0,30.0,29.2,0.03,1977.46
2026-06-15T01:00:00,31.731,74.264,28.2,64,6.0,30.0,29.099999999999998,0.08,1972.27
2026-06-15T02:00:00,31.731,74.264,30.3,58,61.0,30.0,28.999999999999996,0.15,1962.3
2026-06-15T03:00:00,31.731,74.264,29.5,53,155.0,30.0,28.9,0.33,1972.18
2026-06-15T04:00:00,31.731,74.264,31.3,48,290.0,30.0,28.7,0.44,1976.26
2026-06-15T05:00:00,31.731,74.264,32.4,47,406.0,30.0,28.499999999999996,0.56,1963.48
2026-06-15T06:00:00,31.731,74.264,34.8,40,492.0,30.0,27.800000000000004,0.65,1960.27
2026-06-15T07:00:00,31.731,74.264,34.4,41,495.0,30.0,27.500000000000004,0.66,1969.02
2026-06-15T08:00:00,31.731,74.264,34.7,39,408.0,30.0,27.400000000000002,0.59,1964.3
2026-06-15T09:00:00,31.731,74.264,35.3,36,332.0,30.0,27.200000000000003,0.52,1963.0
2026-06-15T10:00:00,31.731,74.264,35.9,35,358.0,30.0,26.900000000000002,0.52,1971.49
2026-06-15T11:00:00,31.731,74.264,35.9,33,308.0,30.0,26.700000000000003,0.46,1964.18
2026-06-15T12:00:00,31.731,74.264,36.1,33,111.0,30.0,30.7,0.27,1975.24
2026-06-15T13:00:00,31.731,74.264,34.2,41,72.0,30.0,30.5,0.25,1970.32
2026-06-15T14:00:00,31.731,74.264,32.4,44,8.0,30.0,30.4,0.15,1962.85
2026-06-15T15:00:00,31.731,74.264,31.5,48,0.0,30.0,30.4,0.14,1965.63
2026-06-15T16:00:00,31.731,74.264,30.6,53,0.0,30.0,30.3,0.07,1961.04
2026-06-15T17:00:00,31.731,74.264,29.6,58,0.0,30.0,30.2,0.07,1966.16
2026-06-15T18:00:00,31.731,74.264,29.6,60,0.0,30.0,30.2,0.06,1959.63
2026-06-15T19:00:00,31.731,74.264,28.9,61,0.0,30.0,30.099999999999998,0.05,1972.56
2026-06-15T20:00:00,31.731,74.264,28.5,62,0.0,30.0,30.099999999999998,0.04,1978.15
2026-06-15T21:00:00,31.731,74.264,27.9,64,0.0,30.0,30.0,0.03,1968.12
2026-06-15T22:00:00,31.731,74.264,27.3,66,0.0,30.0,30.0,0.02,1974.8
2026-06-15T23:00:00,31.731,74.264,27.0,67,0.0,30.0,29.9,0.05,1966.37
2026-06-16T00:00:00,31.731,74.264,26.3,72,0.0,30.0,29.7,0.1,1972.67
2026-06-16T01:00:00,31.731,74.264,22.9,88,2.0,30.0,30.0,0.03,1967.57
2026-06-16T02:00:00,31.731,74.264,23.6,92,1.0,30.0,33.800000000000004,0.04,1961.56
2026-06-16T03:00:00,31.731,74.264,24.4,91,3.0,30.0,34.1,0.08,1974.01
2026-06-16T04:00:00,31.731,74.264,26.0,83,22.0,30.0,34.5,0.16,1980.87
2026-06-16T05:00:00,31.731,74.264,30.5,56,229.0,30.0,34.2,0.45,1965.47
2026-06-16T06:00:00,31.731,74.264,32.4,42,472.0,30.0,38.5,0.63,1968.37
2026-06-16T07:00:00,31.731,74.264,32.4,43,362.0,30.0,37.6,0.59,1968.75
2026-06-16T08:00:00,31.731,74.264,33.4,41,556.0,30.0,36.8,0.68,1960.02
2026-06-16T09:00:00,31.731,74.264,33.9,41,520.0,30.0,36.199999999999996,0.65,1968.32
2026-06-16T10:00:00,31.731,74.264,34.1,42,440.0,30.0,35.6,0.55,1969.97
2026-06-16T11:00:00,31.731,74.264,34.0,42,222.0,30.0,35.199999999999996,0.38,1969.56
2026-06-16T12:00:00,31.731,74.264,35.0,36,128.0,30.0,30.599999999999998,0.25,1969.52
2026-06-16T13:00:00,31.731,74.264,33.6,45,70.0,30.0,30.5,0.16,1960.85
2026-06-16T14:00:00,31.731,74.264,31.5,55,8.0,30.0,30.4,0.07,1967.23
2026-06-16T15:00:00,31.731,74.264,30.3,59,0.0,30.0,30.4,0.05,1966.21
2026-06-16T16:00:00,31.731,74.264,29.5,64,0.0,30.0,30.3,0.02,1969.26
2026-06-16T17:00:00,31.731,74.264,29.3,67,0.0,30.0,30.3,0.0,1970.46
2026-06-16T18:00:00,31.731,74.264,29.6,67,0.0,30.0,29.9,0.0,1973.0
2026-06-16T19:00:00,31.731,74.264,28.7,70,0.0,30.0,29.9,0.0,1965.56
2026-06-16T20:00:00,31.731,74.264,28.2,73,0.0,30.0,29.9,0.0,1961.15
2026-06-16T21:00:00,31.731,74.264,27.5,75,0.0,30.0,29.799999999999997,0.0,1967.38
2026-06-16T22:00:00,31.731,74.264,27.1,76,0.0,30.0,29.799999999999997,0.02,1970.46
2026-06-16T23:00:00,31.731,74.264,26.7,77,0.0,30.0,29.799999999999997,0.01,1971.48
2026-06-17T00:00:00,31.731,74.264,27.4,79,0.0,30.0,29.799999999999997,0.01,1967.75
2026-06-17T01:00:00,31.731,74.264,27.7,79,5.0,30.0,29.799999999999997,0.04,1970.57
2026-06-17T02:00:00,31.731,74.264,29.4,72,53.0,30.0,29.7,0.12,1963.33
2026-06-17T03:00:00,31.731,74.264,31.5,62,164.0,30.0,29.599999999999998,0.25,1967.78
2026-06-17T04:00:00,31.731,74.264,33.2,54,298.0,30.0,29.4,0.4,1963.58
2026-06-17T05:00:00,31.731,74.264,34.5,47,424.0,30.0,29.2,0.54,1964.59
2026-06-17T06:00:00,31.731,74.264,35.4,38,492.0,30.0,29.4,0.61,1962.94
2026-06-17T07:00:00,31.731,74.264,35.8,37,463.0,30.0,29.2,0.63,1964.12
2026-06-17T08:00:00,31.731,74.264,36.0,37,508.0,30.0,28.9,0.66,1968.84
2026-06-17T09:00:00,31.731,74.264,36.2,38,477.0,30.0,28.599999999999998,0.63,1970.64
2026-06-17T10:00:00,31.731,74.264,36.2,38,423.0,30.0,28.299999999999997,0.57,1966.12
2026-06-17T11:00:00,31.731,74.264,36.0,38,320.0,30.0,28.1,0.46,1964.79
2026-06-17T12:00:00,31.731,74.264,37.1,34,183.0,30.0,29.4,0.3,1966.65
2026-06-17T13:00:00,31.731,74.264,35.4,45,66.0,30.0,29.299999999999997,0.17,1970.1
2026-06-17T14:00:00,31.731,74.264,33.0,53,8.0,30.0,29.2,0.07,1972.49
2026-06-17T15:00:00,31.731,74.264,31.9,57,0.0,30.0,29.2,0.06,1968.0
2026-06-17T16:00:00,31.731,74.264,31.0,60,0.0,30.0,29.2,0.03,1966.68
2026-06-17T17:00:00,31.731,74.264,30.4,61,0.0,30.0,29.099999999999998,0.03,1970.53
2026-06-17T18:00:00,31.731,74.264,30.7,52,0.0,30.0,28.299999999999997,0.04,1965.77
2026-06-17T19:00:00,31.731,74.264,29.7,57,0.0,30.0,28.299999999999997,0.03,1965.5
2026-06-17T20:00:00,31.731,74.264,29.0,59,0.0,30.0,28.199999999999996,0.03,1970.71
2026-06-17T21:00:00,31.731,74.264,28.4,62,0.0,30.0,28.199999999999996,0.03,1960.76
2026-06-17T22:00:00,31.731,74.264,28.1,61,0.0,30.0,28.199999999999996,0.04,1971.33
2026-06-17T23:00:00,31.731,74.264,27.5,62,0.0,30.0,28.1,0.03,1970.95
2026-06-18T00:00:00,31.731,74.264,27.4,66,0.0,30.0,24.3,0.02,1971.81
2026-06-18T01:00:00,31.731,74.264,27.6,66,2.0,30.0,24.3,0.06,1977.86
2026-06-18T02:00:00,31.731,74.264,29.5,59,46.0,30.0,24.3,0.13,1976.44
2026-06-18T03:00:00,31.731,74.264,31.5,52,154.0,30.0,24.2,0.26,1959.78
2026-06-18T04:00:00,31.731,74.264,33.3,46,298.0,30.0,24.0,0.39,1973.99
2026-06-18T05:00:00,31.731,74.264,34.8,41,426.0,30.0,23.9,0.53,1966.37
2026-06-18T06:00:00,31.731,74.264,35.6,37,504.0,30.0,24.5,0.61,1967.62
2026-06-18T07:00:00,31.731,74.264,36.7,35,580.0,30.0,24.2,0.68,1969.22
2026-06-18T08:00:00,31.731,74.264,37.4,32,594.0,30.0,24.0,0.7,1979.77
2026-06-18T09:00:00,31.731,74.264,37.7,28,468.0,30.0,23.799999999999997,0.61,1962.0
2026-06-18T10:00:00,31.731,74.264,37.4,30,353.0,30.0,23.599999999999998,0.54,1963.36
2026-06-18T11:00:00,31.731,74.264,37.1,30,294.0,30.0,23.599999999999998,0.44,1972.12
2026-06-18T12:00:00,31.731,74.264,37.4,29,163.0,30.0,23.1,0.32,1967.93
2026-06-18T13:00:00,31.731,74.264,35.8,39,74.0,30.0,23.0,0.18,1970.6
2026-06-18T14:00:00,31.731,74.264,33.2,51,8.0,30.0,23.0,0.06,1968.62
2026-06-18T15:00:00,31.731,74.264,31.9,50,0.0,30.0,23.0,0.12,1968.51
2026-06-18T16:00:00,31.731,74.264,31.4,49,0.0,30.0,23.0,0.07,1974.89
2026-06-18T17:00:00,31.731,74.264,30.6,53,0.0,30.0,23.0,0.04,1976.19
2026-06-18T18:00:00,31.731,74.264,30.1,54,0.0,30.0,23.599999999999998,0.13,1973.52
2026-06-18T19:00:00,31.731,74.264,29.4,55,0.0,30.0,23.599999999999998,0.08,1972.8
2026-06-18T20:00:00,31.731,74.264,28.6,58,0.0,30.0,23.599999999999998,0.05,1967.42
2026-06-18T21:00:00,31.731,74.264,28.5,62,0.0,30.0,23.599999999999998,0.0,1969.6
2026-06-18T22:00:00,31.731,74.264,28.0,63,0.0,30.0,23.599999999999998,0.01,1967.76
2026-06-18T23:00:00,31.731,74.264,27.6,64,0.0,30.0,23.599999999999998,0.02,1968.41
2026-06-19T00:00:00,31.731,74.264,26.5,72,0.0,30.0,25.3,0.03,1972.6
2026-06-19T01:00:00,31.731,74.264,26.9,69,4.0,30.0,25.3,0.06,1965.51
2026-06-19T02:00:00,31.731,74.264,28.2,64,24.0,30.0,25.3,0.1,1973.59
2026-06-19T03:00:00,31.731,74.264,28.9,64,120.0,30.0,25.5,0.27,1974.83
2026-06-19T04:00:00,31.731,74.264,28.8,64,62.0,30.0,25.7,0.23,1970.49
2026-06-19T05:00:00,31.731,74.264,30.7,57,234.0,30.0,25.6,0.39,1966.96
2026-06-19T06:00:00,31.731,74.264,32.5,49,455.0,30.0,28.4,0.58,1959.9
2026-06-19T07:00:00,31.731,74.264,34.2,41,561.0,30.0,28.1,0.66,1970.48
2026-06-19T08:00:00,31.731,74.264,35.2,38,560.0,30.0,27.800000000000004,0.67,1976.85
2026-06-19T09:00:00,31.731,74.264,35.6,36,521.0,30.0,27.500000000000004,0.63,1975.95
2026-06-19T10:00:00,31.731,74.264,35.5,37,404.0,30.0,27.200000000000003,0.53,1971.35
2026-06-19T11:00:00,31.731,74.264,33.8,49,263.0,30.0,27.900000000000002,0.39,1968.24
2026-06-19T12:00:00,31.731,74.264,32.0,51,167.0,30.0,26.8,0.29,1971.2
2026-06-19T13:00:00,31.731,74.264,31.7,53,64.0,30.0,26.700000000000003,0.17,1969.67
2026-06-19T14:00:00,31.731,74.264,30.3,60,8.0,30.0,26.6,0.05,1963.32
2026-06-19T15:00:00,31.731,74.264,29.1,67,0.0,30.0,26.6,0.03,1965.63
2026-06-19T16:00:00,31.731,74.264,28.8,69,0.0,30.0,26.6,0.01,1962.82
2026-06-19T17:00:00,31.731,74.264,28.6,72,0.0,30.0,26.6,0.01,1973.19
2026-06-19T18:00:00,31.731,74.264,28.4,68,0.0,30.0,25.1,0.02,1967.41
2026-06-19T19:00:00,31.731,74.264,27.7,72,0.0,30.0,25.1,0.01,1963.67
2026-06-19T20:00:00,31.731,74.264,27.3,72,0.0,30.0,25.1,0.02,1970.52
2026-06-19T21:00:00,31.731,74.264,26.9,73,0.0,30.0,25.1,0.02,1964.02
2026-06-19T22:00:00,31.731,74.264,26.5,73,0.0,30.0,25.1,0.02,1968.15
2026-06-19T23:00:00,31.731,74.264,26.4,72,0.0,30.0,25.1,0.01,1970.69
2026-06-20T00:00:00,31.731,74.264,26.9,74,0.0,30.0,24.0,0.0,1968.8
2026-06-20T01:00:00,31.731,74.264,27.5,68,5.0,30.0,24.0,0.03,1968.71
2026-06-20T02:00:00,31.731,74.264,29.4,61,53.0,30.0,24.0,0.12,1969.04
2026-06-20T03:00:00,31.731,74.264,31.4,52,168.0,30.0,23.9,0.27,1972.8
2026-06-20T04:00:00,31.731,74.264,32.9,48,303.0,30.0,23.799999999999997,0.41,1968.03
2026-06-20T05:00:00,31.731,74.264,34.5,43,428.0,30.0,23.599999999999998,0.55,1979.15
2026-06-20T06:00:00,31.731,74.264,35.2,39,526.0,30.0,24.2,0.67,1964.69
2026-06-20T07:00:00,31.731,74.264,36.0,36,585.0,30.0,23.9,0.71,1965.77
2026-06-20T08:00:00,31.731,74.264,36.7,34,566.0,30.0,23.7,0.71,1961.15
2026-06-20T09:00:00,31.731,74.264,37.0,33,492.0,30.0,23.400000000000002,0.67,1977.93
2026-06-20T10:00:00,31.731,74.264,36.8,32,326.0,30.0,23.200000000000003,0.53,1973.81
2026-06-20T11:00:00,31.731,74.264,36.8,31,312.0,30.0,23.0,0.46,1965.04
2026-06-20T12:00:00,31.731,74.264,37.1,29,199.0,30.0,22.900000000000002,0.36,1971.36
2026-06-20T13:00:00,31.731,74.264,35.2,39,59.0,30.0,22.8,0.2,1969.2
2026-06-20T14:00:00,31.731,74.264,32.7,46,7.0,30.0,22.8,0.11,1961.38
2026-06-20T15:00:00,31.731,74.264,31.1,48,0.0,30.0,22.8,0.08,1967.67
2026-06-20T16:00:00,31.731,74.264,30.0,52,0.0,30.0,22.8,0.04,1971.92
2026-06-20T17:00:00,31.731,74.264,29.4,54,0.0,30.0,22.7,0.05,1960.13
2026-06-20T18:00:00,31.731,74.264,29.7,54,0.0,30.0,22.400000000000002,0.05,1953.34
2026-06-20T19:00:00,31.731,74.264,29.3,56,0.0,30.0,22.400000000000002,0.06,1968.65
2026-06-20T20:00:00,31.731,74.264,28.6,60,0.0,30.0,22.400000000000002,0.06,1973.61
2026-06-20T21:00:00,31.731,74.264,28.1,65,0.0,30.0,22.400000000000002,0.04,1970.59
2026-06-20T22:00:00,31.731,74.264,27.8,68,0.0,30.0,22.400000000000002,0.03,1968.05
2026-06-20T23:00:00,31.731,74.264,27.4,70,0.0,30.0,22.400000000000002,0.02,1963.55
2026-06-21T00:00:00,31.731,74.264,27.9,74,0.0,30.0,19.0,0.0,1970.6
2026-06-21T01:00:00,31.731,74.264,28.2,71,5.0,30.0,19.0,0.03,1971.57
2026-06-21T02:00:00,31.731,74.264,30.4,64,56.0,30.0,19.0,0.11,1972.83
2026-06-21T03:00:00,31.731,74.264,32.7,54,169.0,30.0,19.0,0.26,1965.28
2026-06-21T04:00:00,31.731,74.264,34.4,47,300.0,30.0,18.9,0.44,1964.49
2026-06-21T05:00:00,31.731,74.264,34.1,46,169.0,30.0,18.8,0.44,1975.1
2026-06-21T06:00:00,31.731,74.264,37.0,32,118.0,30.0,18.8,0.42,1974.6
2026-06-21T07:00:00,31.731,74.264,37.2,30,317.0,30.0,18.6,0.54,1967.17
2026-06-21T08:00:00,31.731,74.264,37.7,30,514.0,30.0,18.4,0.71,1959.3
2026-06-21T09:00:00,31.731,74.264,36.6,31,267.0,30.0,18.2,0.57,1971.44
2026-06-21T10:00:00,31.731,74.264,36.7,30,295.0,30.0,18.099999999999998,0.52,1968.61
2026-06-21T11:00:00,31.731,74.264,37.0,30,307.0,30.0,17.9,0.5,1969.9
2026-06-21T12:00:00,31.731,74.264,33.0,45,160.0,30.0,18.7,0.37,1971.45
2026-06-21T13:00:00,31.731,74.264,31.9,52,21.0,30.0,18.8,0.09,1958.99
2026-06-21T14:00:00,31.731,74.264,30.8,58,6.0,30.0,18.8,0.08,1971.75
2026-06-21T15:00:00,31.731,74.264,29.7,61,0.0,30.0,18.8,0.06,1970.45
2026-06-21T16:00:00,31.731,74.264,29.7,60,0.0,30.0,18.8,0.02,1965.41
2026-06-21T17:00:00,31.731,74.264,29.2,62,0.0,30.0,18.8,0.02,1972.13
2026-06-21T18:00:00,31.731,74.264,27.2,59,0.0,30.0,19.3,0.1,1971.63
2026-06-21T19:00:00,31.731,74.264,27.2,60,0.0,30.0,19.3,0.09,1971.22
2026-06-21T20:00:00,31.731,74.264,27.0,62,0.0,30.0,19.3,0.07,1967.68
2026-06-21T21:00:00,31.731,74.264,26.8,65,0.0,30.0,19.3,0.01,1962.13
2026-06-21T22:00:00,31.731,74.264,26.5,65,0.0,30.0,19.3,0.07,1975.67
2026-06-21T23:00:00,31.731,74.264,26.1,64,0.0,30.0,19.3,0.06,1960.18
2026-06-22T00:00:00,31.731,74.264,25.2,75,0.0,30.0,19.6,0.01,1968.54
2026-06-22T01:00:00,31.731,74.264,25.5,74,4.0,30.0,19.6,0.04,1972.12
2026-06-22T02:00:00,31.731,74.264,26.7,69,34.0,30.0,19.6,0.1,1967.21
2026-06-22T03:00:00,31.731,74.264,28.5,62,119.0,30.0,19.6,0.25,1967.62
2026-06-22T04:00:00,31.731,74.264,30.3,55,169.0,30.0,19.5,0.33,1969.38
2026-06-22T05:00:00,31.731,74.264,31.9,50,323.0,30.0,19.400000000000002,0.47,1972.13
2026-06-22T06:00:00,31.731,74.264,33.1,47,488.0,30.0,19.6,0.6,1969.24
2026-06-22T07:00:00,31.731,74.264,33.5,41,507.0,30.0,19.5,0.65,1964.83
2026-06-22T08:00:00,31.731,74.264,33.9,41,435.0,30.0,19.5,0.6,1964.63
2026-06-22T09:00:00,31.731,74.264,33.9,40,443.0,30.0,19.400000000000002,0.56,1969.02
2026-06-22T10:00:00,31.731,74.264,34.1,39,343.0,30.0,19.3,0.51,1963.44
2026-06-22T11:00:00,31.731,74.264,34.1,40,197.0,30.0,19.1,0.39,1977.46
2026-06-22T12:00:00,31.731,74.264,34.9,33,132.0,30.0,19.2,0.32,1967.85
2026-06-22T13:00:00,31.731,74.264,33.6,39,65.0,30.0,19.1,0.21,1966.07
2026-06-22T14:00:00,31.731,74.264,31.7,47,9.0,30.0,19.1,0.1,1970.09
2026-06-22T15:00:00,31.731,74.264,30.3,52,0.0,30.0,19.1,0.06,1973.38
2026-06-22T16:00:00,31.731,74.264,29.8,54,0.0,30.0,19.1,0.05,1965.84
2026-06-22T17:00:00,31.731,74.264,29.1,59,0.0,30.0,19.1,0.01,1959.12
2026-06-22T18:00:00,31.731,74.264,29.0,61,0.0,30.0,19.3,0.02,1971.31
2026-06-22T19:00:00,31.731,74.264,28.2,65,0.0,30.0,19.3,0.01,1969.03
2026-06-22T20:00:00,31.731,74.264,27.6,67,0.0,30.0,19.3,0.02,1977.28
2026-06-22T21:00:00,31.731,74.264,27.2,71,0.0,30.0,19.3,0.01,1966.05
2026-06-22T22:00:00,31.731,74.264,27.4,70,0.0,30.0,19.3,0.0,1976.3
2026-06-22T23:00:00,31.731,74.264,27.2,69,0.0,30.0,19.3,0.0,1965.48
2026-06-23T00:00:00,31.731,74.264,27.1,74,0.0,30.0,20.599999999999998,0.01,1966.97
2026-06-23T01:00:00,31.731,74.264,27.6,72,5.0,30.0,20.599999999999998,0.05,1974.64
2026-06-23T02:00:00,31.731,74.264,29.6,65,57.0,30.0,20.5,0.13,1966.33
2026-06-23T03:00:00,31.731,74.264,32.0,51,172.0,30.0,20.5,0.27,1971.11
2026-06-23T04:00:00,31.731,74.264,33.9,41,310.0,30.0,20.3,0.43,1968.07
2026-06-23T05:00:00,31.731,74.264,35.3,37,436.0,30.0,20.200000000000003,0.55,1958.99
2026-06-23T06:00:00,31.731,74.264,34.5,39,525.0,30.0,19.8,0.67,1955.95
2026-06-23T07:00:00,31.731,74.264,34.6,41,419.0,30.0,19.900000000000002,0.62,1970.02
2026-06-23T08:00:00,31.731,74.264,35.8,35,453.0,30.0,19.8,0.63,1966.02
2026-06-23T09:00:00,31.731,74.264,36.2,34,513.0,30.0,19.6,0.66,1963.1
2026-06-23T10:00:00,31.731,74.264,36.3,34,445.0,30.0,19.400000000000002,0.59,1967.24
2026-06-23T11:00:00,31.731,74.264,36.0,34,246.0,30.0,19.2,0.44,1975.0
2026-06-23T12:00:00,31.731,74.264,35.5,36,193.0,30.0,18.5,0.38,1969.32
2026-06-23T13:00:00,31.731,74.264,34.7,40,76.0,30.0,18.4,0.25,1971.74
2026-06-23T14:00:00,31.731,74.264,33.1,44,9.0,30.0,18.4,0.13,1965.04
2026-06-23T15:00:00,31.731,74.264,32.2,46,0.0,30.0,18.4,0.13,1968.92
2026-06-23T16:00:00,31.731,74.264,31.4,48,0.0,30.0,18.4,0.08,1971.72
2026-06-23T17:00:00,31.731,74.264,30.5,51,0.0,30.0,18.3,0.06,1963.76
2026-06-23T18:00:00,31.731,74.264,31.1,51,0.0,30.0,17.9,0.05,1980.03
2026-06-23T19:00:00,31.731,74.264,30.8,51,0.0,30.0,17.9,0.07,1965.07
2026-06-23T20:00:00,31.731,74.264,30.4,54,0.0,30.0,17.9,0.08,1975.2
2026-06-23T21:00:00,31.731,74.264,29.2,59,0.0,30.0,17.9,0.03,1966.55
2026-06-23T22:00:00,31.731,74.264,26.7,74,0.0,30.0,18.2,0.03,1967.47
2026-06-23T23:00:00,31.731,74.264,26.7,70,0.0,30.0,18.4,0.06,1970.78
2026-06-24T00:00:00,31.731,74.264,28.4,67,0.0,30.0,16.1,0.06,1968.9
2026-06-24T01:00:00,31.731,74.264,25.7,78,2.0,30.0,16.400000000000002,0.06,1967.26
2026-06-24T02:00:00,31.731,74.264,28.4,73,44.0,30.0,16.5,0.12,1973.54
2026-06-24T03:00:00,31.731,74.264,31.9,57,170.0,30.0,16.5,0.25,1961.23
2026-06-24T04:00:00,31.731,74.264,34.7,44,309.0,30.0,16.400000000000002,0.4,1966.8
2026-06-24T05:00:00,31.731,74.264,36.5,35,440.0,30.0,16.3,0.54,1971.63
2026-06-24T06:00:00,31.731,74.264,36.8,34,532.0,30.0,18.099999999999998,0.61,1964.05
2026-06-24T07:00:00,31.731,74.264,38.2,33,581.0,30.0,17.9,0.66,1968.4
2026-06-24T08:00:00,31.731,74.264,38.3,34,584.0,30.0,17.7,0.68,1968.34
2026-06-24T09:00:00,31.731,74.264,38.5,34,523.0,30.0,17.5,0.64,1963.5
2026-06-24T10:00:00,31.731,74.264,38.3,34,426.0,30.0,17.4,0.57,1964.26
2026-06-24T11:00:00,31.731,74.264,38.0,34,309.0,30.0,17.2,0.45,1965.78
2026-06-24T12:00:00,31.731,74.264,36.1,37,159.0,30.0,20.8,0.39,1969.39
2026-06-24T13:00:00,31.731,74.264,35.2,42,45.0,30.0,20.8,0.21,1967.7
2026-06-24T14:00:00,31.731,74.264,33.9,46,7.0,30.0,20.8,0.12,1974.2
2026-06-24T15:00:00,31.731,74.264,32.6,51,0.0,30.0,20.7,0.1,1963.8
2026-06-24T16:00:00,31.731,74.264,31.9,53,0.0,30.0,20.7,0.08,1970.71
2026-06-24T17:00:00,31.731,74.264,31.6,53,0.0,30.0,20.7,0.1,1968.97
2026-06-24T18:00:00,31.731,74.264,31.8,53,0.0,30.0,23.7,0.1,1975.9
2026-06-24T19:00:00,31.731,74.264,30.7,57,0.0,30.0,23.7,0.08,1975.39
2026-06-24T20:00:00,31.731,74.264,30.1,59,0.0,30.0,23.7,0.08,1975.11
2026-06-24T21:00:00,31.731,74.264,29.8,60,0.0,30.0,23.599999999999998,0.08,1973.28
2026-06-24T22:00:00,31.731,74.264,29.4,62,0.0,30.0,23.599999999999998,0.07,1966.03
2026-06-24T23:00:00,31.731,74.264,28.9,65,0.0,30.0,23.599999999999998,0.05,1968.85
2026-06-25T00:00:00,31.731,74.264,24.4,93,0.0,30.0,26.0,0.02,1970.29
2026-06-25T01:00:00,31.731,74.264,25.1,89,2.0,30.0,26.1,0.04,1968.92
2026-06-25T02:00:00,31.731,74.264,25.8,82,9.0,30.0,26.1,0.1,1964.53
2026-06-25T03:00:00,31.731,74.264,26.7,76,46.0,30.0,26.0,0.17,1975.56
2026-06-25T04:00:00,31.731,74.264,25.2,89,57.0,30.0,26.6,0.14,1975.63
2026-06-25T05:00:00,31.731,74.264,25.0,93,9.0,30.0,28.9,0.11,1972.48
2026-06-25T06:00:00,31.731,74.264,26.3,78,0.0,30.0,33.1,0.22,1959.71
2026-06-25T07:00:00,31.731,74.264,26.5,75,0.0,30.0,32.800000000000004,0.19,1960.69
2026-06-25T08:00:00,31.731,74.264,28.6,66,103.0,30.0,32.5,0.39,1964.53
2026-06-25T09:00:00,31.731,74.264,29.7,61,143.0,30.0,32.2,0.4,1973.69
2026-06-25T10:00:00,31.731,74.264,31.0,57,217.0,30.0,31.8,0.42,1970.21
2026-06-25T11:00:00,31.731,74.264,32.0,55,272.0,30.0,31.5,0.4,1960.95
2026-06-25T12:00:00,31.731,74.264,32.6,50,174.0,30.0,34.1,0.29,1965.77
2026-06-25T13:00:00,31.731,74.264,32.1,52,64.0,30.0,33.800000000000004,0.18,1977.27
2026-06-25T14:00:00,31.731,74.264,30.7,65,7.0,30.0,33.6,0.05,1966.75
2026-06-25T15:00:00,31.731,74.264,30.0,67,0.0,30.0,33.4,0.01,1965.25
2026-06-25T16:00:00,31.731,74.264,29.2,71,0.0,30.0,33.2,0.0,1969.04
2026-06-25T17:00:00,31.731,74.264,28.7,72,0.0,30.0,33.1,0.01,1975.56
2026-06-25T18:00:00,31.731,74.264,29.4,68,0.0,30.0,32.4,0.02,1964.66
2026-06-25T19:00:00,31.731,74.264,28.7,73,0.0,30.0,32.300000000000004,0.01,1974.09
2026-06-25T20:00:00,31.731,74.264,28.3,76,0.0,30.0,32.2,0.0,1962.7
2026-06-25T21:00:00,31.731,74.264,27.8,78,0.0,30.0,32.1,0.0,1965.89
2026-06-25T22:00:00,31.731,74.264,27.3,79,0.0,30.0,31.900000000000002,0.0,1970.44
2026-06-25T23:00:00,31.731,74.264,27.0,81,0.0,30.0,31.8,0.01,1976.75
2026-06-26T00:00:00,31.731,74.264,27.2,80,0.0,30.0,31.1,0.01,1975.06
2026-06-26T01:00:00,31.731,74.264,27.6,80,4.0,30.0,31.0,0.04,1972.21
2026-06-26T02:00:00,31.731,74.264,29.3,74,45.0,30.0,30.9,0.12,1970.12
2026-06-26T03:00:00,31.731,74.264,31.2,63,142.0,30.0,30.7,0.25,1961.93
2026-06-26T04:00:00,31.731,74.264,32.5,57,245.0,30.0,30.4,0.37,1974.59
2026-06-26T05:00:00,31.731,74.264,33.4,54,349.0,30.0,30.2,0.48,1971.14
2026-06-26T06:00:00,31.731,74.264,33.4,51,425.0,30.0,31.1,0.56,1969.05
2026-06-26T07:00:00,31.731,74.264,34.2,49,423.0,30.0,31.1,0.57,1966.95
2026-06-26T08:00:00,31.731,74.264,35.1,46,461.0,30.0,31.1,0.63,1968.1
2026-06-26T09:00:00,31.731,74.264,35.6,44,410.0,30.0,30.9,0.59,1959.18
2026-06-26T10:00:00,31.731,74.264,35.6,44,355.0,30.0,30.599999999999998,0.53,1972.16
2026-06-26T11:00:00,31.731,74.264,35.3,44,294.0,30.0,30.3,0.45,1972.89
2026-06-26T12:00:00,31.731,74.264,35.8,37,176.0,30.0,29.7,0.27,1970.34
2026-06-26T13:00:00,31.731,74.264,34.7,55,73.0,30.0,29.5,0.15,1965.17
2026-06-26T14:00:00,31.731,74.264,33.2,53,9.0,30.0,29.4,0.05,1966.84
2026-06-26T15:00:00,31.731,74.264,31.7,57,0.0,30.0,29.4,0.04,1974.88
2026-06-26T16:00:00,31.731,74.264,30.9,62,0.0,30.0,29.299999999999997,0.0,1969.28
2026-06-26T17:00:00,31.731,74.264,30.4,64,0.0,30.0,29.299999999999997,0.0,1972.54
2026-06-26T18:00:00,31.731,74.264,30.7,66,0.0,30.0,27.500000000000004,0.0,1966.18
2026-06-26T19:00:00,31.731,74.264,29.8,70,0.0,30.0,27.400000000000002,0.01,1966.06
2026-06-26T20:00:00,31.731,74.264,29.1,73,0.0,30.0,27.400000000000002,0.02,1970.37
2026-06-26T21:00:00,31.731,74.264,28.6,77,0.0,30.0,27.400000000000002,0.01,1964.46
2026-06-26T22:00:00,31.731,74.264,28.3,81,0.0,30.0,27.400000000000002,0.01,1967.05
2026-06-26T23:00:00,31.731,74.264,28.3,82,0.0,30.0,27.3,0.0,1968.81
2026-06-27T00:00:00,31.731,74.264,28.3,85,0.0,30.0,26.6,0.0,1971.36
2026-06-27T01:00:00,31.731,74.264,28.7,84,4.0,30.0,26.6,0.04,1965.6
2026-06-27T02:00:00,31.731,74.264,30.8,74,53.0,30.0,26.5,0.13,1974.68
2026-06-27T03:00:00,31.731,74.264,32.9,63,165.0,30.0,26.400000000000002,0.28,1972.86
2026-06-27T04:00:00,31.731,74.264,34.7,53,299.0,30.0,26.200000000000003,0.42,1966.28
2026-06-27T05:00:00,31.731,74.264,35.9,48,421.0,30.0,26.0,0.54,1967.08
2026-06-27T06:00:00,31.731,74.264,36.7,45,512.0,30.0,26.700000000000003,0.64,1972.52
2026-06-27T07:00:00,31.731,74.264,37.5,43,566.0,30.0,26.400000000000002,0.7,1969.12
2026-06-27T08:00:00,31.731,74.264,38.0,42,567.0,30.0,26.0,0.69,1960.66
2026-06-27T09:00:00,31.731,74.264,38.3,40,532.0,30.0,25.7,0.65,1964.68
2026-06-27T10:00:00,31.731,74.264,38.4,39,445.0,30.0,25.4,0.58,1967.85
2026-06-27T11:00:00,31.731,74.264,38.2,38,320.0,30.0,25.1,0.47,1963.82
2026-06-27T12:00:00,31.731,74.264,38.3,38,184.0,30.0,25.4,0.34,1974.37
2026-06-27T13:00:00,31.731,74.264,36.6,47,67.0,30.0,25.3,0.2,1969.47
2026-06-27T14:00:00,31.731,74.264,34.8,52,9.0,30.0,25.2,0.09,1979.21
2026-06-27T15:00:00,31.731,74.264,34.2,54,0.0,30.0,25.2,0.03,1965.77
2026-06-27T16:00:00,31.731,74.264,34.0,55,0.0,30.0,25.2,0.0,1973.77
2026-06-27T17:00:00,31.731,74.264,32.4,59,0.0,30.0,25.2,0.02,1968.88
2026-06-27T18:00:00,31.731,74.264,32.9,61,0.0,30.0,25.2,0.06,1972.46
2026-06-27T19:00:00,31.731,74.264,32.5,60,0.0,30.0,25.2,0.06,1966.75
2026-06-27T20:00:00,31.731,74.264,32.2,60,0.0,30.0,25.1,0.06,1961.28
2026-06-27T21:00:00,31.731,74.264,31.8,61,0.0,30.0,25.1,0.06,1964.58
2026-06-27T22:00:00,31.731,74.264,31.4,62,0.0,30.0,25.1,0.05,1971.18
2026-06-27T23:00:00,31.731,74.264,26.3,86,0.0,30.0,30.4,0.05,1971.87
2026-06-28T00:00:00,31.731,74.264,31.5,64,0.0,30.0,23.599999999999998,0.07,1966.01
2026-06-28T01:00:00,31.731,74.264,27.3,83,4.0,30.0,24.0,0.08,1963.68
2026-06-28T02:00:00,31.731,74.264,27.4,90,19.0,30.0,24.4,0.08,1967.06
2026-06-28T03:00:00,31.731,74.264,30.6,73,158.0,30.0,24.3,0.26,1963.14
2026-06-28T04:00:00,31.731,74.264,33.4,60,294.0,30.0,24.2,0.42,1963.67
2026-06-28T05:00:00,31.731,74.264,35.5,52,430.0,30.0,24.0,0.56,1960.05
2026-06-28T06:00:00,31.731,74.264,37.2,46,531.0,30.0,23.7,0.67,1977.16
2026-06-28T07:00:00,31.731,74.264,38.3,43,586.0,30.0,23.400000000000002,0.73,1965.06
2026-06-28T08:00:00,31.731,74.264,39.0,40,587.0,30.0,23.1,0.74,1975.27
2026-06-28T09:00:00,31.731,74.264,39.4,38,505.0,30.0,22.8,0.68,1976.57
2026-06-28T10:00:00,31.731,74.264,39.5,37,438.0,30.0,22.5,0.61,1968.43
2026-06-28T11:00:00,31.731,74.264,39.3,38,323.0,30.0,22.3,0.5,1978.89
2026-06-28T12:00:00,31.731,74.264,38.7,40,180.0,30.0,22.1,0.35,1966.08
2026-06-28T13:00:00,31.731,74.264,37.3,49,71.0,30.0,22.0,0.18,1965.86
2026-06-28T14:00:00,31.731,74.264,36.0,55,9.0,30.0,22.0,0.07,1973.06
2026-06-28T15:00:00,31.731,74.264,34.8,54,0.0,30.0,22.0,0.04,1959.89
2026-06-28T16:00:00,31.731,74.264,34.0,56,0.0,30.0,21.9,0.06,1964.9
2026-06-28T17:00:00,31.731,74.264,33.4,58,0.0,30.0,21.9,0.06,1968.83
2026-06-28T18:00:00,31.731,74.264,33.9,57,0.0,30.0,22.0,0.07,1965.57
2026-06-28T19:00:00,31.731,74.264,33.0,59,0.0,30.0,22.0,0.08,1962.5
2026-06-28T20:00:00,31.731,74.264,32.4,60,0.0,30.0,22.0,0.07,1971.92
2026-06-28T21:00:00,31.731,74.264,31.7,61,0.0,30.0,22.0,0.06,1969.25
2026-06-28T22:00:00,31.731,74.264,30.8,66,0.0,30.0,22.0,0.03,1970.8
2026-06-28T23:00:00,31.731,74.264,30.6,66,0.0,30.0,21.9,0.03,1961.94
2026-06-29T00:00:00,31.731,74.264,30.7,72,0.0,30.0,24.5,0.02,1968.25
2026-06-29T01:00:00,31.731,74.264,31.3,69,4.0,30.0,24.5,0.07,1975.22
2026-06-29T02:00:00,31.731,74.264,32.9,63,48.0,30.0,24.4,0.13,1966.83
2026-06-29T03:00:00,31.731,74.264,34.6,55,164.0,30.0,24.3,0.26,1971.28
2026-06-29T04:00:00,31.731,74.264,36.1,49,304.0,30.0,24.2,0.42,1962.57
2026-06-29T05:00:00,31.731,74.264,37.5,43,432.0,30.0,23.9,0.57,1960.44
2026-06-29T06:00:00,31.731,74.264,37.7,42,528.0,30.0,25.2,0.66,1966.38
2026-06-29T07:00:00,31.731,74.264,38.5,41,549.0,30.0,24.8,0.71,1958.96
2026-06-29T08:00:00,31.731,74.264,39.1,40,589.0,30.0,24.5,0.74,1968.95
2026-06-29T09:00:00,31.731,74.264,39.5,39,544.0,30.0,24.2,0.71,1974.85
2026-06-29T10:00:00,31.731,74.264,39.4,39,454.0,30.0,23.9,0.63,1971.95
2026-06-29T11:00:00,31.731,74.264,39.0,40,330.0,30.0,23.599999999999998,0.51,1962.45
2026-06-29T12:00:00,31.731,74.264,39.0,40,195.0,30.0,21.6,0.38,1972.76
2026-06-29T13:00:00,31.731,74.264,37.6,50,71.0,30.0,21.5,0.19,1966.78
2026-06-29T14:00:00,31.731,74.264,36.0,57,9.0,30.0,21.5,0.08,1967.08
2026-06-29T15:00:00,31.731,74.264,34.9,60,0.0,30.0,21.5,0.04,1968.89
2026-06-29T16:00:00,31.731,74.264,33.8,65,0.0,30.0,21.5,0.01,1967.77
2026-06-29T17:00:00,31.731,74.264,33.0,68,0.0,30.0,21.5,0.02,1972.62
2026-06-29T18:00:00,31.731,74.264,34.0,62,0.0,30.0,21.9,0.03,1967.84
2026-06-29T19:00:00,31.731,74.264,33.0,62,0.0,30.0,21.8,0.03,1969.58
2026-06-29T20:00:00,31.731,74.264,32.5,63,0.0,30.0,21.8,0.03,1968.29
2026-06-29T21:00:00,31.731,74.264,31.9,67,0.0,30.0,21.8,0.01,1970.01
2026-06-29T22:00:00,31.731,74.264,31.1,69,0.0,30.0,21.8,0.03,1973.12
2026-06-29T23:00:00,31.731,74.264,30.6,75,0.0,30.0,21.8,0.05,1962.05
2026-06-30T00:00:00,31.731,74.264,32.2,69,0.0,30.0,22.0,0.0,1974.08
2026-06-30T01:00:00,31.731,74.264,31.3,73,4.0,30.0,22.0,0.06,1963.37
2026-06-30T02:00:00,31.731,74.264,30.7,74,49.0,30.0,21.9,0.15,1968.32
2026-06-30T03:00:00,31.731,74.264,32.4,69,152.0,30.0,21.9,0.26,1969.37
2026-06-30T04:00:00,31.731,74.264,34.5,61,277.0,30.0,21.7,0.41,1964.86
2026-06-30T05:00:00,31.731,74.264,36.3,54,400.0,30.0,21.5,0.53,1958.66
2026-06-30T06:00:00,31.731,74.264,37.3,47,504.0,30.0,22.5,0.64,1963.63
2026-06-30T07:00:00,31.731,74.264,38.2,44,487.0,30.0,22.3,0.68,1966.65
2026-06-30T08:00:00,31.731,74.264,38.7,43,551.0,30.0,22.0,0.72,1973.31
2026-06-30T09:00:00,31.731,74.264,39.3,38,500.0,30.0,21.7,0.7,1970.72
2026-06-30T10:00:00,31.731,74.264,38.7,40,331.0,30.0,21.5,0.57,1961.33
2026-06-30T11:00:00,31.731,74.264,38.4,42,253.0,30.0,21.3,0.45,1967.42
2026-06-30T12:00:00,31.731,74.264,37.7,43,175.0,30.0,20.1,0.35,1959.24
2026-06-30T13:00:00,31.731,74.264,37.2,49,62.0,30.0,20.0,0.17,1969.12
2026-06-30T14:00:00,31.731,74.264,35.7,53,8.0,30.0,20.0,0.08,1980.74
2026-06-30T15:00:00,31.731,74.264,34.8,53,0.0,30.0,20.0,0.07,1967.69
2026-06-30T16:00:00,31.731,74.264,34.5,50,0.0,30.0,20.0,0.05,1962.22
2026-06-30T17:00:00,31.731,74.264,33.7,52,0.0,30.0,20.0,0.08,1967.49
2026-06-30T18:00:00,31.731,74.264,34.4,50,0.0,30.0,18.5,0.06,1971.1
2026-06-30T19:00:00,31.731,74.264,33.0,57,0.0,30.0,18.5,0.06,1968.77
2026-06-30T20:00:00,31.731,74.264,32.2,64,0.0,30.0,18.5,0.05,1969.35
2026-06-30T21:00:00,31.731,74.264,31.7,67,0.0,30.0,18.5,0.06,1969.25
2026-06-30T22:00:00,31.731,74.264,31.7,66,0.0,30.0,18.5,0.07,1970.38
2026-06-30T23:00:00,31.731,74.264,30.8,73,0.0,30.0,18.5,0.06,1959.67
2026-07-01T00:00:00,31.731,74.264,31.2,78,0.0,30.0,18.6,0.05,1977.4
2026-07-01T01:00:00,31.731,74.264,30.7,81,3.0,30.0,18.7,0.06,1967.3
2026-07-01T02:00:00,31.731,74.264,29.9,84,40.0,30.0,18.8,0.12,1970.15
2026-07-01T03:00:00,31.731,74.264,30.5,77,138.0,30.0,18.8,0.25,1970.95
2026-07-01T04:00:00,31.731,74.264,32.6,70,248.0,30.0,18.7,0.39,1972.41
2026-07-01T05:00:00,31.731,74.264,33.7,66,341.0,30.0,18.5,0.5,1968.66
2026-07-01T06:00:00,31.731,74.264,34.2,63,390.0,30.0,20.5,0.57,1963.19
2026-07-01T07:00:00,31.731,74.264,35.2,59,378.0,30.0,20.3,0.59,1975.43
2026-07-01T08:00:00,31.731,74.264,36.4,54,374.0,30.0,20.1,0.58,1959.38
2026-07-01T09:00:00,31.731,74.264,37.0,52,399.0,30.0,20.0,0.6,1962.13
2026-07-01T10:00:00,31.731,74.264,32.0,71,196.0,30.0,20.4,0.38,1969.97
2026-07-01T11:00:00,31.731,74.264,33.9,65,116.0,30.0,20.5,0.33,1971.09
2026-07-01T12:00:00,31.731,74.264,35.6,53,124.0,30.0,15.299999999999999,0.35,1963.01
2026-07-01T13:00:00,31.731,74.264,34.9,56,52.0,30.0,15.299999999999999,0.23,1960.92
2026-07-01T14:00:00,31.731,74.264,33.5,62,8.0,30.0,15.299999999999999,0.13,1967.88
2026-07-01T15:00:00,31.731,74.264,32.3,68,0.0,30.0,15.299999999999999,0.06,1965.63
2026-07-01T16:00:00,31.731,74.264,27.3,88,0.0,30.0,16.400000000000002,0.03,1968.18
2026-07-01T17:00:00,31.731,74.264,27.2,93,0.0,30.0,16.8,0.02,1958.53
2026-07-01T18:00:00,31.731,74.264,27.9,77,0.0,30.0,19.400000000000002,0.06,1973.6
2026-07-01T19:00:00,31.731,74.264,27.3,79,0.0,30.0,19.400000000000002,0.05,1968.49
2026-07-01T20:00:00,31.731,74.264,26.9,81,0.0,30.0,19.400000000000002,0.05,1968.81
2026-07-01T21:00:00,31.731,74.264,26.9,83,0.0,30.0,19.400000000000002,0.04,1964.92
2026-07-01T22:00:00,31.731,74.264,26.9,85,0.0,30.0,19.400000000000002,0.03,1963.0
2026-07-01T23:00:00,31.731,74.264,26.9,85,0.0,30.0,19.400000000000002,0.03,1962.88
2026-07-02T00:00:00,31.731,74.264,25.5,94,0.0,30.0,17.299999999999997,0.01,1957.62
2026-07-02T01:00:00,31.731,74.264,24.8,95,3.0,30.0,19.2,0.03,1970.91
2026-07-02T02:00:00,31.731,74.264,25.0,96,0.0,30.0,22.8,0.03,1967.8
2026-07-02T03:00:00,31.731,74.264,26.9,87,107.0,30.0,23.3,0.18,1965.58
2026-07-02T04:00:00,31.731,74.264,29.4,73,253.0,30.0,23.200000000000003,0.35,1960.76
2026-07-02T05:00:00,31.731,74.264,31.0,67,369.0,30.0,23.0,0.48,1971.78
2026-07-02T06:00:00,31.731,74.264,32.0,62,503.0,30.0,25.4,0.59,1978.93
2026-07-02T07:00:00,31.731,74.264,33.1,59,548.0,30.0,25.1,0.64,1971.7
2026-07-02T08:00:00,31.731,74.264,34.0,56,555.0,30.0,24.8,0.66,1966.84
2026-07-02T09:00:00,31.731,74.264,34.7,54,521.0,30.0,24.5,0.63,1972.1
2026-07-02T10:00:00,31.731,74.264,34.9,53,424.0,30.0,24.2,0.54,1965.16
2026-07-02T11:00:00,31.731,74.264,34.8,53,298.0,30.0,24.099999999999998,0.42,1967.5
2026-07-02T12:00:00,31.731,74.264,33.6,57,170.0,30.0,21.5,0.33,1967.79
2026-07-02T13:00:00,31.731,74.264,32.8,61,55.0,30.0,21.4,0.19,1967.43
2026-07-02T14:00:00,31.731,74.264,31.9,65,8.0,30.0,21.4,0.09,1975.8
2026-07-02T15:00:00,31.731,74.264,31.1,68,0.0,30.0,21.4,0.06,1963.24
2026-07-02T16:00:00,31.731,74.264,30.7,70,0.0,30.0,21.4,0.04,1969.03
2026-07-02T17:00:00,31.731,74.264,30.3,71,0.0,30.0,21.4,0.04,1969.0
2026-07-02T18:00:00,31.731,74.264,30.8,71,0.0,30.0,21.3,0.05,1964.4
2026-07-02T19:00:00,31.731,74.264,30.1,74,0.0,30.0,21.3,0.05,1968.47
2026-07-02T20:00:00,31.731,74.264,29.7,77,0.0,30.0,21.3,0.04,1965.14
2026-07-02T21:00:00,31.731,74.264,29.2,80,0.0,30.0,21.3,0.03,1966.36
2026-07-02T22:00:00,31.731,74.264,29.0,81,0.0,30.0,21.3,0.03,1965.84
2026-07-02T23:00:00,31.731,74.264,28.7,83,0.0,30.0,21.3,0.03,1961.67
2026-07-03T00:00:00,31.731,74.264,29.0,82,0.0,30.0,22.0,0.02,1967.17
2026-07-03T01:00:00,31.731,74.264,29.2,83,3.0,30.0,22.0,0.04,1968.8
2026-07-03T02:00:00,31.731,74.264,30.6,77,48.0,30.0,21.9,0.13,1974.66
2026-07-03T03:00:00,31.731,74.264,32.1,69,156.0,30.0,21.9,0.27,1972.7
2026-07-03T04:00:00,31.731,74.264,33.4,63,294.0,30.0,21.8,0.42,1968.11
2026-07-03T05:00:00,31.731,74.264,34.6,58,412.0,30.0,21.6,0.55,1957.72
2026-07-03T06:00:00,31.731,74.264,34.8,55,513.0,30.0,21.9,0.62,1970.29
2026-07-03T07:00:00,31.731,74.264,36.1,52,532.0,30.0,21.8,0.65,1968.99
2026-07-03T08:00:00,31.731,74.264,36.6,50,469.0,30.0,21.6,0.63,1971.38
2026-07-03T09:00:00,31.731,74.264,36.9,49,464.0,30.0,21.4,0.6,1963.43
2026-07-03T10:00:00,31.731,74.264,37.0,48,420.0,30.0,21.2,0.55,1967.48
2026-07-03T11:00:00,31.731,74.264,36.4,48,313.0,30.0,21.0,0.43,1964.39
2026-07-03T12:00:00,31.731,74.264,36.1,48,170.0,30.0,16.400000000000002,0.31,1973.72
2026-07-03T13:00:00,31.731,74.264,35.5,49,69.0,30.0,16.400000000000002,0.18,1963.16
2026-07-03T14:00:00,31.731,74.264,33.8,56,9.0,30.0,16.400000000000002,0.07,1970.29
2026-07-03T15:00:00,31.731,74.264,32.5,61,0.0,30.0,16.400000000000002,0.04,1971.8
2026-07-03T16:00:00,31.731,74.264,32.0,63,0.0,30.0,16.400000000000002,0.04,1974.85
2026-07-03T17:00:00,31.731,74.264,31.7,63,0.0,30.0,16.400000000000002,0.05,1971.52
2026-07-03T18:00:00,31.731,74.264,32.2,60,0.0,30.0,14.299999999999999,0.05,1971.85
2026-07-03T19:00:00,31.731,74.264,31.3,64,0.0,30.0,14.299999999999999,0.03,1959.81
2026-07-03T20:00:00,31.731,74.264,31.0,66,0.0,30.0,14.299999999999999,0.03,1970.74
2026-07-03T21:00:00,31.731,74.264,30.8,68,0.0,30.0,14.299999999999999,0.03,1970.26
2026-07-03T22:00:00,31.731,74.264,30.4,71,0.0,30.0,14.399999999999999,0.03,1974.24
2026-07-03T23:00:00,31.731,74.264,30.1,73,0.0,30.0,14.399999999999999,0.02,1972.61
2026-07-04T00:00:00,31.731,74.264,26.8,92,0.0,30.0,17.9,0.01,1961.62
2026-07-04T01:00:00,31.731,74.264,27.8,89,3.0,30.0,18.0,0.02,1964.45
2026-07-04T02:00:00,31.731,74.264,29.5,81,44.0,30.0,18.0,0.12,1965.19
2026-07-04T03:00:00,31.731,74.264,31.9,67,155.0,30.0,17.9,0.26,1970.47
2026-07-04T04:00:00,31.731,74.264,33.7,59,288.0,30.0,17.8,0.4,1959.24
2026-07-04T05:00:00,31.731,74.264,35.0,55,419.0,30.0,17.7,0.53,1964.01
2026-07-04T06:00:00,31.731,74.264,35.8,45,510.0,30.0,15.9,0.63,1971.04
2026-07-04T07:00:00,31.731,74.264,36.6,45,486.0,30.0,16.7,0.64,1968.88
2026-07-04T08:00:00,31.731,74.264,37.1,43,477.0,30.0,16.5,0.63,1963.43
2026-07-04T09:00:00,31.731,74.264,37.7,40,475.0,30.0,16.400000000000002,0.62,1966.81
2026-07-04T10:00:00,31.731,74.264,37.5,41,413.0,30.0,16.3,0.55,1974.89
2026-07-04T11:00:00,31.731,74.264,37.5,41,318.0,30.0,16.2,0.42,1962.1
2026-07-04T12:00:00,31.731,74.264,36.3,51,194.0,30.0,16.900000000000002,0.34,1965.09
2026-07-04T13:00:00,31.731,74.264,35.6,54,58.0,30.0,16.8,0.19,1974.85
2026-07-04T14:00:00,31.731,74.264,34.3,61,7.0,30.0,16.8,0.06,1964.31
2026-07-04T15:00:00,31.731,74.264,33.5,66,0.0,30.0,16.8,0.03,1968.89
2026-07-04T16:00:00,31.731,74.264,32.9,67,0.0,30.0,16.8,0.03,1968.83
2026-07-04T17:00:00,31.731,74.264,32.6,67,0.0,30.0,16.8,0.05,1966.67
2026-07-04T18:00:00,31.731,74.264,33.2,64,0.0,30.0,16.900000000000002,0.06,1962.64
2026-07-04T19:00:00,31.731,74.264,32.7,67,0.0,30.0,16.900000000000002,0.05,1966.1
2026-07-04T20:00:00,31.731,74.264,32.2,69,0.0,30.0,16.900000000000002,0.05,1973.79
2026-07-04T21:00:00,31.731,74.264,31.7,71,0.0,30.0,16.900000000000002,0.05,1965.04
2026-07-04T22:00:00,31.731,74.264,31.0,74,0.0,30.0,16.900000000000002,0.03,1975.27
2026-07-04T23:00:00,31.731,74.264,29.5,79,0.0,30.0,17.0,0.06,1965.88
2026-07-05T00:00:00,31.731,74.264,29.6,82,0.0,30.0,18.2,0.02,1969.86
2026-07-05T01:00:00,31.731,74.264,28.6,85,2.0,30.0,18.3,0.04,1972.93
2026-07-05T02:00:00,31.731,74.264,30.2,75,33.0,30.0,18.3,0.11,1966.35
2026-07-05T03:00:00,31.731,74.264,32.2,66,138.0,30.0,18.2,0.26,1960.57
2026-07-05T04:00:00,31.731,74.264,34.0,62,283.0,30.0,18.099999999999998,0.41,1956.8
2026-07-05T05:00:00,31.731,74.264,35.7,55,406.0,30.0,18.0,0.54,1975.98
2026-07-05T06:00:00,31.731,74.264,35.6,55,490.0,30.0,19.5,0.61,1967.55
2026-07-05T07:00:00,31.731,74.264,36.4,50,485.0,30.0,19.3,0.64,1969.28
2026-07-05T08:00:00,31.731,74.264,36.6,50,429.0,30.0,19.1,0.62,1958.66
2026-07-05T09:00:00,31.731,74.264,36.8,49,425.0,30.0,18.9,0.58,1966.62
2026-07-05T10:00:00,31.731,74.264,37.0,48,401.0,30.0,18.8,0.53,1968.67
2026-07-05T11:00:00,31.731,74.264,36.9,47,292.0,30.0,18.6,0.43,1959.45
2026-07-05T12:00:00,31.731,74.264,37.3,45,187.0,30.0,18.2,0.28,1963.45
2026-07-05T13:00:00,31.731,74.264,36.4,51,67.0,30.0,18.2,0.19,1975.77
2026-07-05T14:00:00,31.731,74.264,34.6,62,9.0,30.0,18.2,0.06,1975.26
2026-07-05T15:00:00,31.731,74.264,33.4,65,0.0,30.0,18.2,0.04,1964.31
2026-07-05T16:00:00,31.731,74.264,32.8,67,0.0,30.0,18.2,0.04,1971.02
2026-07-05T17:00:00,31.731,74.264,32.8,64,0.0,30.0,18.2,0.05,1970.74
2026-07-05T18:00:00,31.731,74.264,33.5,63,0.0,30.0,15.8,0.05,1969.74
2026-07-05T19:00:00,31.731,74.264,33.1,64,0.0,30.0,15.8,0.06,1975.29
2026-07-05T20:00:00,31.731,74.264,32.7,66,0.0,30.0,15.8,0.05,1970.65
2026-07-05T21:00:00,31.731,74.264,32.2,68,0.0,30.0,15.8,0.05,1968.9
2026-07-05T22:00:00,31.731,74.264,31.7,70,0.0,30.0,15.8,0.04,1981.94
2026-07-05T23:00:00,31.731,74.264,31.3,73,0.0,30.0,15.8,0.04,1965.64
2026-07-06T00:00:00,31.731,74.264,30.4,77,0.0,30.0,18.3,0.05,1970.36
2026-07-06T01:00:00,31.731,74.264,29.4,81,0.0,30.0,18.3,0.07,1964.37
2026-07-06T02:00:00,31.731,74.264,29.4,81,29.0,30.0,18.4,0.12,1962.85
2026-07-06T03:00:00,31.731,74.264,31.0,73,125.0,30.0,18.4,0.25,1965.82
2026-07-06T04:00:00,31.731,74.264,32.8,64,264.0,30.0,18.3,0.4,1967.46
2026-07-06T05:00:00,31.731,74.264,34.2,59,394.0,30.0,18.099999999999998,0.53,1974.89
2026-07-06T06:00:00,31.731,74.264,32.5,62,504.0,30.0,24.2,0.59,1974.83
2026-07-06T07:00:00,31.731,74.264,33.5,58,406.0,30.0,24.0,0.59,1966.6
2026-07-06T08:00:00,31.731,74.264,34.7,54,417.0,30.0,23.7,0.61,1971.59
2026-07-06T09:00:00,31.731,74.264,35.6,52,515.0,30.0,23.400000000000002,0.64,1974.62
2026-07-06T10:00:00,31.731,74.264,35.9,52,431.0,30.0,23.1,0.57,1966.87
2026-07-06T11:00:00,31.731,74.264,35.7,54,325.0,30.0,22.900000000000002,0.45,1963.25
2026-07-06T12:00:00,31.731,74.264,35.6,52,192.0,30.0,20.5,0.3,1966.65
2026-07-06T13:00:00,31.731,74.264,35.0,53,70.0,30.0,20.4,0.18,1961.09
2026-07-06T14:00:00,31.731,74.264,33.7,61,8.0,30.0,20.4,0.06,1972.25
2026-07-06T15:00:00,31.731,74.264,32.7,65,0.0,30.0,20.4,0.06,1965.14
2026-07-06T16:00:00,31.731,74.264,31.8,69,0.0,30.0,20.4,0.05,1962.06
2026-07-06T17:00:00,31.731,74.264,31.5,70,0.0,30.0,20.3,0.06,1972.62
2026-07-06T18:00:00,31.731,74.264,31.9,68,0.0,30.0,21.6,0.02,1971.08
2026-07-06T19:00:00,31.731,74.264,31.1,71,0.0,30.0,21.6,0.04,1969.56
2026-07-06T20:00:00,31.731,74.264,30.5,75,0.0,30.0,21.6,0.04,1969.58
2026-07-06T21:00:00,31.731,74.264,29.8,78,0.0,30.0,21.6,0.05,1962.43
2026-07-06T22:00:00,31.731,74.264,29.5,81,0.0,30.0,21.6,0.03,1981.87
2026-07-06T23:00:00,31.731,74.264,29.1,82,0.0,30.0,21.5,0.03,1961.56
2026-07-07T00:00:00,31.731,74.264,30.6,83,0.0,30.0,20.599999999999998,0.02,1966.15
2026-07-07T01:00:00,31.731,74.264,26.2,88,2.0,30.0,22.3,0.05,1973.1
2026-07-07T02:00:00,31.731,74.264,25.2,96,0.0,30.0,25.0,0.03,1969.24
2026-07-07T03:00:00,31.731,74.264,26.4,93,46.0,30.0,26.200000000000003,0.13,1963.92
2026-07-07T04:00:00,31.731,74.264,28.6,81,90.0,30.0,26.1,0.25,1970.86
2026-07-07T05:00:00,31.731,74.264,31.2,71,352.0,30.0,25.900000000000002,0.47,1973.61
2026-07-07T06:00:00,31.731,74.264,34.9,61,505.0,30.0,18.8,0.61,1960.49
2026-07-07T07:00:00,31.731,74.264,36.3,51,525.0,30.0,18.6,0.67,1967.3
2026-07-07T08:00:00,31.731,74.264,37.0,47,538.0,30.0,18.4,0.68,1970.86
2026-07-07T09:00:00,31.731,74.264,37.3,46,507.0,30.0,18.099999999999998,0.64,1961.97
2026-07-07T10:00:00,31.731,74.264,37.5,44,441.0,30.0,17.9,0.56,1969.96
2026-07-07T11:00:00,31.731,74.264,37.5,42,296.0,30.0,17.8,0.4,1969.13
2026-07-07T12:00:00,31.731,74.264,37.7,43,168.0,30.0,17.8,0.3,1963.09
2026-07-07T13:00:00,31.731,74.264,36.3,51,58.0,30.0,17.7,0.2,1975.11
2026-07-07T14:00:00,31.731,74.264,34.6,57,7.0,30.0,17.7,0.13,1973.27
2026-07-07T15:00:00,31.731,74.264,33.8,61,0.0,30.0,17.7,0.06,1970.52
2026-07-07T16:00:00,31.731,74.264,33.5,61,0.0,30.0,17.7,0.06,1967.73
2026-07-07T17:00:00,31.731,74.264,32.8,62,0.0,30.0,17.599999999999998,0.07,1971.3
2026-07-07T18:00:00,31.731,74.264,32.3,66,0.0,30.0,18.2,0.07,1973.08
2026-07-07T19:00:00,31.731,74.264,31.6,70,0.0,30.0,18.099999999999998,0.05,1968.35
2026-07-07T20:00:00,31.731,74.264,31.2,73,0.0,30.0,18.099999999999998,0.03,1958.66
2026-07-07T21:00:00,31.731,74.264,30.8,76,0.0,30.0,18.099999999999998,0.02,1967.27
2026-07-07T22:00:00,31.731,74.264,29.8,80,0.0,30.0,18.2,0.02,1979.25
2026-07-07T23:00:00,31.731,74.264,29.4,85,0.0,30.0,18.3,0.02,1965.53
2026-07-08T00:00:00,31.731,74.264,26.3,91,0.0,30.0,11.899999999999999,0.01,1975.62
2026-07-08T01:00:00,31.731,74.264,27.4,86,2.0,30.0,11.899999999999999,0.04,1964.58
2026-07-08T02:00:00,31.731,74.264,29.3,78,42.0,30.0,11.899999999999999,0.13,1969.9
2026-07-08T03:00:00,31.731,74.264,31.3,71,150.0,30.0,11.899999999999999,0.26,1966.37
2026-07-08T04:00:00,31.731,74.264,33.2,66,290.0,30.0,11.899999999999999,0.4,1967.9
2026-07-08T05:00:00,31.731,74.264,33.4,65,401.0,30.0,12.0,0.51,1976.23
2026-07-08T06:00:00,31.731,74.264,34.0,61,462.0,30.0,12.6,0.59,1961.05
2026-07-08T07:00:00,31.731,74.264,35.9,54,489.0,30.0,12.7,0.65,1972.01
2026-07-08T08:00:00,31.731,74.264,37.3,47,495.0,30.0,12.7,0.69,1974.27
2026-07-08T09:00:00,31.731,74.264,35.3,49,450.0,30.0,12.7,0.61,1966.04
2026-07-08T10:00:00,31.731,74.264,29.1,80,205.0,30.0,14.299999999999999,0.33,1968.54
2026-07-08T11:00:00,31.731,74.264,31.8,67,158.0,30.0,14.399999999999999,0.31,1960.67
2026-07-08T12:00:00,31.731,74.264,34.7,49,169.0,30.0,12.3,0.3,1961.2
2026-07-08T13:00:00,31.731,74.264,34.1,51,63.0,30.0,12.3,0.18,1971.16
2026-07-08T14:00:00,31.731,74.264,32.8,58,8.0,30.0,12.3,0.08,1963.76
2026-07-08T15:00:00,31.731,74.264,31.9,63,0.0,30.0,12.3,0.06,1960.99
2026-07-08T16:00:00,31.731,74.264,31.4,65,0.0,30.0,12.3,0.04,1962.52
2026-07-08T17:00:00,31.731,74.264,30.7,70,0.0,30.0,12.3,0.06,1975.64
2026-07-08T18:00:00,31.731,74.264,29.1,74,0.0,30.0,12.8,0.05,1973.85
2026-07-08T19:00:00,31.731,74.264,28.2,77,0.0,30.0,12.8,0.04,1966.05
2026-07-08T20:00:00,31.731,74.264,27.7,78,0.0,30.0,12.8,0.02,1963.66
2026-07-08T21:00:00,31.731,74.264,27.4,80,0.0,30.0,12.8,0.01,1962.38
2026-07-08T22:00:00,31.731,74.264,27.2,82,0.0,30.0,12.8,0.01,1970.58
2026-07-08T23:00:00,31.731,74.264,26.9,83,0.0,30.0,12.9,0.01,1961.99
2026-07-09T00:00:00,31.731,74.264,27.6,87,0.0,30.0,16.6,0.0,1972.67
2026-07-09T01:00:00,31.731,74.264,27.8,87,3.0,30.0,16.6,0.02,1973.72
2026-07-09T02:00:00,31.731,74.264,29.2,81,44.0,30.0,16.5,0.1,1969.15
2026-07-09T03:00:00,31.731,74.264,30.7,75,150.0,30.0,16.5,0.23,1965.06
2026-07-09T04:00:00,31.731,74.264,32.0,69,241.0,30.0,16.400000000000002,0.35,1969.57
2026-07-09T05:00:00,31.731,74.264,33.6,61,403.0,30.0,16.3,0.51,1957.54
2026-07-09T06:00:00,31.731,74.264,33.8,59,450.0,30.0,16.900000000000002,0.57,1963.73
2026-07-09T07:00:00,31.731,74.264,35.6,52,554.0,30.0,16.8,0.66,1967.71
2026-07-09T08:00:00,31.731,74.264,36.1,50,533.0,30.0,16.7,0.65,1963.41
2026-07-09T09:00:00,31.731,74.264,36.5,50,453.0,30.0,16.6,0.6,1961.1
2026-07-09T10:00:00,31.731,74.264,36.9,48,413.0,30.0,16.400000000000002,0.55,1967.98
2026-07-09T11:00:00,31.731,74.264,36.5,49,284.0,30.0,16.3,0.42,1963.49
2026-07-09T12:00:00,31.731,74.264,36.9,43,156.0,30.0,16.6,0.26,1966.01
2026-07-09T13:00:00,31.731,74.264,35.4,51,50.0,30.0,16.6,0.21,1972.18
2026-07-09T14:00:00,31.731,74.264,33.4,60,8.0,30.0,16.5,0.14,1965.09
2026-07-09T15:00:00,31.731,74.264,32.8,62,0.0,30.0,16.5,0.11,1979.03
2026-07-09T16:00:00,31.731,74.264,31.6,68,0.0,30.0,16.5,0.1,1974.02
2026-07-09T17:00:00,31.731,74.264,30.2,73,0.0,30.0,16.5,0.08,1971.91
2026-07-09T18:00:00,31.731,74.264,30.0,75,0.0,30.0,15.4,0.07,1968.13
2026-07-09T19:00:00,31.731,74.264,29.5,74,0.0,30.0,15.4,0.06,1965.5
2026-07-09T20:00:00,31.731,74.264,29.1,69,0.0,30.0,15.4,0.06,1968.46
2026-07-09T21:00:00,31.731,74.264,28.6,69,0.0,30.0,15.4,0.05,1964.8
2026-07-09T22:00:00,31.731,74.264,28.2,71,0.0,30.0,15.4,0.04,1965.66
2026-07-09T23:00:00,31.731,74.264,27.9,73,0.0,30.0,15.4,0.0,1974.13
2026-07-10T00:00:00,31.731,74.264,27.1,74,0.0,30.0,14.899999999999999,0.04,1962.25
2026-07-10T01:00:00,31.731,74.264,26.2,82,2.0,30.0,15.0,0.04,1965.26
2026-07-10T02:00:00,31.731,74.264,27.3,79,29.0,30.0,15.1,0.11,1968.51
2026-07-10T03:00:00,31.731,74.264,29.8,72,148.0,30.0,15.1,0.24,1968.81
2026-07-10T04:00:00,31.731,74.264,32.1,63,280.0,30.0,15.0,0.39,1965.64
2026-07-10T05:00:00,31.731,74.264,34.0,56,410.0,30.0,14.899999999999999,0.52,1975.37
2026-07-10T06:00:00,31.731,74.264,34.4,56,513.0,30.0,19.5,0.61,1972.81
2026-07-10T07:00:00,31.731,74.264,35.4,53,533.0,30.0,19.3,0.65,1966.8
2026-07-10T08:00:00,31.731,74.264,36.1,50,520.0,30.0,19.1,0.65,1958.33
2026-07-10T09:00:00,31.731,74.264,36.4,50,464.0,30.0,18.9,0.6,1972.56
2026-07-10T10:00:00,31.731,74.264,36.4,50,341.0,30.0,18.8,0.49,1962.18
2026-07-10T11:00:00,31.731,74.264,36.3,50,281.0,30.0,18.7,0.42,1962.59
2026-07-10T12:00:00,31.731,74.264,36.6,46,171.0,30.0,16.0,0.31,1966.99
2026-07-10T13:00:00,31.731,74.264,35.3,53,68.0,30.0,15.9,0.23,1970.57
2026-07-10T14:00:00,31.731,74.264,29.1,81,7.0,30.0,16.5,0.07,1971.41
2026-07-10T15:00:00,31.731,74.264,29.9,78,0.0,30.0,16.6,0.04,1967.06
2026-07-10T16:00:00,31.731,74.264,30.1,74,0.0,30.0,16.6,0.04,1963.08
2026-07-10T17:00:00,31.731,74.264,29.8,74,0.0,30.0,16.6,0.03,1964.24
2026-07-10T18:00:00,31.731,74.264,29.1,82,0.0,30.0,17.9,0.01,1963.06
2026-07-10T19:00:00,31.731,74.264,28.9,79,0.0,30.0,17.9,0.04,1969.15
2026-07-10T20:00:00,31.731,74.264,28.8,77,0.0,30.0,17.9,0.05,1962.72
2026-07-10T21:00:00,31.731,74.264,28.8,80,0.0,30.0,17.9,0.04,1967.0
2026-07-10T22:00:00,31.731,74.264,28.4,83,0.0,30.0,17.9,0.03,1971.09
2026-07-10T23:00:00,31.731,74.264,27.7,85,0.0,30.0,17.9,0.03,1965.68
2026-07-11T00:00:00,31.731,74.264,27.1,90,0.0,30.0,18.3,0.02,1964.5
2026-07-11T01:00:00,31.731,74.264,27.1,89,0.0,30.0,18.3,0.04,1970.82
2026-07-11T02:00:00,31.731,74.264,28.0,84,18.0,30.0,18.3,0.1,1964.36
2026-07-11T03:00:00,31.731,74.264,29.4,76,81.0,30.0,18.2,0.21,1964.27
2026-07-11T04:00:00,31.731,74.264,31.4,66,209.0,30.0,18.099999999999998,0.36,1965.8
2026-07-11T05:00:00,31.731,74.264,32.8,63,405.0,30.0,18.0,0.52,1967.94
2026-07-11T06:00:00,31.731,74.264,33.1,60,487.0,30.0,21.9,0.6,1962.88
2026-07-11T07:00:00,31.731,74.264,33.1,60,67.0,30.0,21.7,0.35,1965.4
2026-07-11T08:00:00,31.731,74.264,33.9,58,117.0,30.0,21.6,0.4,1970.06
2026-07-11T09:00:00,31.731,74.264,34.6,56,198.0,30.0,21.4,0.47,1966.23
2026-07-11T10:00:00,31.731,74.264,35.2,55,411.0,30.0,21.3,0.55,1965.83
2026-07-11T11:00:00,31.731,74.264,35.2,54,269.0,30.0,21.3,0.42,1964.48
2026-07-11T12:00:00,31.731,74.264,33.2,65,152.0,30.0,26.3,0.28,1967.79
2026-07-11T13:00:00,31.731,74.264,31.8,73,29.0,30.0,26.400000000000002,0.11,1968.63
2026-07-11T14:00:00,31.731,74.264,31.4,76,5.0,30.0,26.400000000000002,0.07,1968.55
2026-07-11T15:00:00,31.731,74.264,29.7,81,0.0,30.0,26.400000000000002,0.06,1964.09
2026-07-11T16:00:00,31.731,74.264,29.5,82,0.0,30.0,26.400000000000002,0.04,1966.08
2026-07-11T17:00:00,31.731,74.264,29.3,82,0.0,30.0,26.3,0.03,1962.66
2026-07-11T18:00:00,31.731,74.264,29.7,79,0.0,30.0,25.6,0.04,1970.44
2026-07-11T19:00:00,31.731,74.264,29.4,81,0.0,30.0,25.6,0.03,1972.86
2026-07-11T20:00:00,31.731,74.264,23.7,97,0.0,30.0,28.7,0.0,1963.01
2026-07-11T21:00:00,31.731,74.264,24.6,95,0.0,30.0,29.2,0.01,1964.28
2026-07-11T22:00:00,31.731,74.264,24.7,92,0.0,30.0,29.099999999999998,0.02,1966.92
2026-07-11T23:00:00,31.731,74.264,25.0,89,0.0,30.0,28.999999999999996,0.02,1970.3
2026-07-12T00:00:00,31.731,74.264,25.3,96,0.0,30.0,29.2,0.0,1968.65
2026-07-12T01:00:00,31.731,74.264,24.9,96,2.0,30.0,30.099999999999998,0.02,1979.14
2026-07-12T02:00:00,31.731,74.264,24.8,96,3.0,30.0,33.900000000000006,0.03,1966.87
2026-07-12T03:00:00,31.731,74.264,25.1,96,0.0,30.0,40.1,0.04,1965.82
2026-07-12T04:00:00,31.731,74.264,26.0,94,8.0,30.0,39.0,0.08,1972.44
2026-07-12T05:00:00,31.731,74.264,28.7,78,113.0,30.0,37.9,0.28,1967.87
2026-07-12T06:00:00,31.731,74.264,25.7,86,413.0,30.0,45.7,0.46,1965.49
2026-07-12T07:00:00,31.731,74.264,28.3,76,31.0,30.0,39.800000000000004,0.25,1962.06
2026-07-12T08:00:00,31.731,74.264,29.6,71,104.0,30.0,38.5,0.33,1972.74
2026-07-12T09:00:00,31.731,74.264,31.7,60,445.0,30.0,37.5,0.57,1962.78
2026-07-12T10:00:00,31.731,74.264,32.1,57,429.0,30.0,36.6,0.53,1968.68
2026-07-12T11:00:00,31.731,74.264,32.2,57,318.0,30.0,36.0,0.42,1957.76
2026-07-12T12:00:00,31.731,74.264,31.2,65,197.0,30.0,36.7,0.28,1971.08
2026-07-12T13:00:00,31.731,74.264,30.6,68,9.0,30.0,36.4,0.12,1960.76
2026-07-12T14:00:00,31.731,74.264,29.4,75,2.0,30.0,36.199999999999996,0.05,1968.53
2026-07-12T15:00:00,31.731,74.264,28.2,82,0.0,30.0,36.0,0.02,1963.91
2026-07-12T16:00:00,31.731,74.264,28.0,86,0.0,30.0,35.8,0.0,1966.48
2026-07-12T17:00:00,31.731,74.264,27.4,89,0.0,30.0,35.6,0.0,1963.48
2026-07-12T18:00:00,31.731,74.264,27.8,86,0.0,30.0,33.6,0.01,1969.39
2026-07-12T19:00:00,31.731,74.264,27.3,87,0.0,30.0,33.5,0.01,1970.07
2026-07-12T20:00:00,31.731,74.264,27.0,87,0.0,30.0,33.4,0.0,1974.02
2026-07-12T21:00:00,31.731,74.264,26.7,89,0.0,30.0,33.300000000000004,0.0,1970.38
2026-07-12T22:00:00,31.731,74.264,26.7,87,0.0,30.0,33.2,0.0,1961.79
2026-07-12T23:00:00,31.731,74.264,26.6,88,0.0,30.0,33.1,0.01,1964.39
2026-07-13T00:00:00,31.731,74.264,26.7,87,0.0,30.0,34.8,0.01,1961.77
2026-07-13T01:00:00,31.731,74.264,27.0,84,0.0,30.0,34.699999999999996,0.03,1972.55
2026-07-13T02:00:00,31.731,74.264,27.5,83,0.0,30.0,34.599999999999994,0.05,1969.87
2026-07-13T03:00:00,31.731,74.264,28.4,81,12.0,30.0,34.5,0.11,1966.91
2026-07-13T04:00:00,31.731,74.264,29.8,75,80.0,30.0,34.300000000000004,0.21,1966.97
2026-07-13T05:00:00,31.731,74.264,31.5,66,230.0,30.0,34.0,0.41,1973.61
2026-07-13T06:00:00,31.731,74.264,31.7,65,44.0,30.0,35.3,0.27,1970.3
2026-07-13T07:00:00,31.731,74.264,32.9,61,374.0,30.0,34.9,0.53,1962.33
2026-07-13T08:00:00,31.731,74.264,34.1,56,495.0,30.0,34.4,0.64,1966.71
2026-07-13T09:00:00,31.731,74.264,34.3,55,275.0,30.0,34.1,0.51,1974.94
2026-07-13T10:00:00,31.731,74.264,34.8,54,361.0,30.0,33.7,0.51,1970.58
2026-07-13T11:00:00,31.731,74.264,34.6,55,281.0,30.0,33.4,0.42,1972.17
2026-07-13T12:00:00,31.731,74.264,33.8,57,176.0,30.0,30.7,0.28,1964.81
2026-07-13T13:00:00,31.731,74.264,33.0,63,69.0,30.0,30.599999999999998,0.16,1972.76
2026-07-13T14:00:00,31.731,74.264,31.2,71,9.0,30.0,30.599999999999998,0.06,1969.03
2026-07-13T15:00:00,31.731,74.264,30.1,75,0.0,30.0,30.5,0.03,1957.08
2026-07-13T16:00:00,31.731,74.264,29.5,78,0.0,30.0,30.5,0.0,1965.14
2026-07-13T17:00:00,31.731,74.264,28.5,82,0.0,30.0,30.5,0.01,1964.71
2026-07-13T18:00:00,31.731,74.264,29.1,82,0.0,30.0,29.5,0.01,1965.41
2026-07-13T19:00:00,31.731,74.264,28.7,84,0.0,30.0,29.5,0.01,1969.36
2026-07-13T20:00:00,31.731,74.264,29.0,82,0.0,30.0,29.5,0.01,1968.38
2026-07-13T21:00:00,31.731,74.264,28.2,85,0.0,30.0,29.5,0.01,1971.51
2026-07-13T22:00:00,31.731,74.264,28.0,87,0.0,30.0,29.5,0.0,1969.74
2026-07-13T23:00:00,31.731,74.264,27.6,89,0.0,30.0,29.5,0.0,1967.42
2026-07-14T00:00:00,31.731,74.264,28.0,87,0.0,30.0,25.4,0.0,1968.06
2026-07-14T01:00:00,31.731,74.264,28.1,88,2.0,30.0,25.5,0.02,1971.49
2026-07-14T02:00:00,31.731,74.264,29.3,83,9.0,30.0,25.5,0.07,1983.75
2026-07-14T03:00:00,31.731,74.264,30.3,76,13.0,30.0,25.4,0.13,1972.51
2026-07-14T04:00:00,31.731,74.264,31.5,71,31.0,30.0,25.4,0.22,1966.37
2026-07-14T05:00:00,31.731,74.264,33.4,63,384.0,30.0,25.2,0.49,1966.39
2026-07-14T06:00:00,31.731,74.264,34.7,54,513.0,30.0,25.0,0.6,1965.64
2026-07-14T07:00:00,31.731,74.264,35.7,48,414.0,30.0,24.8,0.58,1968.7
2026-07-14T08:00:00,31.731,74.264,36.1,45,274.0,30.0,24.6,0.53,1967.51
2026-07-14T09:00:00,31.731,74.264,36.5,45,472.0,30.0,24.4,0.6,1973.67
2026-07-14T10:00:00,31.731,74.264,36.5,44,345.0,30.0,24.2,0.49,1972.3
2026-07-14T11:00:00,31.731,74.264,36.2,46,238.0,30.0,24.0,0.4,1969.4
2026-07-14T12:00:00,31.731,74.264,34.7,48,127.0,30.0,23.3,0.26,1972.62
2026-07-14T13:00:00,31.731,74.264,34.0,52,59.0,30.0,23.200000000000003,0.16,1966.68
2026-07-14T14:00:00,31.731,74.264,33.1,59,7.0,30.0,23.200000000000003,0.04,1965.82
2026-07-14T15:00:00,31.731,74.264,31.7,65,0.0,30.0,23.200000000000003,0.03,1975.27
2026-07-14T16:00:00,31.731,74.264,30.7,69,0.0,30.0,23.200000000000003,0.02,1962.84
2026-07-14T17:00:00,31.731,74.264,30.5,70,0.0,30.0,23.200000000000003,0.03,1971.99
2026-07-14T18:00:00,31.731,74.264,30.1,67,0.0,30.0,22.400000000000002,0.04,1970.83
2026-07-14T19:00:00,31.731,74.264,29.5,69,0.0,30.0,22.400000000000002,0.02,1974.5
2026-07-14T20:00:00,31.731,74.264,28.7,72,0.0,30.0,22.5,0.02,1976.39
2026-07-14T21:00:00,31.731,74.264,28.3,73,0.0,30.0,22.5,0.02,1972.82
2026-07-14T22:00:00,31.731,74.264,27.7,76,0.0,30.0,22.5,0.02,1968.25
2026-07-14T23:00:00,31.731,74.264,27.5,76,0.0,30.0,22.5,0.02,1965.72
2026-07-15T00:00:00,31.731,74.264,28.1,70,0.0,30.0,25.4,0.04,1967.37
2026-07-15T01:00:00,31.731,74.264,27.4,73,0.0,30.0,25.4,0.06,1967.87
2026-07-15T02:00:00,31.731,74.264,27.9,73,0.0,30.0,25.4,0.06,1969.0
2026-07-15T03:00:00,31.731,74.264,28.6,72,11.0,30.0,25.4,0.1,1967.62
2026-07-15T04:00:00,31.731,74.264,30.8,64,166.0,30.0,25.3,0.29,1971.04
2026-07-15T05:00:00,31.731,74.264,32.5,57,270.0,30.0,25.1,0.42,1963.14
2026-07-15T06:00:00,31.731,74.264,31.7,62,490.0,30.0,32.300000000000004,0.58,1961.67
2026-07-15T07:00:00,31.731,74.264,33.5,59,430.0,30.0,32.0,0.57,1963.67
2026-07-15T08:00:00,31.731,74.264,34.5,55,481.0,30.0,31.6,0.62,1970.48
2026-07-15T09:00:00,31.731,74.264,34.8,54,444.0,30.0,31.3,0.59,1964.47
2026-07-15T10:00:00,31.731,74.264,34.8,53,383.0,30.0,31.0,0.52,1963.28
2026-07-15T11:00:00,31.731,74.264,34.6,54,286.0,30.0,30.8,0.43,1966.64
2026-07-15T12:00:00,31.731,74.264,34.3,49,165.0,30.0,27.6,0.31,1961.54
2026-07-15T13:00:00,31.731,74.264,33.2,57,60.0,30.0,27.500000000000004,0.17,1967.31
2026-07-15T14:00:00,31.731,74.264,31.8,64,3.0,30.0,27.400000000000002,0.06,1962.43
2026-07-15T15:00:00,31.731,74.264,31.0,69,0.0,30.0,27.400000000000002,0.04,1976.3
2026-07-15T16:00:00,31.731,74.264,30.5,70,0.0,30.0,27.400000000000002,0.02,1965.25
2026-07-15T17:00:00,31.731,74.264,30.0,72,0.0,30.0,27.400000000000002,0.01,1967.33
2026-07-15T18:00:00,31.731,74.264,29.7,75,0.0,30.0,27.6,0.0,1959.29
2026-07-15T19:00:00,31.731,74.264,28.7,79,0.0,30.0,27.500000000000004,0.0,1971.99
2026-07-15T20:00:00,31.731,74.264,28.3,81,0.0,30.0,27.500000000000004,0.01,1965.05
2026-07-15T21:00:00,31.731,74.264,28.1,82,0.0,30.0,27.500000000000004,0.01,1971.84
2026-07-15T22:00:00,31.731,74.264,28.0,84,0.0,30.0,27.500000000000004,0.0,1965.11
2026-07-15T23:00:00,31.731,74.264,28.0,84,0.0,30.0,27.500000000000004,0.0,1959.15
2026-07-16T00:00:00,31.731,74.264,28.8,80,0.0,30.0,27.1,0.0,1963.69
2026-07-16T01:00:00,31.731,74.264,29.3,78,2.0,30.0,27.1,0.02,1966.65
2026-07-16T02:00:00,31.731,74.264,30.6,72,44.0,30.0,27.1,0.1,1963.02
2026-07-16T03:00:00,31.731,74.264,32.0,64,151.0,30.0,27.0,0.23,1961.74
2026-07-16T04:00:00,31.731,74.264,33.3,58,289.0,30.0,26.8,0.38,1966.13
2026-07-16T05:00:00,31.731,74.264,34.4,54,419.0,30.0,26.5,0.51,1970.22
2026-07-16T06:00:00,31.731,74.264,35.2,51,520.0,30.0,28.599999999999998,0.62,1961.85
2026-07-16T07:00:00,31.731,74.264,35.8,49,542.0,30.0,28.299999999999997,0.66,1973.5
2026-07-16T08:00:00,31.731,74.264,36.0,48,535.0,30.0,28.000000000000004,0.66,1969.75
2026-07-16T09:00:00,31.731,74.264,36.2,47,444.0,30.0,27.700000000000003,0.6,1963.0
2026-07-16T10:00:00,31.731,74.264,36.2,46,379.0,30.0,27.400000000000002,0.54,1974.38
2026-07-16T11:00:00,31.731,74.264,35.7,48,272.0,30.0,27.200000000000003,0.43,1969.72
2026-07-16T12:00:00,31.731,74.264,35.7,49,167.0,30.0,26.3,0.3,1972.86
2026-07-16T13:00:00,31.731,74.264,35.4,50,67.0,30.0,26.200000000000003,0.16,1960.51
2026-07-16T14:00:00,31.731,74.264,33.5,63,8.0,30.0,26.1,0.05,1960.17
2026-07-16T15:00:00,31.731,74.264,32.2,66,0.0,30.0,26.1,0.05,1966.77
2026-07-16T16:00:00,31.731,74.264,31.4,71,0.0,30.0,26.1,0.02,1971.72
2026-07-16T17:00:00,31.731,74.264,31.0,71,0.0,30.0,26.1,0.02,1964.55
2026-07-16T18:00:00,31.731,74.264,31.8,65,0.0,30.0,26.700000000000003,0.03,1970.68
2026-07-16T19:00:00,31.731,74.264,31.2,67,0.0,30.0,26.700000000000003,0.03,1968.45
2026-07-16T20:00:00,31.731,74.264,30.9,68,0.0,30.0,26.700000000000003,0.03,1973.57
2026-07-16T21:00:00,31.731,74.264,30.9,69,0.0,30.0,26.700000000000003,0.04,1973.23
2026-07-16T22:00:00,31.731,74.264,30.4,73,0.0,30.0,26.6,0.03,1965.65
2026-07-16T23:00:00,31.731,74.264,29.9,76,0.0,30.0,26.6,0.03,1975.37
2026-07-17T00:00:00,31.731,74.264,30.1,76,0.0,30.0,24.0,0.01,1967.64
2026-07-17T01:00:00,31.731,74.264,30.0,78,2.0,30.0,24.0,0.03,1974.58
2026-07-17T02:00:00,31.731,74.264,31.4,73,43.0,30.0,24.0,0.11,1966.11
2026-07-17T03:00:00,31.731,74.264,33.1,65,149.0,30.0,23.9,0.24,1972.76
2026-07-17T04:00:00,31.731,74.264,34.6,57,285.0,30.0,23.799999999999997,0.39,1970.36
2026-07-17T05:00:00,31.731,74.264,35.9,49,414.0,30.0,23.5,0.55,1968.9
2026-07-17T06:00:00,31.731,74.264,36.5,45,495.0,30.0,25.0,0.65,1967.48
2026-07-17T07:00:00,31.731,74.264,37.0,44,571.0,30.0,24.7,0.71,1958.76
2026-07-17T08:00:00,31.731,74.264,37.3,43,577.0,30.0,24.3,0.72,1963.15
2026-07-17T09:00:00,31.731,74.264,37.5,42,541.0,30.0,24.0,0.69,1964.88
2026-07-17T10:00:00,31.731,74.264,37.4,42,458.0,30.0,23.7,0.62,1974.37
2026-07-17T11:00:00,31.731,74.264,37.0,43,335.0,30.0,23.400000000000002,0.52,1972.08
2026-07-17T12:00:00,31.731,74.264,36.6,46,200.0,30.0,24.099999999999998,0.38,1967.9
2026-07-17T13:00:00,31.731,74.264,35.1,53,74.0,30.0,24.0,0.21,1955.35
2026-07-17T14:00:00,31.731,74.264,33.7,57,9.0,30.0,24.0,0.1,1964.02
2026-07-17T15:00:00,31.731,74.264,32.9,61,0.0,30.0,24.0,0.07,1972.99
2026-07-17T16:00:00,31.731,74.264,32.4,63,0.0,30.0,23.9,0.06,1965.17
2026-07-17T17:00:00,31.731,74.264,31.8,62,0.0,30.0,23.9,0.06,1971.54
2026-07-17T18:00:00,31.731,74.264,32.2,58,0.0,30.0,23.400000000000002,0.06,1967.38
2026-07-17T19:00:00,31.731,74.264,31.6,60,0.0,30.0,23.400000000000002,0.06,1968.12
2026-07-17T20:00:00,31.731,74.264,30.7,64,0.0,30.0,23.400000000000002,0.04,1964.47
2026-07-17T21:00:00,31.731,74.264,30.1,67,0.0,30.0,23.400000000000002,0.03,1969.13
2026-07-17T22:00:00,31.731,74.264,30.0,68,0.0,30.0,23.400000000000002,0.03,1963.57
2026-07-17T23:00:00,31.731,74.264,29.8,69,0.0,30.0,23.400000000000002,0.03,1965.44
2026-07-18T00:00:00,31.731,74.264,30.8,67,0.0,30.0,23.7,0.04,1971.38
2026-07-18T01:00:00,31.731,74.264,30.6,70,1.0,30.0,23.599999999999998,0.06,1976.04
2026-07-18T02:00:00,31.731,74.264,32.0,69,35.0,30.0,23.599999999999998,0.13,1969.81
2026-07-18T03:00:00,31.731,74.264,33.9,62,152.0,30.0,23.5,0.25,1968.66
2026-07-18T04:00:00,31.731,74.264,35.5,52,286.0,30.0,23.3,0.39,1978.81
2026-07-18T05:00:00,31.731,74.264,36.4,47,402.0,30.0,23.1,0.54,1980.28
2026-07-18T06:00:00,31.731,74.264,36.5,46,506.0,30.0,25.3,0.65,1965.29
2026-07-18T07:00:00,31.731,74.264,36.8,46,569.0,30.0,24.9,0.71,1968.93
2026-07-18T08:00:00,31.731,74.264,37.1,46,571.0,30.0,24.6,0.71,1972.47
2026-07-18T09:00:00,31.731,74.264,37.2,46,527.0,30.0,24.2,0.68,1965.11
2026-07-18T10:00:00,31.731,74.264,37.1,46,445.0,30.0,23.9,0.61,1962.51
2026-07-18T11:00:00,31.731,74.264,36.8,47,309.0,30.0,23.7,0.49,1962.86
2026-07-18T12:00:00,31.731,74.264,36.7,47,156.0,30.0,23.3,0.34,1978.67
2026-07-18T13:00:00,31.731,74.264,35.2,56,62.0,30.0,23.200000000000003,0.19,1965.72
2026-07-18T14:00:00,31.731,74.264,33.9,61,8.0,30.0,23.200000000000003,0.07,1958.91
2026-07-18T15:00:00,31.731,74.264,33.2,62,0.0,30.0,23.200000000000003,0.05,1971.19
2026-07-18T16:00:00,31.731,74.264,32.9,63,0.0,30.0,23.200000000000003,0.04,1967.04
2026-07-18T17:00:00,31.731,74.264,32.5,65,0.0,30.0,23.200000000000003,0.05,1961.5
2026-07-18T18:00:00,31.731,74.264,32.9,61,0.0,30.0,22.7,0.06,1967.81
2026-07-18T19:00:00,31.731,74.264,32.4,60,0.0,30.0,22.7,0.06,1960.1
2026-07-18T20:00:00,31.731,74.264,31.6,64,0.0,30.0,22.6,0.03,1970.72
2026-07-18T21:00:00,31.731,74.264,30.9,71,0.0,30.0,22.6,0.01,1972.36
2026-07-18T22:00:00,31.731,74.264,30.6,71,0.0,30.0,22.6,0.03,1973.97
2026-07-18T23:00:00,31.731,74.264,30.4,74,0.0,30.0,22.7,0.01,1961.39
2026-07-19T00:00:00,31.731,74.264,31.3,69,0.0,30.0,20.9,0.02,1967.9
2026-07-19T01:00:00,31.731,74.264,31.1,70,2.0,30.0,20.9,0.05,1960.02
2026-07-19T02:00:00,31.731,74.264,32.3,68,37.0,30.0,20.8,0.12,1963.16
2026-07-19T03:00:00,31.731,74.264,33.3,65,91.0,30.0,20.8,0.22,1966.02
2026-07-19T04:00:00,31.731,74.264,34.0,64,91.0,30.0,20.7,0.31,1967.33
2026-07-19T05:00:00,31.731,74.264,34.4,65,125.0,30.0,20.5,0.39,1966.25
2026-07-19T06:00:00,31.731,74.264,35.2,55,172.0,30.0,21.6,0.45,1965.57
2026-07-19T07:00:00,31.731,74.264,35.6,52,167.0,30.0,21.4,0.43,1977.45
2026-07-19T08:00:00,31.731,74.264,36.0,50,161.0,30.0,21.2,0.41,1962.69
2026-07-19T09:00:00,31.731,74.264,36.6,47,187.0,30.0,21.0,0.47,1967.52
2026-07-19T10:00:00,31.731,74.264,37.0,45,276.0,30.0,20.8,0.5,1965.95
2026-07-19T11:00:00,31.731,74.264,36.8,46,166.0,30.0,20.599999999999998,0.4,1972.05
2026-07-19T12:00:00,31.731,74.264,36.5,46,93.0,30.0,21.6,0.27,1971.36
2026-07-19T13:00:00,31.731,74.264,34.3,60,23.0,30.0,21.6,0.18,1969.86
2026-07-19T14:00:00,31.731,74.264,32.6,66,4.0,30.0,21.5,0.11,1974.0
2026-07-19T15:00:00,31.731,74.264,32.1,67,0.0,30.0,21.5,0.09,1967.25
2026-07-19T16:00:00,31.731,74.264,31.8,69,0.0,30.0,21.5,0.06,1976.77
2026-07-19T17:00:00,31.731,74.264,31.4,72,0.0,30.0,21.5,0.06,1965.6
2026-07-19T18:00:00,31.731,74.264,31.5,74,0.0,30.0,22.7,0.06,1964.7
2026-07-19T19:00:00,31.731,74.264,30.8,77,0.0,30.0,22.7,0.04,1960.09
2026-07-19T20:00:00,31.731,74.264,30.6,78,0.0,30.0,22.7,0.04,1971.61
2026-07-19T21:00:00,31.731,74.264,30.5,78,0.0,30.0,22.7,0.04,1965.32
2026-07-19T22:00:00,31.731,74.264,30.4,77,0.0,30.0,22.7,0.03,1971.8
2026-07-19T23:00:00,31.731,74.264,29.9,80,0.0,30.0,22.7,0.02,1969.46
2026-07-20T00:00:00,31.731,74.264,30.7,79,0.0,30.0,20.200000000000003,0.02,1968.83
2026-07-20T01:00:00,31.731,74.264,30.4,82,0.0,30.0,20.200000000000003,0.03,1957.21
2026-07-20T02:00:00,31.731,74.264,30.8,81,14.0,30.0,20.200000000000003,0.11,1969.29
2026-07-20T03:00:00,31.731,74.264,31.6,77,34.0,30.0,20.1,0.18,1963.67
2026-07-20T04:00:00,31.731,74.264,32.9,71,170.0,30.0,20.1,0.34,1971.48
2026-07-20T05:00:00,31.731,74.264,33.2,69,281.0,30.0,20.0,0.46,1970.14
2026-07-20T06:00:00,31.731,74.264,31.3,83,145.0,30.0,24.0,0.32,1965.84
2026-07-20T07:00:00,31.731,74.264,31.4,81,162.0,30.0,24.3,0.35,1967.92
2026-07-20T08:00:00,31.731,74.264,32.7,72,153.0,30.0,24.099999999999998,0.41,1958.02
2026-07-20T09:00:00,31.731,74.264,33.2,71,79.0,30.0,24.0,0.34,1968.33
2026-07-20T10:00:00,31.731,74.264,33.8,68,162.0,30.0,23.799999999999997,0.42,1963.01
2026-07-20T11:00:00,31.731,74.264,33.5,69,69.0,30.0,23.7,0.3,1971.65
2026-07-20T12:00:00,31.731,74.264,32.4,73,59.0,30.0,16.0,0.24,1966.04
2026-07-20T13:00:00,31.731,74.264,30.5,80,9.0,30.0,16.0,0.12,1956.33
2026-07-20T14:00:00,31.731,74.264,28.8,91,0.0,30.0,16.5,0.04,1973.28
2026-07-20T15:00:00,31.731,74.264,28.4,93,0.0,30.0,16.7,0.02,1967.55
2026-07-20T16:00:00,31.731,74.264,28.4,92,0.0,30.0,16.7,0.02,1968.57
2026-07-20T17:00:00,31.731,74.264,28.5,91,0.0,30.0,16.7,0.02,1974.9
2026-07-20T18:00:00,31.731,74.264,29.4,88,0.0,30.0,13.900000000000002,0.02,1960.46
2026-07-20T19:00:00,31.731,74.264,29.1,88,0.0,30.0,13.900000000000002,0.02,1966.56
2026-07-20T20:00:00,31.731,74.264,28.1,91,0.0,30.0,17.5,0.0,1965.04
2026-07-20T21:00:00,31.731,74.264,27.3,95,0.0,30.0,19.6,0.01,1971.71
2026-07-20T22:00:00,31.731,74.264,27.1,95,0.0,30.0,20.0,0.01,1964.75
2026-07-20T23:00:00,31.731,74.264,27.0,96,0.0,30.0,20.1,0.0,1964.54
2026-07-21T00:00:00,31.731,74.264,27.2,95,0.0,30.0,25.5,0.01,1967.64
2026-07-21T01:00:00,31.731,74.264,27.1,95,0.0,30.0,25.900000000000002,0.02,1974.41
2026-07-21T02:00:00,31.731,74.264,27.3,92,2.0,30.0,26.1,0.06,1964.4
2026-07-21T03:00:00,31.731,74.264,27.0,93,17.0,30.0,37.2,0.12,1967.69
2026-07-21T04:00:00,31.731,74.264,26.8,95,19.0,30.0,40.9,0.11,1966.45
2026-07-21T05:00:00,31.731,74.264,27.7,94,28.0,30.0,40.5,0.12,1967.31
2026-07-21T06:00:00,31.731,74.264,27.5,93,48.0,30.0,43.3,0.18,1974.65
2026-07-21T07:00:00,31.731,74.264,28.2,89,33.0,30.0,40.1,0.21,1971.67
2026-07-21T08:00:00,31.731,74.264,28.8,84,67.0,30.0,39.2,0.27,1970.06
2026-07-21T09:00:00,31.731,74.264,29.0,81,133.0,30.0,38.4,0.37,1965.22
2026-07-21T10:00:00,31.731,74.264,29.2,79,159.0,30.0,37.9,0.34,1970.17
2026-07-21T11:00:00,31.731,74.264,28.9,77,128.0,30.0,37.5,0.27,1962.97
2026-07-21T12:00:00,31.731,74.264,28.6,81,65.0,30.0,41.9,0.19,1960.83
2026-07-21T13:00:00,31.731,74.264,27.5,89,6.0,30.0,40.2,0.08,1974.33
2026-07-21T14:00:00,31.731,74.264,26.8,91,0.0,30.0,39.300000000000004,0.04,1970.34
2026-07-21T15:00:00,31.731,74.264,26.5,90,0.0,30.0,38.6,0.03,1964.88
2026-07-21T16:00:00,31.731,74.264,26.5,89,0.0,30.0,38.1,0.01,1967.86
2026-07-21T17:00:00,31.731,74.264,26.3,89,0.0,30.0,37.7,0.01,1969.99
2026-07-21T18:00:00,31.731,74.264,26.8,88,0.0,30.0,39.1,0.02,1975.6
2026-07-21T19:00:00,31.731,74.264,26.7,87,0.0,30.0,38.5,0.02,1979.85
2026-07-21T20:00:00,31.731,74.264,26.6,87,0.0,30.0,38.1,0.02,1957.41
2026-07-21T21:00:00,31.731,74.264,26.7,84,0.0,30.0,37.7,0.03,1962.76
2026-07-21T22:00:00,31.731,74.264,26.5,83,0.0,30.0,37.4,0.03,1966.28
2026-07-21T23:00:00,31.731,74.264,24.7,94,0.0,30.0,40.699999999999996,0.0,1954.27
2026-07-22T00:00:00,31.731,74.264,25.0,96,0.0,30.0,38.6,0.0,1971.78
2026-07-22T01:00:00,31.731,74.264,25.1,96,0.0,30.0,42.1,0.02,1965.44
2026-07-22T02:00:00,31.731,74.264,25.1,95,0.0,30.0,42.3,0.03,1970.76
2026-07-22T03:00:00,31.731,74.264,25.9,93,4.0,30.0,41.699999999999996,0.07,1970.67
2026-07-22T04:00:00,31.731,74.264,27.1,92,18.0,30.0,41.0,0.16,1976.58
2026-07-22T05:00:00,31.731,74.264,28.5,82,48.0,30.0,40.300000000000004,0.23,1969.2
2026-07-22T06:00:00,31.731,74.264,29.1,77,85.0,30.0,42.6,0.3,1960.48
2026-07-22T07:00:00,31.731,74.264,30.1,74,140.0,30.0,41.0,0.36,1965.57
2026-07-22T08:00:00,31.731,74.264,30.7,70,84.0,30.0,40.2,0.34,1972.4
2026-07-22T09:00:00,31.731,74.264,27.5,85,73.0,30.0,42.3,0.26,1973.54
2026-07-22T10:00:00,31.731,74.264,27.1,92,12.0,30.0,41.9,0.12,1972.38
2026-07-22T11:00:00,31.731,74.264,28.2,88,55.0,30.0,41.0,0.17,1967.65
2026-07-22T12:00:00,31.731,74.264,27.4,87,33.0,30.0,39.6,0.14,1969.97
2026-07-22T13:00:00,31.731,74.264,27.4,88,3.0,30.0,40.1,0.08,1968.99
2026-07-22T14:00:00,31.731,74.264,26.4,92,0.0,30.0,41.4,0.03,1964.96
2026-07-22T15:00:00,31.731,74.264,26.4,94,0.0,30.0,40.6,0.02,1975.79
2026-07-22T16:00:00,31.731,74.264,26.3,94,0.0,30.0,39.900000000000006,0.01,1963.61
2026-07-22T17:00:00,31.731,74.264,26.1,93,0.0,30.0,39.4,0.01,1961.35
2026-07-22T18:00:00,31.731,74.264,26.3,92,0.0,30.0,39.6,0.0,1965.95
2026-07-22T19:00:00,31.731,74.264,26.0,92,0.0,30.0,39.2,0.0,1963.1
2026-07-22T20:00:00,31.731,74.264,25.8,91,0.0,30.0,38.9,0.01,1980.01
2026-07-22T21:00:00,31.731,74.264,25.6,90,0.0,30.0,38.6,0.01,1968.38
2026-07-22T22:00:00,31.731,74.264,24.4,96,0.0,30.0,43.0,0.0,1965.14
2026-07-22T23:00:00,31.731,74.264,23.9,99,0.0,30.0,43.0,0.0,1977.03
2026-07-23T00:00:00,31.731,74.264,26.0,91,0.0,30.0,37.3,0.02,1972.63
2026-07-23T01:00:00,31.731,74.264,26.0,91,0.0,30.0,37.5,0.02,1969.7
2026-07-23T02:00:00,31.731,74.264,26.0,94,0.0,30.0,39.4,0.04,1969.78
2026-07-23T03:00:00,31.731,74.264,26.1,94,20.0,30.0,42.699999999999996,0.09,1963.61
2026-07-23T04:00:00,31.731,74.264,25.7,93,13.0,30.0,43.0,0.08,1964.23
2026-07-23T05:00:00,31.731,74.264,25.4,96,11.0,30.0,43.0,0.08,1965.53
2026-07-23T06:00:00,31.731,74.264,26.2,92,7.0,30.0,42.9,0.1,1959.81
2026-07-23T07:00:00,31.731,74.264,26.2,93,0.0,30.0,42.4,0.12,1970.25
2026-07-23T08:00:00,31.731,74.264,27.3,84,44.0,30.0,41.9,0.23,1964.55
2026-07-23T09:00:00,31.731,74.264,27.8,80,46.0,30.0,41.5,0.25,1966.3
2026-07-23T10:00:00,31.731,74.264,28.9,74,133.0,30.0,41.099999999999994,0.34,1965.1
2026-07-23T11:00:00,31.731,74.264,29.0,75,56.0,30.0,40.8,0.25,1966.92
2026-07-23T12:00:00,31.731,74.264,28.6,77,75.0,30.0,42.1,0.21,1965.78
2026-07-23T13:00:00,31.731,74.264,28.0,80,5.0,30.0,41.5,0.09,1966.42
2026-07-23T14:00:00,31.731,74.264,27.5,82,0.0,30.0,41.199999999999996,0.04,1966.13
2026-07-23T15:00:00,31.731,74.264,27.0,84,0.0,30.0,40.9,0.03,1971.22
2026-07-23T16:00:00,31.731,74.264,26.7,83,0.0,30.0,40.699999999999996,0.02,1969.01
2026-07-23T17:00:00,31.731,74.264,26.7,82,0.0,30.0,40.6,0.02,1973.41
2026-07-23T18:00:00,31.731,74.264,27.4,80,0.0,30.0,41.0,0.03,1972.91
2026-07-23T19:00:00,31.731,74.264,26.8,82,0.0,30.0,40.8,0.02,1962.2
2026-07-23T20:00:00,31.731,74.264,26.7,83,0.0,30.0,40.6,0.02,1963.67
2026-07-23T21:00:00,31.731,74.264,26.7,82,0.0,30.0,40.400000000000006,0.02,1975.33
2026-07-23T22:00:00,31.731,74.264,25.6,90,0.0,30.0,43.0,0.01,1962.04
2026-07-23T23:00:00,31.731,74.264,25.2,94,0.0,30.0,42.9,0.0,1969.28
2026-07-24T00:00:00,31.731,74.264,25.2,99,0.0,30.0,40.2,0.0,1974.23
2026-07-24T01:00:00,31.731,74.264,24.8,99,0.0,30.0,42.9,0.01,1966.79
2026-07-24T02:00:00,31.731,74.264,25.6,96,0.0,30.0,42.699999999999996,0.03,1962.87
2026-07-24T03:00:00,31.731,74.264,26.4,94,12.0,30.0,42.3,0.1,1968.82
2026-07-24T04:00:00,31.731,74.264,27.7,85,100.0,30.0,41.8,0.25,1967.27
2026-07-24T05:00:00,31.731,74.264,29.3,78,178.0,30.0,41.4,0.36,1969.46
2026-07-24T06:00:00,31.731,74.264,30.3,75,364.0,30.0,41.699999999999996,0.5,1971.4
2026-07-24T07:00:00,31.731,74.264,31.8,69,505.0,30.0,41.099999999999994,0.6,1968.83
2026-07-24T08:00:00,31.731,74.264,32.6,65,500.0,30.0,40.6,0.61,1962.31
2026-07-24T09:00:00,31.731,74.264,32.6,63,482.0,30.0,40.2,0.59,1965.39
2026-07-24T10:00:00,31.731,74.264,32.6,62,272.0,30.0,39.900000000000006,0.44,1969.77
2026-07-24T11:00:00,31.731,74.264,32.4,62,158.0,30.0,39.6,0.32,1964.59
2026-07-24T12:00:00,31.731,74.264,32.1,64,131.0,30.0,38.9,0.26,1960.61
2026-07-24T13:00:00,31.731,74.264,31.3,71,53.0,30.0,38.800000000000004,0.14,1967.54
2026-07-24T14:00:00,31.731,74.264,30.0,79,6.0,30.0,38.7,0.04,1974.07
2026-07-24T15:00:00,31.731,74.264,29.4,83,0.0,30.0,38.7,0.02,1967.87
2026-07-24T16:00:00,31.731,74.264,29.0,84,0.0,30.0,38.7,0.01,1969.84
2026-07-24T17:00:00,31.731,74.264,28.8,85,0.0,30.0,38.6,0.01,1968.63
2026-07-24T18:00:00,31.731,74.264,29.3,80,0.0,30.0,38.5,0.02,1976.91
2026-07-24T19:00:00,31.731,74.264,28.6,83,0.0,30.0,38.4,0.02,1966.84
2026-07-24T20:00:00,31.731,74.264,28.5,83,0.0,30.0,38.4,0.02,1963.62
2026-07-24T21:00:00,31.731,74.264,28.2,83,0.0,30.0,38.3,0.02,1969.89
2026-07-24T22:00:00,31.731,74.264,27.8,84,0.0,30.0,38.3,0.02,1963.49
2026-07-24T23:00:00,31.731,74.264,25.7,95,0.0,30.0,43.0,0.01,1967.4
2026-07-25T00:00:00,31.731,74.264,25.1,95,0.0,30.0,38.3,0.0,1964.53
2026-07-25T01:00:00,31.731,74.264,25.9,95,0.0,30.0,40.5,0.02,1968.85
2026-07-25T02:00:00,31.731,74.264,25.9,95,0.0,30.0,41.8,0.04,1972.98
2026-07-25T03:00:00,31.731,74.264,26.0,91,18.0,30.0,41.9,0.13,1963.46
2026-07-25T04:00:00,31.731,74.264,26.4,90,61.0,30.0,42.199999999999996,0.2,1966.47
2026-07-25T05:00:00,31.731,74.264,28.6,81,103.0,30.0,41.5,0.29,1967.11
2026-07-25T06:00:00,31.731,74.264,28.5,87,96.0,30.0,41.699999999999996,0.3,1962.1
2026-07-25T07:00:00,31.731,74.264,26.9,92,28.0,30.0,43.0,0.16,1970.01
2026-07-25T08:00:00,31.731,74.264,27.6,92,0.0,30.0,42.3,0.14,1971.01
2026-07-25T09:00:00,31.731,74.264,30.5,77,185.0,30.0,41.699999999999996,0.41,1971.11
2026-07-25T10:00:00,31.731,74.264,31.3,76,305.0,30.0,41.4,0.45,1965.94
2026-07-25T11:00:00,31.731,74.264,31.2,77,237.0,30.0,41.3,0.36,1959.41
2026-07-25T12:00:00,31.731,74.264,30.6,73,54.0,30.0,42.699999999999996,0.18,1968.12
2026-07-25T13:00:00,31.731,74.264,29.8,77,23.0,30.0,42.1,0.13,1968.19
2026-07-25T14:00:00,31.731,74.264,28.8,81,4.0,30.0,41.699999999999996,0.05,1961.64
2026-07-25T15:00:00,31.731,74.264,28.1,85,0.0,30.0,41.5,0.03,1969.67
2026-07-25T16:00:00,31.731,74.264,27.9,88,0.0,30.0,41.3,0.02,1968.19
2026-07-25T17:00:00,31.731,74.264,27.8,89,0.0,30.0,41.099999999999994,0.01,1968.68
2026-07-25T18:00:00,31.731,74.264,27.6,89,0.0,30.0,41.0,0.01,1965.76
2026-07-25T19:00:00,31.731,74.264,27.1,92,0.0,30.0,40.8,0.01,1964.71
2026-07-25T20:00:00,31.731,74.264,26.9,93,0.0,30.0,40.699999999999996,0.01,1973.21
2026-07-25T21:00:00,31.731,74.264,26.7,94,0.0,30.0,40.6,0.0,1955.11
2026-07-25T22:00:00,31.731,74.264,26.6,94,0.0,30.0,40.400000000000006,0.0,1971.05
2026-07-25T23:00:00,31.731,74.264,26.5,94,0.0,30.0,40.300000000000004,0.0,1968.08
2026-07-26T00:00:00,31.731,74.264,27.4,93,0.0,30.0,39.900000000000006,0.01,1960.45
2026-07-26T01:00:00,31.731,74.264,27.4,92,1.0,30.0,39.800000000000004,0.02,1970.14
2026-07-26T02:00:00,31.731,74.264,28.4,89,13.0,30.0,39.7,0.08,1973.09
2026-07-26T03:00:00,31.731,74.264,28.7,86,69.0,30.0,39.900000000000006,0.17,1968.44
2026-07-26T04:00:00,31.731,74.264,29.7,83,178.0,30.0,40.2,0.29,1967.75
2026-07-26T05:00:00,31.731,74.264,31.3,75,327.0,30.0,40.1,0.44,1972.4
2026-07-26T06:00:00,31.731,74.264,32.4,66,408.0,30.0,40.1,0.54,1965.37
2026-07-26T07:00:00,31.731,74.264,33.3,64,424.0,30.0,39.7,0.59,1958.45
2026-07-26T08:00:00,31.731,74.264,33.8,62,419.0,30.0,39.300000000000004,0.59,1965.43
2026-07-26T09:00:00,31.731,74.264,34.2,60,454.0,30.0,38.9,0.59,1964.55
2026-07-26T10:00:00,31.731,74.264,34.2,61,384.0,30.0,38.6,0.51,1969.68
2026-07-26T11:00:00,31.731,74.264,33.7,62,298.0,30.0,38.5,0.4,1964.6
2026-07-26T12:00:00,31.731,74.264,31.3,80,162.0,30.0,39.300000000000004,0.25,1974.62
2026-07-26T13:00:00,31.731,74.264,31.3,82,43.0,30.0,39.300000000000004,0.13,1965.09
2026-07-26T14:00:00,31.731,74.264,30.3,88,6.0,30.0,39.2,0.03,1967.91
2026-07-26T15:00:00,31.731,74.264,29.6,91,0.0,30.0,39.0,0.0,1964.45
2026-07-26T16:00:00,31.731,74.264,29.1,93,0.0,30.0,38.9,0.0,1967.99
2026-07-26T17:00:00,31.731,74.264,28.7,95,0.0,30.0,38.800000000000004,0.0,1967.44
2026-07-26T18:00:00,31.731,74.264,29.2,94,0.0,30.0,38.800000000000004,0.0,1968.86
2026-07-26T19:00:00,31.731,74.264,28.9,95,0.0,30.0,38.7,0.0,1971.38
2026-07-26T20:00:00,31.731,74.264,28.5,96,0.0,30.0,38.6,0.0,1965.33
2026-07-26T21:00:00,31.731,74.264,28.2,97,0.0,30.0,38.5,0.0,1973.34
2026-07-26T22:00:00,31.731,74.264,28.2,97,0.0,30.0,38.5,0.0,1973.49
2026-07-26T23:00:00,31.731,74.264,27.4,97,0.0,30.0,38.5,0.0,1971.14
2026-07-27T00:00:00,31.731,74.264,28.9,94,0.0,30.0,38.0,0.0,1968.58
2026-07-27T01:00:00,31.731,74.264,28.7,95,1.0,30.0,37.9,0.01,1959.95
2026-07-27T02:00:00,31.731,74.264,29.9,89,28.0,30.0,37.8,0.08,1978.53
2026-07-27T03:00:00,31.731,74.264,31.3,78,123.0,30.0,37.7,0.21,1968.22
2026-07-27T04:00:00,31.731,74.264,32.5,70,254.0,30.0,37.5,0.35,1967.79
2026-07-27T05:00:00,31.731,74.264,33.3,68,367.0,30.0,37.2,0.48,1966.15
2026-07-27T06:00:00,31.731,74.264,33.5,64,446.0,30.0,36.8,0.56,1957.26
2026-07-27T07:00:00,31.731,74.264,34.3,62,464.0,30.0,36.5,0.61,1965.22
2026-07-27T08:00:00,31.731,74.264,34.8,62,502.0,30.0,36.199999999999996,0.63,1973.47
2026-07-27T09:00:00,31.731,74.264,35.2,60,501.0,30.0,35.8,0.62,1957.85
2026-07-27T10:00:00,31.731,74.264,35.2,59,408.0,30.0,35.5,0.53,1976.45
2026-07-27T11:00:00,31.731,74.264,35.1,58,305.0,30.0,35.3,0.43,1974.94
2026-07-27T12:00:00,31.731,74.264,34.8,59,172.0,30.0,35.099999999999994,0.3,1976.28
2026-07-27T13:00:00,31.731,74.264,33.7,69,64.0,30.0,35.0,0.15,1970.27
2026-07-27T14:00:00,31.731,74.264,32.5,77,7.0,30.0,35.0,0.04,1970.71
2026-07-27T15:00:00,31.731,74.264,31.5,80,0.0,30.0,35.0,0.01,1971.46
2026-07-27T16:00:00,31.731,74.264,30.9,82,0.0,30.0,35.0,0.01,1968.65
2026-07-27T17:00:00,31.731,74.264,30.6,85,0.0,30.0,35.0,0.0,1962.36
2026-07-27T18:00:00,31.731,74.264,31.1,83,0.0,30.0,34.5,0.0,1971.49
2026-07-27T19:00:00,31.731,74.264,30.7,82,0.0,30.0,34.5,0.01,1965.85
2026-07-27T20:00:00,31.731,74.264,30.5,81,0.0,30.0,34.5,0.01,1966.16
2026-07-27T21:00:00,31.731,74.264,30.1,80,0.0,30.0,34.599999999999994,0.02,1959.65
2026-07-27T22:00:00,31.731,74.264,27.3,92,0.0,30.0,37.5,0.01,1964.49
2026-07-27T23:00:00,31.731,74.264,27.2,93,0.0,30.0,39.0,0.01,1971.54
2026-07-28T00:00:00,31.731,74.264,28.9,86,0.0,30.0,40.6,0.01,1972.2
2026-07-28T01:00:00,31.731,74.264,29.2,84,1.0,30.0,40.1,0.01,1966.54
2026-07-28T02:00:00,31.731,74.264,29.2,87,10.0,30.0,39.6,0.08,1966.27
2026-07-28T03:00:00,31.731,74.264,31.0,80,96.0,30.0,39.2,0.2,1969.09
2026-07-28T04:00:00,31.731,74.264,32.7,69,160.0,30.0,38.800000000000004,0.32,1969.03
2026-07-28T05:00:00,31.731,74.264,33.9,65,311.0,30.0,38.3,0.47,1970.14
2026-07-28T06:00:00,31.731,74.264,35.0,54,362.0,30.0,38.7,0.54,1963.33
2026-07-28T07:00:00,31.731,74.264,35.2,55,457.0,30.0,38.3,0.61,1965.13
2026-07-28T08:00:00,31.731,74.264,34.2,61,372.0,30.0,38.1,0.53,1970.2
2026-07-28T09:00:00,31.731,74.264,34.5,61,438.0,30.0,37.8,0.58,1970.15
2026-07-28T10:00:00,31.731,74.264,34.6,62,413.0,30.0,37.4,0.53,1967.38
2026-07-28T11:00:00,31.731,74.264,34.4,64,283.0,30.0,37.1,0.42,1965.04
2026-07-28T12:00:00,31.731,74.264,34.4,60,169.0,30.0,35.0,0.29,1972.32
2026-07-28T13:00:00,31.731,74.264,33.1,70,31.0,30.0,34.9,0.15,1967.37
2026-07-28T14:00:00,31.731,74.264,31.9,73,2.0,30.0,34.8,0.07,1971.82
2026-07-28T15:00:00,31.731,74.264,31.2,77,0.0,30.0,34.8,0.05,1956.9
2026-07-28T16:00:00,31.731,74.264,30.9,79,0.0,30.0,34.8,0.05,1971.84
2026-07-28T17:00:00,31.731,74.264,30.4,81,0.0,30.0,34.699999999999996,0.04,1965.65
2026-07-28T18:00:00,31.731,74.264,30.7,83,0.0,30.0,35.0,0.04,1963.77
2026-07-28T19:00:00,31.731,74.264,29.9,87,0.0,30.0,34.9,0.03,1973.08
2026-07-28T20:00:00,31.731,74.264,29.2,90,0.0,30.0,34.9,0.02,1976.72
2026-07-28T21:00:00,31.731,74.264,28.1,93,0.0,30.0,35.699999999999996,0.01,1965.3
2026-07-28T22:00:00,31.731,74.264,27.9,95,0.0,30.0,35.699999999999996,0.01,1965.8
2026-07-28T23:00:00,31.731,74.264,27.7,96,0.0,30.0,35.699999999999996,0.01,1982.14
2026-07-29T00:00:00,31.731,74.264,26.2,95,0.0,30.0,37.2,0.01,1963.44
2026-07-29T01:00:00,31.731,74.264,26.0,96,0.0,30.0,37.6,0.01,1968.69
2026-07-29T02:00:00,31.731,74.264,26.4,94,19.0,30.0,37.9,0.07,1965.69
2026-07-29T03:00:00,31.731,74.264,28.4,85,97.0,30.0,37.7,0.19,1970.57
2026-07-29T04:00:00,31.731,74.264,30.3,77,174.0,30.0,37.4,0.32,1976.99
2026-07-29T05:00:00,31.731,74.264,31.3,74,196.0,30.0,37.0,0.39,1971.93
2026-07-29T06:00:00,31.731,74.264,28.8,75,140.0,30.0,38.6,0.37,1968.35
2026-07-29T07:00:00,31.731,74.264,29.6,75,235.0,30.0,38.2,0.34,1964.51
2026-07-29T08:00:00,31.731,74.264,31.1,72,493.0,30.0,37.7,0.53,1967.79
2026-07-29T09:00:00,31.731,74.264,31.9,70,477.0,30.0,37.2,0.59,1965.86
2026-07-29T10:00:00,31.731,74.264,32.3,68,401.0,30.0,36.8,0.49,1967.18
2026-07-29T11:00:00,31.731,74.264,32.3,67,272.0,30.0,36.4,0.4,1968.83
2026-07-29T12:00:00,31.731,74.264,32.6,63,142.0,30.0,35.5,0.26,1963.76
2026-07-29T13:00:00,31.731,74.264,31.6,69,54.0,30.0,35.4,0.14,1969.82
2026-07-29T14:00:00,31.731,74.264,30.3,77,6.0,30.0,35.3,0.03,1966.49
2026-07-29T15:00:00,31.731,74.264,29.9,78,0.0,30.0,35.3,0.0,1975.84
2026-07-29T16:00:00,31.731,74.264,29.0,82,0.0,30.0,35.199999999999996,0.01,1958.37
2026-07-29T17:00:00,31.731,74.264,28.5,84,0.0,30.0,35.199999999999996,0.01,1971.73
2026-07-29T18:00:00,31.731,74.264,28.8,85,0.0,30.0,35.6,0.01,1970.7
2026-07-29T19:00:00,31.731,74.264,28.2,87,0.0,30.0,35.5,0.01,1964.41
2026-07-29T20:00:00,31.731,74.264,28.0,88,0.0,30.0,35.5,0.01,1967.96
2026-07-29T21:00:00,31.731,74.264,27.7,90,0.0,30.0,35.5,0.0,1961.44
2026-07-29T22:00:00,31.731,74.264,27.5,90,0.0,30.0,35.4,0.01,1972.21
2026-07-29T23:00:00,31.731,74.264,27.2,91,0.0,30.0,35.4,0.01,1969.18
2026-07-30T00:00:00,31.731,74.264,26.8,92,0.0,30.0,35.099999999999994,0.01,1967.31
2026-07-30T01:00:00,31.731,74.264,27.3,92,1.0,30.0,35.0,0.02,1964.11
2026-07-30T02:00:00,31.731,74.264,28.2,90,31.0,30.0,35.0,0.08,1965.04
2026-07-30T03:00:00,31.731,74.264,29.4,84,123.0,30.0,34.9,0.2,1961.4
2026-07-30T04:00:00,31.731,74.264,30.8,78,242.0,30.0,34.699999999999996,0.33,1960.49
2026-07-30T05:00:00,31.731,74.264,32.1,72,369.0,30.0,34.5,0.46,1969.78
2026-07-30T06:00:00,31.731,74.264,33.1,68,440.0,30.0,34.9,0.55,1962.77
2026-07-30T07:00:00,31.731,74.264,33.9,65,516.0,30.0,34.599999999999994,0.63,1966.31
2026-07-30T08:00:00,31.731,74.264,34.4,64,498.0,30.0,34.300000000000004,0.62,1975.58
2026-07-30T09:00:00,31.731,74.264,34.6,64,469.0,30.0,34.0,0.6,1963.07
2026-07-30T10:00:00,31.731,74.264,34.0,67,346.0,30.0,33.7,0.48,1966.6
2026-07-30T11:00:00,31.731,74.264,30.3,76,244.0,30.0,34.699999999999996,0.34,1975.85
2026-07-30T12:00:00,31.731,74.264,32.0,76,77.0,30.0,33.7,0.2,1963.64
2026-07-30T13:00:00,31.731,74.264,31.8,77,54.0,30.0,33.7,0.14,1969.11
2026-07-30T14:00:00,31.731,74.264,28.6,91,4.0,30.0,34.8,0.03,1973.06
2026-07-30T15:00:00,31.731,74.264,28.1,95,0.0,30.0,35.4,0.0,1968.15
2026-07-30T16:00:00,31.731,74.264,28.1,95,0.0,30.0,35.4,0.0,1961.05
2026-07-30T17:00:00,31.731,74.264,28.2,93,0.0,30.0,35.3,0.01,1960.74
2026-07-30T18:00:00,31.731,74.264,28.8,88,0.0,30.0,35.199999999999996,0.02,1966.62
2026-07-30T19:00:00,31.731,74.264,28.3,89,0.0,30.0,35.199999999999996,0.02,1965.56
2026-07-30T20:00:00,31.731,74.264,28.1,92,0.0,30.0,35.099999999999994,0.01,1971.57
2026-07-30T21:00:00,31.731,74.264,27.9,93,0.0,30.0,35.099999999999994,0.01,1967.91
2026-07-30T22:00:00,31.731,74.264,27.7,95,0.0,30.0,35.0,0.01,1964.78
2026-07-30T23:00:00,31.731,74.264,27.1,96,0.0,30.0,35.0,0.01,1968.25
2026-07-31T00:00:00,31.731,74.264,28.1,85,0.0,30.0,34.0,0.03,1965.27
2026-07-31T01:00:00,31.731,74.264,26.5,87,1.0,30.0,33.900000000000006,0.03,1971.65
2026-07-31T02:00:00,31.731,74.264,26.9,86,17.0,30.0,33.900000000000006,0.08,1973.89
2026-07-31T03:00:00,31.731,74.264,26.0,92,58.0,30.0,35.099999999999994,0.13,1956.7
2026-07-31T04:00:00,31.731,74.264,26.6,89,59.0,30.0,35.8,0.18,1977.43
2026-07-31T05:00:00,31.731,74.264,28.8,80,238.0,30.0,35.699999999999996,0.38,1966.5
2026-07-31T06:00:00,31.731,74.264,29.6,81,118.0,30.0,37.6,0.36,1967.13
2026-07-31T07:00:00,31.731,74.264,30.5,78,455.0,30.0,37.4,0.54,1975.28
2026-07-31T08:00:00,31.731,74.264,28.3,90,191.0,30.0,40.9,0.36,1974.98
2026-07-31T09:00:00,31.731,74.264,29.4,86,110.0,30.0,40.400000000000006,0.28,1977.01
2026-07-31T10:00:00,31.731,74.264,30.4,82,73.0,30.0,39.800000000000004,0.28,1977.66
2026-07-31T11:00:00,31.731,74.264,30.9,79,42.0,30.0,39.300000000000004,0.24,1967.53
2026-07-31T12:00:00,31.731,74.264,30.9,76,10.0,30.0,41.6,0.16,1963.23
2026-07-31T13:00:00,31.731,74.264,30.4,79,31.0,30.0,40.699999999999996,0.13,1967.02
2026-07-31T14:00:00,31.731,74.264,29.6,82,1.0,30.0,40.1,0.05,1976.55
2026-07-31T15:00:00,31.731,74.264,29.2,84,0.0,30.0,39.6,0.03,1964.25
2026-07-31T16:00:00,31.731,74.264,29.1,84,0.0,30.0,39.300000000000004,0.02,1968.12
2026-07-31T17:00:00,31.731,74.264,28.7,84,0.0,30.0,39.0,0.02,1963.75
2026-07-31T18:00:00,31.731,74.264,28.4,83,0.0,30.0,39.300000000000004,0.03,1965.1
2026-07-31T19:00:00,31.731,74.264,27.8,85,0.0,30.0,39.0,0.02,1970.68
2026-07-31T20:00:00,31.731,74.264,27.5,86,0.0,30.0,38.800000000000004,0.01,1971.02
2026-07-31T21:00:00,31.731,74.264,27.4,87,0.0,30.0,38.6,0.01,1959.78
2026-07-31T22:00:00,31.731,74.264,27.3,87,0.0,30.0,38.4,0.02,1975.8
2026-07-31T23:00:00,31.731,74.264,27.5,86,0.0,30.0,38.3,0.02,1966.45
2026-08-01T00:00:00,31.731,74.264,27.7,86,0.0,30.0,37.3,0.01,1957.78
2026-08-01T01:00:00,31.731,74.264,27.7,86,1.0,30.0,37.2,0.03,1971.01
2026-08-01T02:00:00,31.731,74.264,28.8,82,27.0,30.0,37.0,0.1,1965.43
2026-08-01T03:00:00,31.731,74.264,29.4,77,114.0,30.0,36.8,0.22,1968.3
2026-08-01T04:00:00,31.731,74.264,29.6,76,201.0,30.0,36.6,0.31,1972.21
2026-08-01T05:00:00,31.731,74.264,30.3,75,302.0,30.0,36.3,0.41,1963.32
2026-08-01T06:00:00,31.731,74.264,31.7,69,446.0,30.0,35.699999999999996,0.54,1963.75
2026-08-01T07:00:00,31.731,74.264,32.7,64,488.0,30.0,35.4,0.6,1961.84
2026-08-01T08:00:00,31.731,74.264,33.4,60,511.0,30.0,35.199999999999996,0.63,1963.9
2026-08-01T09:00:00,31.731,74.264,33.6,60,437.0,30.0,34.9,0.57,1975.96
2026-08-01T10:00:00,31.731,74.264,33.7,60,379.0,30.0,34.699999999999996,0.5,1972.9
2026-08-01T11:00:00,31.731,74.264,33.7,60,295.0,30.0,34.4,0.4,1973.76
2026-08-01T12:00:00,31.731,74.264,32.8,65,165.0,30.0,34.599999999999994,0.26,1962.15
2026-08-01T13:00:00,31.731,74.264,32.3,68,42.0,30.0,34.5,0.12,1967.65
2026-08-01T14:00:00,31.731,74.264,30.9,78,4.0,30.0,34.5,0.04,1969.58
2026-08-01T15:00:00,31.731,74.264,30.2,79,0.0,30.0,34.4,0.02,1973.91
2026-08-01T16:00:00,31.731,74.264,29.6,80,0.0,30.0,34.4,0.02,1963.87
2026-08-01T17:00:00,31.731,74.264,29.2,81,0.0,30.0,34.4,0.02,1963.15
2026-08-01T18:00:00,31.731,74.264,29.9,78,0.0,30.0,33.6,0.02,1975.41
2026-08-01T19:00:00,31.731,74.264,29.2,82,0.0,30.0,33.5,0.02,1961.8
2026-08-01T20:00:00,31.731,74.264,28.9,85,0.0,30.0,33.5,0.01,1969.47
2026-08-01T21:00:00,31.731,74.264,28.8,86,0.0,30.0,33.5,0.02,1972.93
2026-08-01T22:00:00,31.731,74.264,28.7,86,0.0,30.0,33.5,0.02,1973.18
2026-08-01T23:00:00,31.731,74.264,28.4,87,0.0,30.0,33.5,0.02,1966.22
2026-08-02T00:00:00,31.731,74.264,28.7,82,0.0,30.0,31.900000000000002,0.02,1965.89
2026-08-02T01:00:00,31.731,74.264,27.5,89,1.0,30.0,32.5,0.03,1973.54
2026-08-02T02:00:00,31.731,74.264,27.1,93,11.0,30.0,35.099999999999994,0.06,1976.83
2026-08-02T03:00:00,31.731,74.264,27.9,92,43.0,30.0,35.4,0.12,1960.27
2026-08-02T04:00:00,31.731,74.264,29.8,84,170.0,30.0,35.4,0.29,1966.77
2026-08-02T05:00:00,31.731,74.264,31.6,73,327.0,30.0,35.3,0.44,1956.42
2026-08-02T06:00:00,31.731,74.264,32.5,70,418.0,30.0,32.9,0.54,1962.01
2026-08-02T07:00:00,31.731,74.264,33.5,63,489.0,30.0,32.7,0.6,1964.53
2026-08-02T08:00:00,31.731,74.264,34.1,61,498.0,30.0,32.4,0.62,1978.11
2026-08-02T09:00:00,31.731,74.264,34.4,59,455.0,30.0,32.1,0.57,1962.02
2026-08-02T10:00:00,31.731,74.264,34.4,59,364.0,30.0,31.8,0.5,1967.32
2026-08-02T11:00:00,31.731,74.264,34.3,59,267.0,30.0,31.6,0.39,1963.51
2026-08-02T12:00:00,31.731,74.264,34.0,64,158.0,30.0,28.599999999999998,0.27,1966.6
2026-08-02T13:00:00,31.731,74.264,32.8,71,31.0,30.0,28.799999999999997,0.12,1959.64
2026-08-02T14:00:00,31.731,74.264,31.4,81,4.0,30.0,28.9,0.03,1961.34
2026-08-02T15:00:00,31.731,74.264,30.7,82,0.0,30.0,28.9,0.02,1967.62
2026-08-02T16:00:00,31.731,74.264,30.4,80,0.0,30.0,28.9,0.04,1963.59
2026-08-02T17:00:00,31.731,74.264,29.6,83,0.0,30.0,28.999999999999996,0.03,1971.09
2026-08-02T18:00:00,31.731,74.264,30.2,85,0.0,30.0,26.8,0.02,1979.58
2026-08-02T19:00:00,31.731,74.264,29.6,88,0.0,30.0,26.900000000000002,0.02,1975.04
2026-08-02T20:00:00,31.731,74.264,29.0,91,0.0,30.0,26.900000000000002,0.01,1965.92
2026-08-02T21:00:00,31.731,74.264,28.7,92,0.0,30.0,27.0,0.0,1973.99
2026-08-02T22:00:00,31.731,74.264,28.6,92,0.0,30.0,27.0,0.0,1972.78
2026-08-02T23:00:00,31.731,74.264,28.5,92,0.0,30.0,27.1,0.0,1967.48
2026-08-03T00:00:00,31.731,74.264,29.1,89,0.0,30.0,27.1,0.01,1960.85
2026-08-03T01:00:00,31.731,74.264,28.9,90,1.0,30.0,27.200000000000003,0.02,1970.1
2026-08-03T02:00:00,31.731,74.264,30.2,86,30.0,30.0,27.200000000000003,0.09,1962.28
2026-08-03T03:00:00,31.731,74.264,31.1,79,132.0,30.0,27.200000000000003,0.22,1968.49
2026-08-03T04:00:00,31.731,74.264,32.6,71,263.0,30.0,27.1,0.36,1965.29
2026-08-03T05:00:00,31.731,74.264,33.6,67,364.0,30.0,26.900000000000002,0.47,1964.16
2026-08-03T06:00:00,31.731,74.264,34.5,58,415.0,30.0,26.5,0.56,1967.73
2026-08-03T07:00:00,31.731,74.264,35.2,57,542.0,30.0,26.200000000000003,0.65,1961.18
2026-08-03T08:00:00,31.731,74.264,35.4,56,546.0,30.0,26.0,0.65,1956.87
2026-08-03T09:00:00,31.731,74.264,33.1,66,469.0,30.0,26.700000000000003,0.58,1963.2
2026-08-03T10:00:00,31.731,74.264,29.7,84,232.0,30.0,30.0,0.37,1971.3
2026-08-03T11:00:00,31.731,74.264,30.3,86,84.0,30.0,30.5,0.21,1968.9
2026-08-03T12:00:00,31.731,74.264,27.9,82,104.0,30.0,31.900000000000002,0.19,1959.16
2026-08-03T13:00:00,31.731,74.264,28.1,81,3.0,30.0,31.8,0.06,1970.53
2026-08-03T14:00:00,31.731,74.264,28.0,81,0.0,30.0,31.8,0.03,1964.87
2026-08-03T15:00:00,31.731,74.264,27.9,83,0.0,30.0,31.8,0.0,1969.2
2026-08-03T16:00:00,31.731,74.264,27.7,84,0.0,30.0,31.7,0.0,1971.15
2026-08-03T17:00:00,31.731,74.264,27.4,86,0.0,30.0,31.7,0.0,1977.82
2026-08-03T18:00:00,31.731,74.264,27.5,89,0.0,30.0,32.1,0.0,1976.11
2026-08-03T19:00:00,31.731,74.264,27.3,90,0.0,30.0,32.1,0.01,1966.07
2026-08-03T20:00:00,31.731,74.264,27.4,89,0.0,30.0,32.0,0.01,1974.19
2026-08-03T21:00:00,31.731,74.264,27.4,89,0.0,30.0,32.0,0.01,1962.0
2026-08-03T22:00:00,31.731,74.264,27.2,91,0.0,30.0,32.0,0.0,1957.36
2026-08-03T23:00:00,31.731,74.264,26.8,93,0.0,30.0,32.0,0.0,1963.55
2026-08-04T00:00:00,31.731,74.264,27.1,95,0.0,30.0,32.0,0.0,1964.52
2026-08-04T01:00:00,31.731,74.264,27.1,95,1.0,30.0,32.0,0.01,1960.19
2026-08-04T02:00:00,31.731,74.264,28.1,90,27.0,30.0,31.900000000000002,0.07,1966.54
2026-08-04T03:00:00,31.731,74.264,29.5,82,109.0,30.0,31.8,0.19,1967.07
2026-08-04T04:00:00,31.731,74.264,30.9,75,248.0,30.0,31.6,0.34,1973.87
2026-08-04T05:00:00,31.731,74.264,31.5,72,297.0,30.0,31.5,0.42,1961.25
2026-08-04T06:00:00,31.731,74.264,32.2,67,331.0,30.0,31.6,0.49,1968.19
2026-08-04T07:00:00,31.731,74.264,32.9,66,453.0,30.0,31.4,0.58,1962.5
2026-08-04T08:00:00,31.731,74.264,33.2,65,436.0,30.0,31.1,0.6,1973.23
2026-08-04T09:00:00,31.731,74.264,33.3,66,357.0,30.0,31.0,0.51,1969.89
2026-08-04T10:00:00,31.731,74.264,33.3,66,321.0,30.0,30.8,0.46,1962.59
2026-08-04T11:00:00,31.731,74.264,33.1,67,267.0,30.0,30.8,0.37,1966.52
2026-08-04T12:00:00,31.731,74.264,31.9,73,130.0,30.0,31.4,0.24,1973.93
2026-08-04T13:00:00,31.731,74.264,31.2,78,46.0,30.0,31.4,0.13,1963.31
2026-08-04T14:00:00,31.731,74.264,30.0,86,4.0,30.0,31.3,0.04,1964.51
2026-08-04T15:00:00,31.731,74.264,29.3,90,0.0,30.0,31.3,0.01,1972.47
2026-08-04T16:00:00,31.731,74.264,28.9,92,0.0,30.0,31.3,0.0,1971.14
2026-08-04T17:00:00,31.731,74.264,28.7,93,0.0,30.0,31.3,0.0,1963.88
2026-08-04T18:00:00,31.731,74.264,29.7,86,0.0,30.0,29.299999999999997,0.01,1972.51
2026-08-04T19:00:00,31.731,74.264,28.7,91,0.0,30.0,29.9,0.01,1959.85
2026-08-04T20:00:00,31.731,74.264,25.9,97,0.0,30.0,31.7,0.01,1969.51
2026-08-04T21:00:00,31.731,74.264,25.6,99,0.0,30.0,33.1,0.0,1970.39
2026-08-04T22:00:00,31.731,74.264,25.9,97,0.0,30.0,33.2,0.0,1967.66
2026-08-04T23:00:00,31.731,74.264,26.0,97,0.0,30.0,33.1,0.0,1974.64
2026-08-05T00:00:00,31.731,74.264,28.2,89,0.0,30.0,36.1,0.0,1966.79
2026-08-05T01:00:00,31.731,74.264,27.4,93,1.0,30.0,35.8,0.01,1974.11
2026-08-05T02:00:00,31.731,74.264,28.4,89,30.0,30.0,35.6,0.08,1975.27
2026-08-05T03:00:00,31.731,74.264,29.7,83,132.0,30.0,35.4,0.2,1958.88
2026-08-05T04:00:00,31.731,74.264,31.1,76,267.0,30.0,35.0,0.35,1966.39
2026-08-05T05:00:00,31.731,74.264,32.0,70,379.0,30.0,34.8,0.47,1963.53
2026-08-05T06:00:00,31.731,74.264,33.2,62,403.0,30.0,34.8,0.53,1973.09
2026-08-05T07:00:00,31.731,74.264,33.6,62,517.0,30.0,34.4,0.62,1969.43
2026-08-05T08:00:00,31.731,74.264,33.8,62,508.0,30.0,33.900000000000006,0.61,1968.85
2026-08-05T09:00:00,31.731,74.264,34.0,61,492.0,30.0,33.5,0.59,1956.06
2026-08-05T10:00:00,31.731,74.264,34.1,60,416.0,30.0,33.2,0.51,1963.91
2026-08-05T11:00:00,31.731,74.264,34.1,60,292.0,30.0,32.9,0.38,1965.03
2026-08-05T12:00:00,31.731,74.264,34.4,56,172.0,30.0,31.6,0.28,1964.27
2026-08-05T13:00:00,31.731,74.264,33.0,67,52.0,30.0,31.5,0.13,1965.51
2026-08-05T14:00:00,31.731,74.264,31.2,75,5.0,30.0,31.4,0.05,1968.05
2026-08-05T15:00:00,31.731,74.264,30.4,79,0.0,30.0,31.3,0.03,1963.28
2026-08-05T16:00:00,31.731,74.264,30.2,81,0.0,30.0,31.3,0.03,1965.87
2026-08-05T17:00:00,31.731,74.264,29.9,80,0.0,30.0,31.3,0.03,1978.17
2026-08-05T18:00:00,31.731,74.264,30.3,84,0.0,30.0,30.3,0.02,1971.89
2026-08-05T19:00:00,31.731,74.264,25.9,90,0.0,30.0,33.2,0.02,1965.43
2026-08-05T20:00:00,31.731,74.264,26.0,94,0.0,30.0,34.0,0.01,1959.09
2026-08-05T21:00:00,31.731,74.264,25.0,98,0.0,30.0,34.4,0.0,1960.64
2026-08-05T22:00:00,31.731,74.264,24.6,98,0.0,30.0,35.3,0.0,1974.07
2026-08-05T23:00:00,31.731,74.264,24.7,95,0.0,30.0,35.6,0.0,1966.87
2026-08-06T00:00:00,31.731,74.264,25.6,97,0.0,30.0,29.2,0.0,1970.03
2026-08-06T01:00:00,31.731,74.264,26.4,95,0.0,30.0,30.0,0.01,1973.65
2026-08-06T02:00:00,31.731,74.264,27.2,93,24.0,30.0,30.0,0.07,1964.55
2026-08-06T03:00:00,31.731,74.264,29.0,87,124.0,30.0,29.9,0.19,1965.19
2026-08-06T04:00:00,31.731,74.264,31.0,75,280.0,30.0,29.7,0.35,1966.83
2026-08-06T05:00:00,31.731,74.264,32.4,69,410.0,30.0,29.4,0.49,1964.73
2026-08-06T06:00:00,31.731,74.264,32.3,68,506.0,30.0,29.7,0.57,1969.74
2026-08-06T07:00:00,31.731,74.264,33.1,66,509.0,30.0,29.299999999999997,0.61,1969.76
2026-08-06T08:00:00,31.731,74.264,33.8,63,522.0,30.0,28.999999999999996,0.63,1969.16
2026-08-06T09:00:00,31.731,74.264,34.1,63,457.0,30.0,28.7,0.58,1964.54
2026-08-06T10:00:00,31.731,74.264,34.3,61,388.0,30.0,28.4,0.5,1969.38
2026-08-06T11:00:00,31.731,74.264,34.1,61,279.0,30.0,28.199999999999996,0.4,1966.36
2026-08-06T12:00:00,31.731,74.264,33.8,58,163.0,30.0,27.0,0.27,1970.43
2026-08-06T13:00:00,31.731,74.264,32.5,69,56.0,30.0,26.900000000000002,0.14,1968.19
2026-08-06T14:00:00,31.731,74.264,31.0,73,5.0,30.0,26.8,0.06,1964.25
2026-08-06T15:00:00,31.731,74.264,30.5,74,0.0,30.0,26.8,0.05,1965.13
2026-08-06T16:00:00,31.731,74.264,29.8,77,0.0,30.0,26.8,0.05,1968.75
2026-08-06T17:00:00,31.731,74.264,29.3,78,0.0,30.0,26.8,0.05,1964.97
2026-08-06T18:00:00,31.731,74.264,29.3,82,0.0,30.0,25.6,0.04,1964.38
2026-08-06T19:00:00,31.731,74.264,28.4,87,0.0,30.0,25.6,0.02,1972.7
2026-08-06T20:00:00,31.731,74.264,28.0,90,0.0,30.0,25.6,0.02,1970.35
2026-08-06T21:00:00,31.731,74.264,27.7,92,0.0,30.0,25.6,0.01,1974.14
2026-08-06T22:00:00,31.731,74.264,27.5,92,0.0,30.0,25.6,0.0,1970.78
2026-08-06T23:00:00,31.731,74.264,24.2,95,0.0,30.0,28.4,0.01,1972.12
2026-08-07T00:00:00,31.731,74.264,24.2,94,0.0,30.0,26.700000000000003,0.01,1970.7
2026-08-07T01:00:00,31.731,74.264,24.5,94,0.0,30.0,27.200000000000003,0.02,1966.23
2026-08-07T02:00:00,31.731,74.264,25.3,93,22.0,30.0,27.3,0.06,1970.06
2026-08-07T03:00:00,31.731,74.264,26.7,86,93.0,30.0,27.200000000000003,0.16,1972.89
2026-08-07T04:00:00,31.731,74.264,27.5,82,75.0,30.0,27.200000000000003,0.2,1978.1
2026-08-07T05:00:00,31.731,74.264,29.5,74,157.0,30.0,27.0,0.33,1969.86
2026-08-07T06:00:00,31.731,74.264,30.0,72,183.0,30.0,26.5,0.4,1966.59
2026-08-07T07:00:00,31.731,74.264,31.4,66,198.0,30.0,26.3,0.41,1972.42
2026-08-07T08:00:00,31.731,74.264,31.9,64,244.0,30.0,26.200000000000003,0.44,1972.65
2026-08-07T09:00:00,31.731,74.264,32.6,62,380.0,30.0,26.0,0.52,1971.13
2026-08-07T10:00:00,31.731,74.264,32.9,61,399.0,30.0,25.7,0.49,1965.9
2026-08-07T11:00:00,31.731,74.264,32.9,62,302.0,30.0,25.5,0.38,1971.05
2026-08-07T12:00:00,31.731,74.264,31.8,61,177.0,30.0,24.6,0.26,1971.21
2026-08-07T13:00:00,31.731,74.264,30.8,69,49.0,30.0,24.5,0.14,1968.19
2026-08-07T14:00:00,31.731,74.264,29.6,73,4.0,30.0,24.5,0.04,1970.73
2026-08-07T15:00:00,31.731,74.264,28.8,77,0.0,30.0,24.5,0.02,1973.49
2026-08-07T16:00:00,31.731,74.264,28.1,78,0.0,30.0,24.4,0.02,1979.43
2026-08-07T17:00:00,31.731,74.264,27.8,80,0.0,30.0,24.4,0.02,1961.79
2026-08-07T18:00:00,31.731,74.264,28.7,83,0.0,30.0,24.2,0.01,1980.0
2026-08-07T19:00:00,31.731,74.264,28.1,87,0.0,30.0,24.2,0.0,1957.82
2026-08-07T20:00:00,31.731,74.264,27.6,89,0.0,30.0,24.2,0.0,1961.66
2026-08-07T21:00:00,31.731,74.264,27.3,90,0.0,30.0,24.2,0.0,1967.39
2026-08-07T22:00:00,31.731,74.264,27.0,90,0.0,30.0,24.2,0.0,1976.57
2026-08-07T23:00:00,31.731,74.264,26.9,90,0.0,30.0,24.2,0.0,1976.52
2026-08-08T00:00:00,31.731,74.264,27.9,86,0.0,30.0,24.0,0.02,1966.45
2026-08-08T01:00:00,31.731,74.264,26.8,89,1.0,30.0,24.0,0.01,1980.95
2026-08-08T02:00:00,31.731,74.264,25.9,94,20.0,30.0,28.9,0.06,1966.25
2026-08-08T03:00:00,31.731,74.264,26.1,92,44.0,30.0,29.7,0.12,1971.57
2026-08-08T04:00:00,31.731,74.264,27.5,89,168.0,30.0,30.5,0.25,1965.77
2026-08-08T05:00:00,31.731,74.264,30.0,77,371.0,30.0,30.4,0.44,1965.37
2026-08-08T06:00:00,31.731,74.264,30.6,73,466.0,30.0,30.5,0.52,1968.69
2026-08-08T07:00:00,31.731,74.264,31.2,65,442.0,30.0,30.2,0.56,1966.59
2026-08-08T08:00:00,31.731,74.264,30.6,69,269.0,30.0,30.0,0.45,1967.64
2026-08-08T09:00:00,31.731,74.264,30.2,69,227.0,30.0,29.7,0.39,1960.02
2026-08-08T10:00:00,31.731,74.264,29.3,69,31.0,30.0,29.5,0.24,1965.05
2026-08-08T11:00:00,31.731,74.264,28.5,71,39.0,30.0,29.299999999999997,0.18,1971.12
2026-08-08T12:00:00,31.731,74.264,29.7,72,6.0,30.0,24.6,0.14,1969.61
2026-08-08T13:00:00,31.731,74.264,29.1,76,7.0,30.0,24.6,0.1,1973.43
2026-08-08T14:00:00,31.731,74.264,28.3,81,1.0,30.0,24.5,0.03,1968.41
2026-08-08T15:00:00,31.731,74.264,27.8,84,0.0,30.0,24.5,0.01,1974.63
2026-08-08T16:00:00,31.731,74.264,27.3,87,0.0,30.0,24.5,0.01,1962.32
2026-08-08T17:00:00,31.731,74.264,26.8,90,0.0,30.0,24.5,0.0,1960.19
2026-08-08T18:00:00,31.731,74.264,27.7,87,0.0,30.0,24.099999999999998,0.01,1961.54
2026-08-08T19:00:00,31.731,74.264,27.2,89,0.0,30.0,24.099999999999998,0.0,1966.99
2026-08-08T20:00:00,31.731,74.264,26.9,91,0.0,30.0,24.099999999999998,0.0,1965.49
2026-08-08T21:00:00,31.731,74.264,27.0,92,0.0,30.0,24.099999999999998,0.0,1968.46
2026-08-08T22:00:00,31.731,74.264,27.1,92,0.0,30.0,24.099999999999998,0.0,1971.5
2026-08-08T23:00:00,31.731,74.264,26.9,92,0.0,30.0,24.099999999999998,0.0,1969.91
2026-08-09T00:00:00,31.731,74.264,27.4,91,0.0,30.0,24.7,0.0,1967.08
2026-08-09T01:00:00,31.731,74.264,27.2,93,0.0,30.0,24.7,0.01,1971.8
2026-08-09T02:00:00,31.731,74.264,28.2,88,12.0,30.0,24.7,0.06,1964.94
2026-08-09T03:00:00,31.731,74.264,29.5,80,80.0,30.0,24.6,0.18,1968.95
2026-08-09T04:00:00,31.731,74.264,30.5,70,86.0,30.0,24.6,0.25,1970.79
2026-08-09T05:00:00,31.731,74.264,31.2,68,157.0,30.0,24.5,0.33,1962.49
2026-08-09T06:00:00,31.731,74.264,31.1,65,351.0,30.0,24.8,0.49,1970.96
2026-08-09T07:00:00,31.731,74.264,29.2,78,37.0,30.0,25.7,0.18,1967.84
2026-08-09T08:00:00,31.731,74.264,28.9,82,44.0,30.0,26.6,0.19,1967.19
2026-08-09T09:00:00,31.731,74.264,29.6,78,28.0,30.0,26.700000000000003,0.22,1971.68
2026-08-09T10:00:00,31.731,74.264,31.1,72,234.0,30.0,26.6,0.42,1966.37
2026-08-09T11:00:00,31.731,74.264,31.4,70,214.0,30.0,26.400000000000002,0.35,1971.15
2026-08-09T12:00:00,31.731,74.264,31.2,68,158.0,30.0,25.4,0.25,1972.66
2026-08-09T13:00:00,31.731,74.264,30.6,71,35.0,30.0,25.3,0.11,1969.86
2026-08-09T14:00:00,31.731,74.264,29.7,79,3.0,30.0,25.3,0.02,1962.03
2026-08-09T15:00:00,31.731,74.264,29.2,82,0.0,30.0,25.3,0.0,1974.58
2026-08-09T16:00:00,31.731,74.264,28.9,83,0.0,30.0,25.3,0.0,1966.97
2026-08-09T17:00:00,31.731,74.264,28.5,85,0.0,30.0,25.2,0.0,1970.64
2026-08-09T18:00:00,31.731,74.264,28.8,85,0.0,30.0,25.1,0.0,1974.19
2026-08-09T19:00:00,31.731,74.264,28.3,85,0.0,30.0,25.1,0.0,1960.02
2026-08-09T20:00:00,31.731,74.264,28.0,86,0.0,30.0,25.1,0.01,1964.11
2026-08-09T21:00:00,31.731,74.264,27.7,88,0.0,30.0,25.1,0.01,1962.96
2026-08-09T22:00:00,31.731,74.264,27.5,89,0.0,30.0,25.1,0.0,1964.41
2026-08-09T23:00:00,31.731,74.264,27.4,90,0.0,30.0,25.1,0.0,1973.55
2026-08-10T00:00:00,31.731,74.264,28.2,91,0.0,30.0,25.1,0.0,1971.59
2026-08-10T01:00:00,31.731,74.264,27.8,92,0.0,30.0,25.1,0.01,1967.49
2026-08-10T02:00:00,31.731,74.264,29.0,87,18.0,30.0,25.1,0.07,1959.88
2026-08-10T03:00:00,31.731,74.264,30.2,79,99.0,30.0,25.1,0.19,1971.59
2026-08-10T04:00:00,31.731,74.264,31.1,74,209.0,30.0,25.1,0.31,1968.17
2026-08-10T05:00:00,31.731,74.264,32.0,71,319.0,30.0,25.0,0.44,1965.51
2026-08-10T06:00:00,31.731,74.264,32.6,68,447.0,30.0,24.7,0.55,1972.59
2026-08-10T07:00:00,31.731,74.264,33.4,65,507.0,30.0,24.4,0.61,1965.23
2026-08-10T08:00:00,31.731,74.264,33.8,64,478.0,30.0,24.099999999999998,0.59,1966.55
2026-08-10T09:00:00,31.731,74.264,34.3,63,457.0,30.0,23.9,0.56,1965.92
2026-08-10T10:00:00,31.731,74.264,34.3,63,398.0,30.0,23.7,0.49,1965.96
2026-08-10T11:00:00,31.731,74.264,34.1,65,286.0,30.0,23.5,0.38,1962.42
2026-08-10T12:00:00,31.731,74.264,33.8,60,149.0,30.0,23.0,0.26,1966.86
2026-08-10T13:00:00,31.731,74.264,33.0,64,49.0,30.0,23.0,0.13,1967.61
2026-08-10T14:00:00,31.731,74.264,32.1,71,3.0,30.0,22.900000000000002,0.02,1968.35
2026-08-10T15:00:00,31.731,74.264,31.0,74,0.0,30.0,22.900000000000002,0.01,1971.45
2026-08-10T16:00:00,31.731,74.264,30.3,77,0.0,30.0,22.900000000000002,0.03,1968.26
2026-08-10T17:00:00,31.731,74.264,30.1,79,0.0,30.0,22.900000000000002,0.02,1965.9
2026-08-10T18:00:00,31.731,74.264,30.6,80,0.0,30.0,22.7,0.02,1969.3
2026-08-10T19:00:00,31.731,74.264,29.7,84,0.0,30.0,22.7,0.02,1967.55
2026-08-10T20:00:00,31.731,74.264,29.3,86,0.0,30.0,22.7,0.02,1971.57
2026-08-10T21:00:00,31.731,74.264,28.8,89,0.0,30.0,22.7,0.01,1969.88
2026-08-10T22:00:00,31.731,74.264,28.2,93,0.0,30.0,22.7,0.01,1970.16
2026-08-10T23:00:00,31.731,74.264,28.0,94,0.0,30.0,22.7,0.01,1966.2
2026-08-11T00:00:00,31.731,74.264,27.9,89,0.0,30.0,23.7,0.02,1967.02
2026-08-11T01:00:00,31.731,74.264,27.7,90,0.0,30.0,23.7,0.03,1963.01
2026-08-11T02:00:00,31.731,74.264,28.2,87,8.0,30.0,23.7,0.07,1968.18
2026-08-11T03:00:00,31.731,74.264,29.1,85,39.0,30.0,23.599999999999998,0.16,1970.86
2026-08-11T04:00:00,31.731,74.264,30.4,81,125.0,30.0,23.5,0.28,1977.46
2026-08-11T05:00:00,31.731,74.264,31.9,75,306.0,30.0,23.3,0.44,1966.28
2026-08-11T06:00:00,31.731,74.264,32.7,71,425.0,30.0,23.3,0.54,1968.77
2026-08-11T07:00:00,31.731,74.264,33.2,69,425.0,30.0,23.200000000000003,0.57,1968.88
2026-08-11T08:00:00,31.731,74.264,31.9,73,396.0,30.0,23.799999999999997,0.53,1967.2
2026-08-11T09:00:00,31.731,74.264,33.3,67,447.0,30.0,23.7,0.57,1975.48
2026-08-11T10:00:00,31.731,74.264,33.7,65,303.0,30.0,23.5,0.46,1975.86
2026-08-11T11:00:00,31.731,74.264,33.0,68,180.0,30.0,23.400000000000002,0.35,1964.57
2026-08-11T12:00:00,31.731,74.264,32.6,69,118.0,30.0,23.7,0.25,1969.21
2026-08-11T13:00:00,31.731,74.264,29.4,84,30.0,30.0,23.599999999999998,0.12,1967.07
2026-08-11T14:00:00,31.731,74.264,29.0,87,0.0,30.0,23.599999999999998,0.04,1977.33
2026-08-11T15:00:00,31.731,74.264,29.2,87,0.0,30.0,23.599999999999998,0.02,1966.62
2026-08-11T16:00:00,31.731,74.264,29.0,87,0.0,30.0,23.599999999999998,0.02,1970.61
2026-08-11T17:00:00,31.731,74.264,28.8,88,0.0,30.0,23.599999999999998,0.02,1972.17
2026-08-11T18:00:00,31.731,74.264,29.1,88,0.0,30.0,23.5,0.01,1975.95
2026-08-11T19:00:00,31.731,74.264,28.4,91,0.0,30.0,23.5,0.01,1960.17
2026-08-11T20:00:00,31.731,74.264,28.0,92,0.0,30.0,23.5,0.01,1976.06
2026-08-11T21:00:00,31.731,74.264,27.7,93,0.0,30.0,23.5,0.01,1977.88
2026-08-11T22:00:00,31.731,74.264,27.5,94,0.0,30.0,23.5,0.01,1981.96
2026-08-11T23:00:00,31.731,74.264,27.3,95,0.0,30.0,23.5,0.0,1965.24
2026-08-12T00:00:00,31.731,74.264,27.9,94,0.0,30.0,23.400000000000002,0.01,1970.83
2026-08-12T01:00:00,31.731,74.264,27.8,94,0.0,30.0,23.400000000000002,0.01,1974.22
2026-08-12T02:00:00,31.731,74.264,28.6,90,23.0,30.0,23.400000000000002,0.07,1972.24
2026-08-12T03:00:00,31.731,74.264,29.8,85,108.0,30.0,23.3,0.19,1973.84
2026-08-12T04:00:00,31.731,74.264,31.2,77,240.0,30.0,23.200000000000003,0.33,1960.29
2026-08-12T05:00:00,31.731,74.264,32.2,71,349.0,30.0,23.0,0.45,1980.47
2026-08-12T06:00:00,31.731,74.264,33.1,67,436.0,30.0,22.8,0.54,1962.58
2026-08-12T07:00:00,31.731,74.264,33.6,65,457.0,30.0,22.5,0.58,1963.13
2026-08-12T08:00:00,31.731,74.264,34.3,62,540.0,30.0,22.2,0.64,1966.68
2026-08-12T09:00:00,31.731,74.264,34.6,62,462.0,30.0,21.9,0.59,1971.05
2026-08-12T10:00:00,31.731,74.264,34.7,61,344.0,30.0,21.7,0.49,1967.57
2026-08-12T11:00:00,31.731,74.264,34.5,62,258.0,30.0,21.5,0.39,1962.85
2026-08-12T12:00:00,31.731,74.264,34.4,61,116.0,30.0,21.2,0.25,1974.11
2026-08-12T13:00:00,31.731,74.264,33.2,69,48.0,30.0,21.099999999999998,0.13,1976.83
2026-08-12T14:00:00,31.731,74.264,32.0,75,3.0,30.0,21.099999999999998,0.03,1967.96
2026-08-12T15:00:00,31.731,74.264,31.8,76,0.0,30.0,21.099999999999998,0.0,1975.1
2026-08-12T16:00:00,31.731,74.264,31.8,76,0.0,30.0,21.099999999999998,0.0,1960.38
2026-08-12T17:00:00,31.731,74.264,31.1,79,0.0,30.0,21.099999999999998,0.0,1971.7
2026-08-12T18:00:00,31.731,74.264,31.4,76,0.0,30.0,21.099999999999998,0.01,1962.28
2026-08-12T19:00:00,31.731,74.264,30.5,81,0.0,30.0,21.099999999999998,0.02,1973.42
2026-08-12T20:00:00,31.731,74.264,30.4,81,0.0,30.0,21.099999999999998,0.02,1970.82
2026-08-12T21:00:00,31.731,74.264,29.8,83,0.0,30.0,21.099999999999998,0.01,1977.21
2026-08-12T22:00:00,31.731,74.264,29.7,83,0.0,30.0,21.099999999999998,0.02,1958.34
2026-08-12T23:00:00,31.731,74.264,29.5,84,0.0,30.0,21.099999999999998,0.01,1966.54
2026-08-13T00:00:00,31.731,74.264,29.7,86,0.0,30.0,20.8,0.0,1965.61
2026-08-13T01:00:00,31.731,74.264,29.5,88,0.0,30.0,20.9,0.01,1965.41
2026-08-13T02:00:00,31.731,74.264,30.1,86,21.0,30.0,20.9,0.07,1974.81
2026-08-13T03:00:00,31.731,74.264,31.1,81,92.0,30.0,20.9,0.18,1977.04
2026-08-13T04:00:00,31.731,74.264,32.1,76,197.0,30.0,20.8,0.31,1965.62
2026-08-13T05:00:00,31.731,74.264,33.1,71,350.0,30.0,20.599999999999998,0.45,1970.7
2026-08-13T06:00:00,31.731,74.264,33.2,71,441.0,30.0,20.0,0.55,1966.58
2026-08-13T07:00:00,31.731,74.264,33.7,70,338.0,30.0,19.900000000000002,0.52,1964.17
2026-08-13T08:00:00,31.731,74.264,34.5,67,319.0,30.0,19.900000000000002,0.52,1961.23
2026-08-13T09:00:00,31.731,74.264,35.1,63,277.0,30.0,19.8,0.47,1966.3
2026-08-13T10:00:00,31.731,74.264,35.5,61,306.0,30.0,19.6,0.45,1967.59
2026-08-13T11:00:00,31.731,74.264,35.2,63,244.0,30.0,19.400000000000002,0.36,1968.92
2026-08-13T12:00:00,31.731,74.264,34.9,61,123.0,30.0,19.3,0.24,1971.0
2026-08-13T13:00:00,31.731,74.264,34.0,68,42.0,30.0,19.2,0.11,1968.12
2026-08-13T14:00:00,31.731,74.264,32.5,72,3.0,30.0,19.2,0.05,1975.17
2026-08-13T15:00:00,31.731,74.264,31.8,75,0.0,30.0,19.2,0.01,1975.1
2026-08-13T16:00:00,31.731,74.264,31.4,77,0.0,30.0,19.2,0.02,1976.11
2026-08-13T17:00:00,31.731,74.264,31.0,79,0.0,30.0,19.2,0.02,1971.75
2026-08-13T18:00:00,31.731,74.264,31.3,78,0.0,30.0,18.5,0.02,1969.34
2026-08-13T19:00:00,31.731,74.264,30.5,81,0.0,30.0,18.5,0.02,1959.64
2026-08-13T20:00:00,31.731,74.264,30.1,83,0.0,30.0,18.5,0.01,1967.47
2026-08-13T21:00:00,31.731,74.264,29.9,84,0.0,30.0,18.5,0.01,1963.85
2026-08-13T22:00:00,31.731,74.264,29.7,85,0.0,30.0,18.5,0.01,1971.97
2026-08-13T23:00:00,31.731,74.264,27.9,93,0.0,30.0,22.900000000000002,0.0,1964.96
2026-08-14T00:00:00,31.731,74.264,30.5,81,0.0,30.0,22.2,0.0,1961.29
2026-08-14T01:00:00,31.731,74.264,29.3,86,0.0,30.0,22.3,0.01,1964.75
2026-08-14T02:00:00,31.731,74.264,29.7,86,18.0,30.0,22.400000000000002,0.06,1967.7
2026-08-14T03:00:00,31.731,74.264,30.6,82,113.0,30.0,22.400000000000002,0.19,1971.45
2026-08-14T04:00:00,31.731,74.264,32.0,76,254.0,30.0,22.3,0.33,1967.64
2026-08-14T05:00:00,31.731,74.264,33.1,71,371.0,30.0,22.1,0.47,1970.99
2026-08-14T06:00:00,31.731,74.264,32.6,70,465.0,30.0,25.4,0.55,1970.39
2026-08-14T07:00:00,31.731,74.264,30.8,78,309.0,30.0,26.400000000000002,0.45,1962.56
2026-08-14T08:00:00,31.731,74.264,28.8,89,190.0,30.0,34.2,0.36,1962.73
2026-08-14T09:00:00,31.731,74.264,29.0,89,67.0,30.0,35.9,0.18,1964.49
2026-08-14T10:00:00,31.731,74.264,30.7,84,195.0,30.0,35.699999999999996,0.34,1960.87
2026-08-14T11:00:00,31.731,74.264,31.8,79,232.0,30.0,35.199999999999996,0.35,1971.16
2026-08-14T12:00:00,31.731,74.264,32.6,69,144.0,30.0,30.8,0.24,1966.04
2026-08-14T13:00:00,31.731,74.264,31.3,78,32.0,30.0,30.8,0.1,1974.16
2026-08-14T14:00:00,31.731,74.264,29.9,85,2.0,30.0,30.7,0.03,1960.37
2026-08-14T15:00:00,31.731,74.264,29.2,89,0.0,30.0,30.5,0.02,1960.88
2026-08-14T16:00:00,31.731,74.264,28.5,92,0.0,30.0,30.5,0.01,1959.65
2026-08-14T17:00:00,31.731,74.264,27.9,93,0.0,30.0,30.4,0.01,1965.85
2026-08-14T18:00:00,31.731,74.264,29.5,92,0.0,30.0,29.299999999999997,0.01,1972.02
2026-08-14T19:00:00,31.731,74.264,28.9,94,0.0,30.0,29.2,0.0,1962.89
2026-08-14T20:00:00,31.731,74.264,28.5,95,0.0,30.0,29.2,0.0,1966.74
2026-08-14T21:00:00,31.731,74.264,28.2,96,0.0,30.0,29.099999999999998,0.0,1965.51
2026-08-14T22:00:00,31.731,74.264,27.1,97,0.0,30.0,28.999999999999996,0.0,1967.65
2026-08-14T23:00:00,31.731,74.264,24.7,97,0.0,30.0,33.300000000000004,0.0,1977.45
2026-08-15T00:00:00,31.731,74.264,26.9,91,0.0,30.0,30.7,0.01,1966.46
2026-08-15T01:00:00,31.731,74.264,26.8,93,0.0,30.0,30.599999999999998,0.01,1969.0
2026-08-15T02:00:00,31.731,74.264,27.8,90,26.0,30.0,30.4,0.07,1964.1
2026-08-15T03:00:00,31.731,74.264,29.0,86,98.0,30.0,30.3,0.18,1976.7
2026-08-15T04:00:00,31.731,74.264,30.4,80,207.0,30.0,30.0,0.31,1965.31
2026-08-15T05:00:00,31.731,74.264,31.6,76,357.0,30.0,29.7,0.45,1966.4
2026-08-15T06:00:00,31.731,74.264,32.2,72,469.0,30.0,30.0,0.55,1961.22
2026-08-15T07:00:00,31.731,74.264,33.1,68,521.0,30.0,29.599999999999998,0.61,1958.07
2026-08-15T08:00:00,31.731,74.264,33.2,70,494.0,30.0,29.299999999999997,0.6,1965.7
2026-08-15T09:00:00,31.731,74.264,33.4,71,447.0,30.0,29.099999999999998,0.56,1976.18
2026-08-15T10:00:00,31.731,74.264,33.6,70,401.0,30.0,28.7,0.5,1975.32
2026-08-15T11:00:00,31.731,74.264,33.6,69,267.0,30.0,28.499999999999996,0.37,1965.28
2026-08-15T12:00:00,31.731,74.264,33.4,69,146.0,30.0,33.4,0.24,1964.88
2026-08-15T13:00:00,31.731,74.264,32.4,77,47.0,30.0,33.300000000000004,0.11,1969.84
2026-08-15T14:00:00,31.731,74.264,30.8,83,3.0,30.0,33.1,0.03,1967.68
2026-08-15T15:00:00,31.731,74.264,30.3,85,0.0,30.0,32.9,0.0,1969.98
2026-08-15T16:00:00,31.731,74.264,29.7,86,0.0,30.0,32.800000000000004,0.01,1967.16
2026-08-15T17:00:00,31.731,74.264,29.5,87,0.0,30.0,32.6,0.01,1964.6
2026-08-15T18:00:00,31.731,74.264,29.8,87,0.0,30.0,31.900000000000002,0.02,1965.75
2026-08-15T19:00:00,31.731,74.264,28.9,90,0.0,30.0,32.1,0.02,1972.78
2026-08-15T20:00:00,31.731,74.264,27.9,93,0.0,30.0,32.0,0.01,1964.43
2026-08-15T21:00:00,31.731,74.264,25.9,94,0.0,30.0,33.1,0.01,1977.1
2026-08-15T22:00:00,31.731,74.264,25.5,95,0.0,30.0,38.7,0.01,1978.72
2026-08-15T23:00:00,31.731,74.264,25.1,97,0.0,30.0,39.1,0.0,1965.99
2026-08-16T00:00:00,31.731,74.264,26.1,87,0.0,30.0,30.4,0.01,1971.54
2026-08-16T01:00:00,31.731,74.264,25.8,89,0.0,30.0,30.3,0.01,1960.62
2026-08-16T02:00:00,31.731,74.264,26.9,89,29.0,30.0,30.2,0.07,1964.07
2026-08-16T03:00:00,31.731,74.264,28.4,84,93.0,30.0,30.099999999999998,0.17,1969.61
2026-08-16T04:00:00,31.731,74.264,30.4,77,212.0,30.0,29.799999999999997,0.31,1961.91
2026-08-16T05:00:00,31.731,74.264,32.2,70,353.0,30.0,29.5,0.45,1968.24
2026-08-16T06:00:00,31.731,74.264,32.9,68,473.0,30.0,29.5,0.56,1965.42
2026-08-16T07:00:00,31.731,74.264,33.9,63,531.0,30.0,29.099999999999998,0.62,1965.96
2026-08-16T08:00:00,31.731,74.264,34.4,62,508.0,30.0,28.7,0.61,1973.48
2026-08-16T09:00:00,31.731,74.264,34.5,61,456.0,30.0,28.299999999999997,0.58,1969.75
2026-08-16T10:00:00,31.731,74.264,34.4,62,370.0,30.0,28.000000000000004,0.49,1962.25
2026-08-16T11:00:00,31.731,74.264,34.2,63,225.0,30.0,27.700000000000003,0.37,1975.01
2026-08-16T12:00:00,31.731,74.264,34.0,65,101.0,30.0,27.1,0.22,1956.21
2026-08-16T13:00:00,31.731,74.264,32.5,72,36.0,30.0,27.0,0.11,1974.92
2026-08-16T14:00:00,31.731,74.264,27.4,94,2.0,30.0,27.800000000000004,0.02,1968.34
2026-08-16T15:00:00,31.731,74.264,27.8,91,0.0,30.0,27.800000000000004,0.01,1963.95
2026-08-16T16:00:00,31.731,74.264,27.7,90,0.0,30.0,27.700000000000003,0.01,1972.23
2026-08-16T17:00:00,31.731,74.264,27.8,90,0.0,30.0,27.700000000000003,0.01,1964.31
2026-08-16T18:00:00,31.731,74.264,29.1,88,0.0,30.0,26.900000000000002,0.02,1960.35
2026-08-16T19:00:00,31.731,74.264,28.4,91,0.0,30.0,27.0,0.01,1972.23
2026-08-16T20:00:00,31.731,74.264,28.4,92,0.0,30.0,27.200000000000003,0.01,1977.53
2026-08-16T21:00:00,31.731,74.264,27.6,92,0.0,30.0,27.500000000000004,0.0,1969.75
2026-08-16T22:00:00,31.731,74.264,26.9,93,0.0,30.0,27.900000000000002,0.0,1976.37
2026-08-16T23:00:00,31.731,74.264,26.3,94,0.0,30.0,28.000000000000004,0.0,1974.31
2026-08-17T00:00:00,31.731,74.264,26.2,97,0.0,30.0,35.5,0.0,1971.08
2026-08-17T01:00:00,31.731,74.264,25.8,97,0.0,30.0,38.3,0.01,1971.93
2026-08-17T02:00:00,31.731,74.264,26.3,97,14.0,30.0,39.1,0.05,1978.02
2026-08-17T03:00:00,31.731,74.264,27.6,93,92.0,30.0,38.7,0.16,1974.62
2026-08-17T04:00:00,31.731,74.264,29.1,87,190.0,30.0,38.0,0.28,1961.6
2026-08-17T05:00:00,31.731,74.264,31.0,76,363.0,30.0,37.1,0.44,1964.01
2026-08-17T06:00:00,31.731,74.264,32.6,67,463.0,30.0,36.4,0.55,1971.59
2026-08-17T07:00:00,31.731,74.264,33.5,64,519.0,30.0,35.6,0.6,1962.13
2026-08-17T08:00:00,31.731,74.264,34.0,62,518.0,30.0,34.8,0.62,1973.06
2026-08-17T09:00:00,31.731,74.264,34.3,60,427.0,30.0,34.2,0.55,1961.49
2026-08-17T10:00:00,31.731,74.264,34.4,59,376.0,30.0,33.6,0.5,1966.54
2026-08-17T11:00:00,31.731,74.264,34.0,61,278.0,30.0,33.1,0.39,1972.49
2026-08-17T12:00:00,31.731,74.264,33.7,61,110.0,30.0,28.999999999999996,0.23,1962.37
2026-08-17T13:00:00,31.731,74.264,33.0,67,42.0,30.0,28.9,0.11,1970.06
2026-08-17T14:00:00,31.731,74.264,31.3,75,2.0,30.0,28.799999999999997,0.02,1966.89
2026-08-17T15:00:00,31.731,74.264,30.6,75,0.0,30.0,28.799999999999997,0.03,1976.06
2026-08-17T16:00:00,31.731,74.264,29.7,78,0.0,30.0,28.7,0.04,1974.9
2026-08-17T17:00:00,31.731,74.264,28.6,83,0.0,30.0,28.599999999999998,0.03,1965.33
2026-08-17T18:00:00,31.731,74.264,29.8,82,0.0,30.0,27.200000000000003,0.03,1967.45
2026-08-17T19:00:00,31.731,74.264,29.2,85,0.0,30.0,27.1,0.02,1969.27
2026-08-17T20:00:00,31.731,74.264,28.2,86,0.0,30.0,27.1,0.01,1964.27
2026-08-17T21:00:00,31.731,74.264,25.4,96,0.0,30.0,32.6,0.0,1973.01
2026-08-17T22:00:00,31.731,74.264,25.7,97,0.0,30.0,34.1,0.0,1967.12
2026-08-17T23:00:00,31.731,74.264,25.9,94,0.0,30.0,34.0,0.0,1977.89
2026-08-18T00:00:00,31.731,74.264,26.6,94,0.0,30.0,28.199999999999996,0.0,1977.53
2026-08-18T01:00:00,31.731,74.264,26.7,95,0.0,30.0,28.199999999999996,0.01,1963.11
2026-08-18T02:00:00,31.731,74.264,27.9,95,23.0,30.0,28.199999999999996,0.06,1977.18
2026-08-18T03:00:00,31.731,74.264,29.6,87,116.0,30.0,28.1,0.18,1974.47
2026-08-18T04:00:00,31.731,74.264,31.5,76,247.0,30.0,27.900000000000002,0.33,1970.71
2026-08-18T05:00:00,31.731,74.264,32.7,70,376.0,30.0,27.700000000000003,0.46,1971.43
2026-08-18T06:00:00,31.731,74.264,33.6,64,455.0,30.0,28.4,0.56,1963.95
2026-08-18T07:00:00,31.731,74.264,34.1,61,514.0,30.0,28.1,0.61,1955.76
2026-08-18T08:00:00,31.731,74.264,34.8,58,499.0,30.0,27.700000000000003,0.61,1959.73
2026-08-18T09:00:00,31.731,74.264,33.4,63,429.0,30.0,27.500000000000004,0.55,1970.2
2026-08-18T10:00:00,31.731,74.264,31.8,71,289.0,30.0,28.000000000000004,0.42,1973.3
2026-08-18T11:00:00,31.731,74.264,32.8,66,189.0,30.0,27.900000000000002,0.3,1973.18
2026-08-18T12:00:00,31.731,74.264,31.0,81,121.0,30.0,22.8,0.2,1981.66
2026-08-18T13:00:00,31.731,74.264,31.0,82,32.0,30.0,22.8,0.1,1968.17
2026-08-18T14:00:00,31.731,74.264,30.2,88,2.0,30.0,22.8,0.03,1960.02
2026-08-18T15:00:00,31.731,74.264,29.7,89,0.0,30.0,22.8,0.02,1974.6
2026-08-18T16:00:00,31.731,74.264,29.2,88,0.0,30.0,22.7,0.03,1971.45
2026-08-18T17:00:00,31.731,74.264,28.7,88,0.0,30.0,22.7,0.02,1963.01
2026-08-18T18:00:00,31.731,74.264,28.2,92,0.0,30.0,22.0,0.01,1964.9
2026-08-18T19:00:00,31.731,74.264,28.3,93,0.0,30.0,22.2,0.01,1972.25
2026-08-18T20:00:00,31.731,74.264,26.8,96,0.0,30.0,23.799999999999997,0.01,1960.15
2026-08-18T21:00:00,31.731,74.264,26.6,96,0.0,30.0,29.5,0.0,1963.43
2026-08-18T22:00:00,31.731,74.264,26.2,95,0.0,30.0,32.0,0.0,1960.69
2026-08-18T23:00:00,31.731,74.264,25.9,97,0.0,30.0,32.4,0.0,1970.97
2026-08-19T00:00:00,31.731,74.264,27.3,95,0.0,30.0,35.8,0.01,1975.91
2026-08-19T01:00:00,31.731,74.264,26.1,96,0.0,30.0,35.4,0.01,1972.43
2026-08-19T02:00:00,31.731,74.264,26.6,93,10.0,30.0,35.099999999999994,0.06,1971.12
2026-08-19T03:00:00,31.731,74.264,27.6,91,27.0,30.0,34.699999999999996,0.12,1975.21
2026-08-19T04:00:00,31.731,74.264,29.0,86,97.0,30.0,34.300000000000004,0.24,1973.16
2026-08-19T05:00:00,31.731,74.264,30.8,79,235.0,30.0,33.800000000000004,0.39,1970.55
2026-08-19T06:00:00,31.731,74.264,30.1,76,345.0,30.0,34.4,0.47,1967.94
2026-08-19T07:00:00,31.731,74.264,31.8,72,414.0,30.0,33.900000000000006,0.56,1968.33
2026-08-19T08:00:00,31.731,74.264,32.4,70,461.0,30.0,33.4,0.58,1958.01
2026-08-19T09:00:00,31.731,74.264,32.5,70,410.0,30.0,33.0,0.54,1962.63
2026-08-19T10:00:00,31.731,74.264,30.9,77,208.0,30.0,33.800000000000004,0.38,1975.53
2026-08-19T11:00:00,31.731,74.264,28.9,87,106.0,30.0,34.9,0.24,1965.58
2026-08-19T12:00:00,31.731,74.264,30.4,81,16.0,30.0,33.7,0.14,1970.64
2026-08-19T13:00:00,31.731,74.264,29.7,85,26.0,30.0,33.5,0.1,1970.61
2026-08-19T14:00:00,31.731,74.264,29.0,90,1.0,30.0,33.300000000000004,0.02,1964.76
2026-08-19T15:00:00,31.731,74.264,28.7,92,0.0,30.0,33.1,0.01,1962.41
2026-08-19T16:00:00,31.731,74.264,28.3,92,0.0,30.0,32.9,0.01,1967.61
2026-08-19T17:00:00,31.731,74.264,27.8,93,0.0,30.0,32.800000000000004,0.0,1960.98
2026-08-19T18:00:00,31.731,74.264,28.6,91,0.0,30.0,31.4,0.01,1963.19
2026-08-19T19:00:00,31.731,74.264,28.0,93,0.0,30.0,31.3,0.01,1977.92
2026-08-19T20:00:00,31.731,74.264,27.7,93,0.0,30.0,31.2,0.01,1975.35
2026-08-19T21:00:00,31.731,74.264,26.8,94,0.0,30.0,31.7,0.01,1961.21
2026-08-19T22:00:00,31.731,74.264,25.9,95,0.0,30.0,34.0,0.01,1963.77
2026-08-19T23:00:00,31.731,74.264,25.4,96,0.0,30.0,41.3,0.0,1969.63
2026-08-20T00:00:00,31.731,74.264,27.0,93,0.0,30.0,31.8,0.02,1969.79
2026-08-20T01:00:00,31.731,74.264,25.7,89,0.0,30.0,31.7,0.03,1966.99
2026-08-20T02:00:00,31.731,74.264,26.2,88,13.0,30.0,31.5,0.07,1968.71
2026-08-20T03:00:00,31.731,74.264,27.8,84,94.0,30.0,31.3,0.18,1968.56
2026-08-20T04:00:00,31.731,74.264,29.3,81,209.0,30.0,31.1,0.3,1969.37
2026-08-20T05:00:00,31.731,74.264,30.7,77,346.0,30.0,30.7,0.43,1959.56
2026-08-20T06:00:00,31.731,74.264,31.1,75,435.0,30.0,31.7,0.52,1968.14
2026-08-20T07:00:00,31.731,74.264,32.0,70,485.0,30.0,31.4,0.59,1973.13
2026-08-20T08:00:00,31.731,74.264,32.6,69,409.0,30.0,31.0,0.56,1976.55
2026-08-20T09:00:00,31.731,74.264,32.2,71,198.0,30.0,30.599999999999998,0.42,1968.45
2026-08-20T10:00:00,31.731,74.264,32.2,70,223.0,30.0,30.4,0.4,1971.4
2026-08-20T11:00:00,31.731,74.264,31.3,73,69.0,30.0,30.3,0.24,1967.39
2026-08-20T12:00:00,31.731,74.264,31.6,71,16.0,30.0,37.0,0.15,1973.58
2026-08-20T13:00:00,31.731,74.264,30.2,80,25.0,30.0,36.5,0.1,1973.49
2026-08-20T14:00:00,31.731,74.264,28.8,84,1.0,30.0,36.0,0.03,1968.78
2026-08-20T15:00:00,31.731,74.264,28.0,86,0.0,30.0,35.699999999999996,0.01,1966.49
2026-08-20T16:00:00,31.731,74.264,27.6,89,0.0,30.0,35.4,0.01,1968.93
2026-08-20T17:00:00,31.731,74.264,27.3,92,0.0,30.0,35.099999999999994,0.0,1963.95
2026-08-20T18:00:00,31.731,74.264,27.9,92,0.0,30.0,34.300000000000004,0.0,1967.05
2026-08-20T19:00:00,31.731,74.264,27.5,93,0.0,30.0,34.1,0.0,1967.19
2026-08-20T20:00:00,31.731,74.264,27.2,93,0.0,30.0,33.900000000000006,0.0,1975.9
2026-08-20T21:00:00,31.731,74.264,27.0,92,0.0,30.0,33.7,0.0,1971.85
2026-08-20T22:00:00,31.731,74.264,26.8,90,0.0,30.0,33.5,0.0,1971.55
2026-08-20T23:00:00,31.731,74.264,26.7,90,0.0,30.0,33.4,0.0,1970.59
2026-08-21T00:00:00,31.731,74.264,27.2,99,0.0,30.0,31.8,0.0,1958.71
2026-08-21T01:00:00,31.731,74.264,27.3,96,0.0,30.0,31.7,0.0,1974.64
2026-08-21T02:00:00,31.731,74.264,28.6,90,24.0,30.0,31.6,0.07,1957.65
2026-08-21T03:00:00,31.731,74.264,30.1,81,115.0,30.0,31.4,0.19,1968.76
2026-08-21T04:00:00,31.731,74.264,31.4,75,239.0,30.0,31.2,0.32,1972.18
2026-08-21T05:00:00,31.731,74.264,32.6,70,362.0,30.0,30.8,0.46,1964.17
2026-08-21T06:00:00,31.731,74.264,32.9,67,454.0,30.0,31.6,0.55,1972.05
2026-08-21T07:00:00,31.731,74.264,33.5,66,511.0,30.0,31.2,0.61,1968.69
2026-08-21T08:00:00,31.731,74.264,33.6,66,487.0,30.0,30.9,0.59,1960.41
2026-08-21T09:00:00,31.731,74.264,33.8,65,422.0,30.0,30.5,0.55,1975.55
2026-08-21T10:00:00,31.731,74.264,33.8,65,296.0,30.0,30.2,0.44,1970.76
2026-08-21T11:00:00,31.731,74.264,33.3,66,238.0,30.0,30.0,0.33,1966.19
2026-08-21T12:00:00,31.731,74.264,27.8,92,128.0,30.0,30.5,0.19,1967.63
2026-08-21T13:00:00,31.731,74.264,28.7,88,37.0,30.0,30.4,0.09,1969.39
2026-08-21T14:00:00,31.731,74.264,28.5,91,1.0,30.0,30.3,0.02,1968.87
2026-08-21T15:00:00,31.731,74.264,28.2,91,0.0,30.0,30.2,0.01,1968.14
2026-08-21T16:00:00,31.731,74.264,28.1,92,0.0,30.0,30.2,0.01,1974.94
2026-08-21T17:00:00,31.731,74.264,27.9,93,0.0,30.0,30.099999999999998,0.0,1969.52
2026-08-21T18:00:00,31.731,74.264,29.2,92,0.0,30.0,29.7,0.0,1965.41
2026-08-21T19:00:00,31.731,74.264,29.1,90,0.0,30.0,29.7,0.01,1977.48
2026-08-21T20:00:00,31.731,74.264,28.8,91,0.0,30.0,29.7,0.0,1966.64
2026-08-21T21:00:00,31.731,74.264,26.6,93,0.0,30.0,29.799999999999997,0.01,1964.29
2026-08-21T22:00:00,31.731,74.264,25.8,96,0.0,30.0,30.099999999999998,0.01,1975.38
2026-08-21T23:00:00,31.731,74.264,25.4,96,0.0,30.0,30.099999999999998,0.0,1974.47
2026-08-22T00:00:00,31.731,74.264,27.7,93,0.0,30.0,29.4,0.01,1973.15
2026-08-22T01:00:00,31.731,74.264,27.2,95,0.0,30.0,30.0,0.01,1971.89
2026-08-22T02:00:00,31.731,74.264,27.9,95,20.0,30.0,30.0,0.06,1971.95
2026-08-22T03:00:00,31.731,74.264,29.1,88,110.0,30.0,29.9,0.18,1971.77
2026-08-22T04:00:00,31.731,74.264,30.8,77,235.0,30.0,29.7,0.32,1969.32
2026-08-22T05:00:00,31.731,74.264,32.4,68,375.0,30.0,29.4,0.46,1971.57
2026-08-22T06:00:00,31.731,74.264,33.0,61,486.0,30.0,29.799999999999997,0.57,1970.42
2026-08-22T07:00:00,31.731,74.264,34.0,58,555.0,30.0,29.4,0.63,1971.51
2026-08-22T08:00:00,31.731,74.264,34.5,56,513.0,30.0,28.999999999999996,0.61,1973.05
2026-08-22T09:00:00,31.731,74.264,34.5,55,461.0,30.0,28.599999999999998,0.57,1956.73
2026-08-22T10:00:00,31.731,74.264,34.6,55,372.0,30.0,28.199999999999996,0.5,1961.63
2026-08-22T11:00:00,31.731,74.264,34.2,56,275.0,30.0,28.000000000000004,0.39,1956.53
2026-08-22T12:00:00,31.731,74.264,34.4,57,149.0,30.0,27.0,0.24,1963.71
2026-08-22T13:00:00,31.731,74.264,33.7,61,37.0,30.0,26.900000000000002,0.11,1963.15
2026-08-22T14:00:00,31.731,74.264,32.3,69,1.0,30.0,26.900000000000002,0.02,1955.1
2026-08-22T15:00:00,31.731,74.264,31.3,70,0.0,30.0,26.900000000000002,0.02,1969.25
2026-08-22T16:00:00,31.731,74.264,30.4,76,0.0,30.0,26.8,0.02,1968.62
2026-08-22T17:00:00,31.731,74.264,29.7,81,0.0,30.0,26.8,0.02,1961.11
2026-08-22T18:00:00,31.731,74.264,30.4,78,0.0,30.0,26.5,0.02,1976.43
2026-08-22T19:00:00,31.731,74.264,29.8,79,0.0,30.0,26.5,0.02,1967.15
2026-08-22T20:00:00,31.731,74.264,29.5,79,0.0,30.0,26.5,0.03,1959.65
2026-08-22T21:00:00,31.731,74.264,28.8,83,0.0,30.0,26.400000000000002,0.03,1960.76
2026-08-22T22:00:00,31.731,74.264,26.2,87,0.0,30.0,26.5,0.02,1970.12
2026-08-22T23:00:00,31.731,74.264,25.4,90,0.0,30.0,26.5,0.02,1973.29
2026-08-23T00:00:00,31.731,74.264,27.4,93,0.0,30.0,29.799999999999997,0.01,1962.39
2026-08-23T01:00:00,31.731,74.264,26.7,95,0.0,30.0,29.9,0.01,1971.57
2026-08-23T02:00:00,31.731,74.264,26.6,94,21.0,30.0,29.9,0.06,1968.52
2026-08-23T03:00:00,31.731,74.264,28.5,86,115.0,30.0,29.799999999999997,0.18,1969.62
2026-08-23T04:00:00,31.731,74.264,30.6,77,221.0,30.0,29.599999999999998,0.32,1964.03
2026-08-23T05:00:00,31.731,74.264,32.1,71,336.0,30.0,29.299999999999997,0.44,1973.55
2026-08-23T06:00:00,31.731,74.264,32.9,62,482.0,30.0,29.299999999999997,0.56,1966.13
2026-08-23T07:00:00,31.731,74.264,33.6,59,494.0,30.0,28.9,0.6,1968.92
2026-08-23T08:00:00,31.731,74.264,34.4,54,508.0,30.0,28.499999999999996,0.6,1961.59
2026-08-23T09:00:00,31.731,74.264,34.5,54,458.0,30.0,28.1,0.56,1958.61
2026-08-23T10:00:00,31.731,74.264,34.2,56,380.0,30.0,27.800000000000004,0.49,1968.96
2026-08-23T11:00:00,31.731,74.264,33.5,59,272.0,30.0,27.500000000000004,0.39,1966.39
2026-08-23T12:00:00,31.731,74.264,32.8,68,140.0,30.0,26.6,0.24,1974.09
2026-08-23T13:00:00,31.731,74.264,31.7,76,37.0,30.0,26.5,0.11,1970.31
2026-08-23T14:00:00,31.731,74.264,30.5,80,1.0,30.0,26.400000000000002,0.04,1976.37
2026-08-23T15:00:00,31.731,74.264,29.6,87,0.0,30.0,26.400000000000002,0.01,1970.06
2026-08-23T16:00:00,31.731,74.264,29.4,88,0.0,30.0,26.400000000000002,0.0,1969.01
2026-08-23T17:00:00,31.731,74.264,29.1,89,0.0,30.0,26.400000000000002,0.0,1979.25
2026-08-23T18:00:00,31.731,74.264,28.8,88,0.0,30.0,25.5,0.01,1975.69
2026-08-23T19:00:00,31.731,74.264,28.5,89,0.0,30.0,25.7,0.01,1970.65
2026-08-23T20:00:00,31.731,74.264,28.1,92,0.0,30.0,25.8,0.0,1966.73
2026-08-23T21:00:00,31.731,74.264,27.6,92,0.0,30.0,26.1,0.0,1971.92
2026-08-23T22:00:00,31.731,74.264,27.5,95,0.0,30.0,26.200000000000003,0.0,1975.91
2026-08-23T23:00:00,31.731,74.264,27.4,95,0.0,30.0,26.200000000000003,0.0,1972.89
2026-08-24T00:00:00,31.731,74.264,28.5,86,0.0,30.0,25.3,0.01,1968.31
2026-08-24T01:00:00,31.731,74.264,28.2,88,0.0,30.0,25.3,0.01,1967.62
2026-08-24T02:00:00,31.731,74.264,29.5,85,25.0,30.0,25.3,0.07,1977.85
2026-08-24T03:00:00,31.731,74.264,31.0,76,120.0,30.0,25.2,0.19,1966.83
2026-08-24T04:00:00,31.731,74.264,32.0,70,254.0,30.0,25.0,0.33,1972.31
2026-08-24T05:00:00,31.731,74.264,32.8,67,375.0,30.0,24.8,0.46,1965.4
2026-08-24T06:00:00,31.731,74.264,33.4,62,485.0,30.0,24.5,0.57,1970.92
2026-08-24T07:00:00,31.731,74.264,33.9,60,526.0,30.0,24.2,0.62,1962.1
2026-08-24T08:00:00,31.731,74.264,34.3,56,538.0,30.0,23.799999999999997,0.64,1963.38
2026-08-24T09:00:00,31.731,74.264,34.6,55,507.0,30.0,23.5,0.6,1961.81
2026-08-24T10:00:00,31.731,74.264,34.5,55,411.0,30.0,23.200000000000003,0.52,1974.48
2026-08-24T11:00:00,31.731,74.264,34.2,56,296.0,30.0,22.900000000000002,0.4,1968.36
2026-08-24T12:00:00,31.731,74.264,33.9,61,160.0,30.0,23.1,0.26,1963.56
2026-08-24T13:00:00,31.731,74.264,32.4,72,41.0,30.0,23.0,0.11,1966.74
2026-08-24T14:00:00,31.731,74.264,30.9,80,1.0,30.0,23.0,0.02,1979.09
2026-08-24T15:00:00,31.731,74.264,30.3,83,0.0,30.0,23.0,0.0,1967.9
2026-08-24T16:00:00,31.731,74.264,29.7,85,0.0,30.0,23.0,0.0,1964.27
2026-08-24T17:00:00,31.731,74.264,29.1,86,0.0,30.0,23.0,0.01,1964.24
2026-08-24T18:00:00,31.731,74.264,29.6,85,0.0,30.0,22.8,0.01,1977.1
2026-08-24T19:00:00,31.731,74.264,29.3,85,0.0,30.0,22.8,0.01,1969.89
2026-08-24T20:00:00,31.731,74.264,28.9,85,0.0,30.0,22.8,0.01,1963.39
2026-08-24T21:00:00,31.731,74.264,28.6,85,0.0,30.0,22.8,0.01,1963.71
2026-08-24T22:00:00,31.731,74.264,28.2,87,0.0,30.0,22.8,0.0,1971.97
2026-08-24T23:00:00,31.731,74.264,28.1,86,0.0,30.0,22.8,0.01,1972.01
2026-08-25T00:00:00,31.731,74.264,28.9,81,0.0,30.0,23.200000000000003,0.03,1973.07
2026-08-25T01:00:00,31.731,74.264,28.3,83,0.0,30.0,23.200000000000003,0.03,1965.12
2026-08-25T02:00:00,31.731,74.264,28.8,84,23.0,30.0,23.200000000000003,0.07,1978.88
2026-08-25T03:00:00,31.731,74.264,30.2,81,117.0,30.0,23.1,0.19,1965.99
2026-08-25T04:00:00,31.731,74.264,31.9,73,256.0,30.0,22.900000000000002,0.34,1971.56
2026-08-25T05:00:00,31.731,74.264,33.3,66,392.0,30.0,22.7,0.47,1967.74
2026-08-25T06:00:00,31.731,74.264,34.4,56,454.0,30.0,22.7,0.56,1970.21
2026-08-25T07:00:00,31.731,74.264,34.9,54,504.0,30.0,22.400000000000002,0.61,1972.83
2026-08-25T08:00:00,31.731,74.264,35.1,52,476.0,30.0,22.1,0.6,1966.54
2026-08-25T09:00:00,31.731,74.264,35.2,52,478.0,30.0,21.8,0.58,1965.53
2026-08-25T10:00:00,31.731,74.264,35.2,52,361.0,30.0,21.6,0.48,1964.34
2026-08-25T11:00:00,31.731,74.264,34.9,52,268.0,30.0,21.4,0.37,1970.2
2026-08-25T12:00:00,31.731,74.264,34.6,56,140.0,30.0,21.8,0.23,1961.94
2026-08-25T13:00:00,31.731,74.264,33.1,69,38.0,30.0,21.7,0.09,1960.65
2026-08-25T14:00:00,31.731,74.264,31.9,69,1.0,30.0,21.7,0.01,1968.19
2026-08-25T15:00:00,31.731,74.264,31.3,71,0.0,30.0,21.7,0.0,1980.42
2026-08-25T16:00:00,31.731,74.264,30.5,73,0.0,30.0,21.7,0.01,1968.57
2026-08-25T17:00:00,31.731,74.264,29.7,75,0.0,30.0,21.7,0.02,1964.42
2026-08-25T18:00:00,31.731,74.264,30.0,76,0.0,30.0,22.2,0.02,1975.35
2026-08-25T19:00:00,31.731,74.264,29.3,79,0.0,30.0,22.1,0.02,1967.76
2026-08-25T20:00:00,31.731,74.264,29.0,80,0.0,30.0,22.1,0.02,1972.99
2026-08-25T21:00:00,31.731,74.264,28.7,82,0.0,30.0,22.1,0.02,1965.52
2026-08-25T22:00:00,31.731,74.264,28.7,82,0.0,30.0,22.1,0.02,1964.39
2026-08-25T23:00:00,31.731,74.264,28.6,82,0.0,30.0,22.1,0.02,1972.12
2026-08-26T00:00:00,31.731,74.264,29.0,86,0.0,30.0,21.9,0.01,1968.24
2026-08-26T01:00:00,31.731,74.264,28.7,88,0.0,30.0,21.9,0.01,1967.87
2026-08-26T02:00:00,31.731,74.264,29.8,84,24.0,30.0,21.9,0.07,1961.14
2026-08-26T03:00:00,31.731,74.264,31.3,78,117.0,30.0,21.8,0.19,1966.13
2026-08-26T04:00:00,31.731,74.264,32.8,69,256.0,30.0,21.7,0.35,1960.2
2026-08-26T05:00:00,31.731,74.264,34.0,60,394.0,30.0,21.4,0.48,1967.86
2026-08-26T06:00:00,31.731,74.264,34.7,53,482.0,30.0,21.6,0.58,1964.0
2026-08-26T07:00:00,31.731,74.264,35.4,51,540.0,30.0,21.2,0.64,1966.79
2026-08-26T08:00:00,31.731,74.264,35.6,50,508.0,30.0,20.9,0.63,1968.38
2026-08-26T09:00:00,31.731,74.264,35.6,50,498.0,30.0,20.599999999999998,0.61,1969.0
2026-08-26T10:00:00,31.731,74.264,35.6,50,419.0,30.0,20.4,0.54,1966.46
2026-08-26T11:00:00,31.731,74.264,35.2,52,297.0,30.0,20.200000000000003,0.42,1966.51
2026-08-26T12:00:00,31.731,74.264,34.9,58,155.0,30.0,19.900000000000002,0.26,1971.01
2026-08-26T13:00:00,31.731,74.264,33.2,69,40.0,30.0,19.8,0.1,1964.3
2026-08-26T14:00:00,31.731,74.264,31.7,76,1.0,30.0,19.8,0.02,1965.1
2026-08-26T15:00:00,31.731,74.264,31.3,78,0.0,30.0,19.8,0.0,1964.46
2026-08-26T16:00:00,31.731,74.264,30.8,79,0.0,30.0,19.8,0.0,1970.03
2026-08-26T17:00:00,31.731,74.264,30.0,79,0.0,30.0,19.8,0.02,1968.85
2026-08-26T18:00:00,31.731,74.264,30.4,79,0.0,30.0,19.8,0.02,1973.58
2026-08-26T19:00:00,31.731,74.264,30.3,74,0.0,30.0,19.8,0.04,1966.91
2026-08-26T20:00:00,31.731,74.264,30.1,72,0.0,30.0,19.8,0.04,1966.32
2026-08-26T21:00:00,31.731,74.264,29.6,73,0.0,30.0,19.8,0.04,1962.28
2026-08-26T22:00:00,31.731,74.264,29.3,74,0.0,30.0,19.7,0.04,1964.93
2026-08-26T23:00:00,31.731,74.264,28.9,78,0.0,30.0,19.7,0.0,1960.46
2026-08-27T00:00:00,31.731,74.264,29.9,75,0.0,30.0,19.8,0.0,1961.64
2026-08-27T01:00:00,31.731,74.264,27.7,81,0.0,30.0,19.8,0.04,1969.68
2026-08-27T02:00:00,31.731,74.264,28.0,82,27.0,30.0,19.8,0.08,1967.48
2026-08-27T03:00:00,31.731,74.264,30.0,77,127.0,30.0,19.7,0.2,1958.79
2026-08-27T04:00:00,31.731,74.264,32.1,68,271.0,30.0,19.6,0.35,1961.48
2026-08-27T05:00:00,31.731,74.264,33.7,61,404.0,30.0,19.400000000000002,0.48,1966.71
2026-08-27T06:00:00,31.731,74.264,35.2,51,505.0,30.0,19.1,0.61,1963.97
2026-08-27T07:00:00,31.731,74.264,35.4,51,516.0,30.0,18.9,0.63,1964.92
2026-08-27T08:00:00,31.731,74.264,35.6,49,515.0,30.0,18.6,0.64,1964.2
2026-08-27T09:00:00,31.731,74.264,35.9,47,462.0,30.0,18.4,0.6,1966.36
2026-08-27T10:00:00,31.731,74.264,35.8,47,409.0,30.0,18.099999999999998,0.53,1967.51
2026-08-27T11:00:00,31.731,74.264,35.4,48,287.0,30.0,18.0,0.42,1964.07
2026-08-27T12:00:00,31.731,74.264,35.1,55,153.0,30.0,17.4,0.27,1967.05
2026-08-27T13:00:00,31.731,74.264,33.4,60,38.0,30.0,17.4,0.13,1957.77
2026-08-27T14:00:00,31.731,74.264,32.3,60,1.0,30.0,17.4,0.06,1961.63
2026-08-27T15:00:00,31.731,74.264,31.6,64,0.0,30.0,17.4,0.03,1968.75
2026-08-27T16:00:00,31.731,74.264,31.5,66,0.0,30.0,17.4,0.01,1972.0
2026-08-27T17:00:00,31.731,74.264,31.2,67,0.0,30.0,17.4,0.01,1973.51
2026-08-27T18:00:00,31.731,74.264,30.6,71,0.0,30.0,17.4,0.02,1970.88
2026-08-27T19:00:00,31.731,74.264,30.2,73,0.0,30.0,17.4,0.03,1970.2
2026-08-27T20:00:00,31.731,74.264,29.8,76,0.0,30.0,17.4,0.02,1964.11
2026-08-27T21:00:00,31.731,74.264,29.4,77,0.0,30.0,17.4,0.02,1971.22
2026-08-27T22:00:00,31.731,74.264,28.9,77,0.0,30.0,17.4,0.02,1970.44
2026-08-27T23:00:00,31.731,74.264,28.6,79,0.0,30.0,17.4,0.01,1963.83
2026-08-28T00:00:00,31.731,74.264,29.6,78,0.0,30.0,17.4,0.02,1965.31
2026-08-28T01:00:00,31.731,74.264,28.9,83,0.0,30.0,17.4,0.01,1969.8
2026-08-28T02:00:00,31.731,74.264,29.6,82,26.0,30.0,17.4,0.08,1973.41
2026-08-28T03:00:00,31.731,74.264,30.6,79,120.0,30.0,17.4,0.2,1966.07
2026-08-28T04:00:00,31.731,74.264,32.1,72,251.0,30.0,17.299999999999997,0.34,1968.24
2026-08-28T05:00:00,31.731,74.264,33.5,64,387.0,30.0,17.1,0.47,1964.21
2026-08-28T06:00:00,31.731,74.264,34.4,54,455.0,30.0,17.0,0.54,1961.84
2026-08-28T07:00:00,31.731,74.264,35.0,53,514.0,30.0,16.8,0.6,1978.78
2026-08-28T08:00:00,31.731,74.264,35.4,52,520.0,30.0,16.6,0.62,1973.6
2026-08-28T09:00:00,31.731,74.264,35.5,52,487.0,30.0,16.400000000000002,0.6,1966.88
2026-08-28T10:00:00,31.731,74.264,35.4,51,387.0,30.0,16.2,0.51,1972.4
2026-08-28T11:00:00,31.731,74.264,35.1,51,250.0,30.0,16.1,0.38,1961.61
2026-08-28T12:00:00,31.731,74.264,34.6,56,132.0,30.0,16.5,0.25,1967.65
2026-08-28T13:00:00,31.731,74.264,33.1,66,35.0,30.0,16.5,0.1,1964.57
2026-08-28T14:00:00,31.731,74.264,32.0,66,1.0,30.0,16.5,0.05,1970.88
2026-08-28T15:00:00,31.731,74.264,31.3,68,0.0,30.0,16.5,0.04,1970.07
2026-08-28T16:00:00,31.731,74.264,30.7,71,0.0,30.0,16.5,0.02,1959.23
2026-08-28T17:00:00,31.731,74.264,30.4,73,0.0,30.0,16.5,0.03,1967.17
2026-08-28T18:00:00,31.731,74.264,30.7,74,0.0,30.0,16.6,0.03,1963.02
2026-08-28T19:00:00,31.731,74.264,30.0,76,0.0,30.0,16.6,0.03,1971.81
2026-08-28T20:00:00,31.731,74.264,29.5,76,0.0,30.0,16.6,0.02,1959.21
2026-08-28T21:00:00,31.731,74.264,29.1,77,0.0,30.0,16.6,0.02,1978.07
2026-08-28T22:00:00,31.731,74.264,28.8,80,0.0,30.0,16.6,0.0,1963.43
2026-08-28T23:00:00,31.731,74.264,28.4,82,0.0,30.0,16.6,0.01,1971.02
2026-08-29T00:00:00,31.731,74.264,28.2,82,0.0,30.0,16.6,0.0,1965.17
2026-08-29T01:00:00,31.731,74.264,27.9,85,0.0,30.0,16.6,0.02,1956.88
2026-08-29T02:00:00,31.731,74.264,28.5,85,24.0,30.0,16.6,0.07,1966.27
2026-08-29T03:00:00,31.731,74.264,30.2,80,117.0,30.0,16.5,0.19,1970.76
2026-08-29T04:00:00,31.731,74.264,32.7,69,248.0,35.3,17.0,0.34,1965.98
2026-08-29T05:00:00,31.731,74.264,33.9,61,361.0,37.2,16.900000000000002,0.45,1966.77
2026-08-29T06:00:00,31.731,74.264,34.7,57,462.0,38.5,16.7,0.56,1967.99
2026-08-29T07:00:00,31.731,74.264,35.0,56,510.0,38.8,16.6,0.62,1957.46
2026-08-29T08:00:00,31.731,74.264,35.2,55,501.0,38.6,16.400000000000002,0.62,1968.7
2026-08-29T09:00:00,31.731,74.264,35.3,54,443.0,38.0,16.2,0.57,1968.33
2026-08-29T10:00:00,31.731,74.264,35.4,53,353.0,37.0,16.1,0.49,1965.01
2026-08-29T11:00:00,31.731,74.264,35.0,53,256.0,35.0,16.6,0.39,1963.89
2026-08-29T12:00:00,31.731,74.264,34.1,59,127.0,33.4,16.5,0.25,1967.23
2026-08-29T13:00:00,31.731,74.264,32.7,72,34.0,31.8,16.5,0.09,1965.38
2026-08-29T14:00:00,31.731,74.264,31.8,73,1.0,30.3,16.5,0.01,1974.7
2026-08-29T15:00:00,31.731,74.264,31.1,74,0.0,29.5,16.5,0.01,1968.82
2026-08-29T16:00:00,31.731,74.264,30.8,71,0.0,29.1,16.900000000000002,0.01,1970.81
2026-08-29T17:00:00,31.731,74.264,30.0,75,0.0,28.8,16.900000000000002,0.01,1964.16
2026-08-29T18:00:00,31.731,74.264,29.5,79,0.0,28.5,16.900000000000002,0.02,1974.5
2026-08-29T19:00:00,31.731,74.264,29.2,80,0.0,28.2,16.900000000000002,0.01,1970.6
2026-08-29T20:00:00,31.731,74.264,28.9,81,0.0,28.0,16.900000000000002,0.01,1962.26
2026-08-29T21:00:00,31.731,74.264,28.8,82,0.0,27.9,16.8,0.0,1964.85
2026-08-29T22:00:00,31.731,74.264,28.6,83,0.0,27.7,16.8,0.01,1965.37
2026-08-29T23:00:00,31.731,74.264,28.6,81,0.0,27.2,17.0,0.0,1976.7
2026-08-30T00:00:00,31.731,74.264,28.1,83,0.0,26.8,17.0,0.0,1969.85
2026-08-30T01:00:00,31.731,74.264,28.0,84,0.0,27.1,17.1,0.01,1961.71
2026-08-30T02:00:00,31.731,74.264,29.9,80,25.0,30.2,16.6,0.08,1963.33
2026-08-30T03:00:00,31.731,74.264,31.4,74,122.0,32.8,16.5,0.2,1966.66
2026-08-30T04:00:00,31.731,74.264,33.0,65,260.0,35.2,16.5,0.35,1968.96
2026-08-30T05:00:00,31.731,74.264,34.3,57,391.0,37.1,16.3,0.49,1962.22
2026-08-30T06:00:00,31.731,74.264,35.1,52,464.0,38.0,16.1,0.58,1962.12
2026-08-30T07:00:00,31.731,74.264,35.6,51,520.0,38.4,15.9,0.64,1967.7
2026-08-30T08:00:00,31.731,74.264,35.6,51,527.0,38.3,15.8,0.65,1970.66
2026-08-30T09:00:00,31.731,74.264,35.0,52,462.0,37.0,15.9,0.6,1967.17
2026-08-30T10:00:00,31.731,74.264,35.1,52,335.0,36.2,15.8,0.49,1965.84
2026-08-30T11:00:00,31.731,74.264,34.7,53,268.0,35.0,15.6,0.41,1973.66
2026-08-30T12:00:00,31.731,74.264,33.9,58,133.0,33.3,15.6,0.25,1975.9
2026-08-30T13:00:00,31.731,74.264,32.6,70,32.0,31.8,15.6,0.09,1967.0
2026-08-30T14:00:00,31.731,74.264,31.6,69,0.0,30.0,15.6,0.03,1976.69
2026-08-30T15:00:00,31.731,74.264,31.5,68,0.0,29.4,15.6,0.01,1962.3
2026-08-30T16:00:00,31.731,74.264,31.2,69,0.0,29.1,15.6,0.0,1964.44
2026-08-30T17:00:00,31.731,74.264,30.3,71,0.0,28.6,15.6,0.01,1968.39
2026-08-30T18:00:00,31.731,74.264,29.8,76,0.0,28.5,15.5,0.01,1971.86
2026-08-30T19:00:00,31.731,74.264,29.6,75,0.0,28.5,15.6,0.02,1962.78
2026-08-30T20:00:00,31.731,74.264,29.0,79,0.0,28.1,15.6,0.01,1960.11
2026-08-30T21:00:00,31.731,74.264,28.5,83,0.0,27.9,15.6,0.0,1966.93
2026-08-30T22:00:00,31.731,74.264,28.6,79,0.0,27.6,15.4,0.01,1963.79
2026-08-30T23:00:00,31.731,74.264,28.2,82,0.0,27.3,15.4,0.01,1975.5
2026-08-31T00:00:00,31.731,74.264,27.2,88,0.0,27.1,15.4,0.02,1976.85
2026-08-31T01:00:00,31.731,74.264,27.6,89,0.0,27.5,15.4,0.02,1968.85
2026-08-31T02:00:00,31.731,74.264,28.3,87,19.0,29.1,15.4,0.07,1975.02
2026-08-31T03:00:00,31.731,74.264,29.9,82,100.0,31.7,15.299999999999999,0.18,1960.86
2026-08-31T04:00:00,31.731,74.264,31.7,71,227.0,34.3,15.299999999999999,0.33,1965.71
2026-08-31T05:00:00,31.731,74.264,33.2,61,355.0,36.4,15.2,0.46,1970.82
2026-08-31T06:00:00,31.731,74.264,34.1,54,455.0,37.8,15.0,0.56,1961.48
2026-08-31T07:00:00,31.731,74.264,34.3,52,528.0,38.0,14.899999999999999,0.63,1960.69
2026-08-31T08:00:00,31.731,74.264,34.6,51,529.0,38.1,14.7,0.64,1963.87
2026-08-31T09:00:00,31.731,74.264,34.7,51,454.0,37.5,14.6,0.58,1972.9
2026-08-31T10:00:00,31.731,74.264,34.5,51,384.0,36.4,14.499999999999998,0.51,1970.69
2026-08-31T11:00:00,31.731,74.264,33.7,54,254.0,34.5,14.499999999999998,0.39,1964.94
2026-08-31T12:00:00,31.731,74.264,33.2,59,110.0,32.8,14.399999999999999,0.24,1972.65
2026-08-31T13:00:00,31.731,74.264,31.9,68,25.0,31.3,14.399999999999999,0.08,1964.45
2026-08-31T14:00:00,31.731,74.264,31.1,66,0.0,30.2,14.399999999999999,0.06,1966.6
2026-08-31T15:00:00,31.731,74.264,31.0,65,0.0,29.7,15.0,0.03,1972.15
2026-08-31T16:00:00,31.731,74.264,30.1,72,0.0,29.0,14.899999999999999,0.0,1960.89
2026-08-31T17:00:00,31.731,74.264,29.4,75,0.0,28.7,14.899999999999999,0.03,1980.61
2026-08-31T18:00:00,31.731,74.264,30.3,71,0.0,29.2,15.0,0.02,1969.32
2026-08-31T19:00:00,31.731,74.264,29.5,73,0.0,28.3,15.0,0.01,1962.9
2026-08-31T20:00:00,31.731,74.264,29.0,77,0.0,27.9,15.0,0.0,1980.38
2026-08-31T21:00:00,31.731,74.264,28.6,78,0.0,27.6,15.0,0.01,1965.27
2026-08-31T22:00:00,31.731,74.264,28.3,80,0.0,27.3,15.0,0.0,1963.54
2026-08-31T23:00:00,31.731,74.264,28.0,84,0.0,27.2,15.0,0.0,1968.53
2026-09-01T00:00:00,31.731,74.264,27.4,90,0.0,27.2,15.0,0.0,1963.86
2026-09-01T01:00:00,31.731,74.264,26.7,92,0.0,26.9,15.0,0.02,1968.79
2026-09-01T02:00:00,31.731,74.264,27.0,86,18.0,28.1,15.0,0.07,1963.13
2026-09-01T03:00:00,31.731,74.264,28.2,80,96.0,30.3,14.899999999999999,0.18,1967.76
2026-09-01T04:00:00,31.731,74.264,29.8,75,195.0,32.8,14.899999999999999,0.3,1968.66
2026-09-01T05:00:00,31.731,74.264,31.4,69,316.0,35.1,14.799999999999999,0.43,1969.54
2026-09-01T06:00:00,31.731,74.264,32.6,64,409.0,36.7,14.7,0.52,1968.31
