timestamp,latitude,longitude,field_id,macro_methane_5km,downscaled_methane_10m,ndvi_proxy,lst_proxy,soil_moisture_proxy,stac_item_id,source_cloud
2018-05-01T21:09:41.500000+00:00,38.548,-121.878,Field-A,1812.9647216796875,1813.0999755859375,0.5372301335362484,11.009402737380075,0.2839361006277331,S5P_L2_CH4____20180501T201755_20180501T220123_02844,Microsoft PC
2018-05-01T21:09:41.500000+00:00,38.548100000000005,-121.878,Field-B,1812.9647216796875,1812.8543701171875,0.15008892026885076,36.05955674374627,0.14479585350675225,S5P_L2_CH4____20180501T201755_20180501T220123_02844,Microsoft PC
2018-05-01T21:09:41.500000+00:00,38.5482,-121.878,Field-C,1812.9647216796875,1812.9281005859375,0.5348347659878453,27.640369872088684,0.3025568996857564,S5P_L2_CH4____20180501T201755_20180501T220123_02844,Microsoft PC
2018-05-01T21:09:41.500000+00:00,38.548300000000005,-121.878,Field-D,1812.9647216796875,1813.049072265625,0.7249376868174155,20.042602242721927,0.18271531822717121,S5P_L2_CH4____20180501T201755_20180501T220123_02844,Microsoft PC
2018-05-01T21:09:41.500000+00:00,38.5484,-121.878,Field-A,1812.9647216796875,1812.9246826171875,0.22906068570674573,25.515021524442854,0.35011218880954553,S5P_L2_CH4____20180501T201755_20180501T220123_02844,Microsoft PC
2018-05-01T21:09:41.500000+00:00,38.548500000000004,-121.878,Field-B,1812.9647216796875,1813.05615234375,0.4181491219871175,20.131494585367044,0.21197882994850425,S5P_L2_CH4____20180501T201755_20180501T220123_02844,Microsoft PC
2018-05-01T21:09:41.500000+00:00,38.5486,-121.878,Field-C,1812.9647216796875,1812.989501953125,0.7675755666820184,26.46729317097938,0.33065461660141515,S5P_L2_CH4____20180501T201755_20180501T220123_02844,Microsoft PC
2018-05-01T21:09:41.500000+00:00,38.548700000000004,-121.878,Field-D,1812.9647216796875,1812.962158203125,0.7026416733464911,23.82231185539624,0.10089151726676557,S5P_L2_CH4____20180501T201755_20180501T220123_02844,Microsoft PC
2018-05-01T21:09:41.500000+00:00,38.5488,-121.878,Field-A,1812.9647216796875,1812.87939453125,0.20204248872672592,35.5449278591432,0.18251810576261313,S5P_L2_CH4____20180501T201755_20180501T220123_02844,Microsoft PC
2018-05-01T21:09:41.500000+00:00,38.5489,-121.878,Field-B,1812.9647216796875,1812.7767333984375,0.13099324105891474,38.69124358208924,0.23095222452508524,S5P_L2_CH4____20180501T201755_20180501T220123_02844,Microsoft PC
2018-05-01T21:09:41.500000+00:00,38.549,-121.878,Field-C,1812.9647216796875,1812.8663330078125,0.5843881844523244,36.30568358760251,0.1858137543320525,S5P_L2_CH4____20180501T201755_20180501T220123_02844,Microsoft PC
2018-05-01T21:09:41.500000+00:00,38.5491,-121.878,Field-D,1812.9647216796875,1812.9190673828125,0.5490250196292682,29.424269316936254,0.12155063014093413,S5P_L2_CH4____20180501T201755_20180501T220123_02844,Microsoft PC
2018-05-01T21:09:41.500000+00:00,38.5492,-121.878,Field-A,1812.9647216796875,1812.913818359375,0.18710103538327522,30.24921154592337,0.39707338251844326,S5P_L2_CH4____20180501T201755_20180501T220123_02844,Microsoft PC
2018-05-01T21:09:41.500000+00:00,38.5493,-121.878,Field-B,1812.9647216796875,1813.076416015625,0.3348934284005054,20.711988437765903,0.21713562901132494,S5P_L2_CH4____20180501T201755_20180501T220123_02844,Microsoft PC
2018-05-01T21:09:41.500000+00:00,38.5494,-121.878,Field-C,1812.9647216796875,1812.8983154296875,0.48975456165756825,23.31043349606057,0.15125472806358142,S5P_L2_CH4____20180501T201755_20180501T220123_02844,Microsoft PC
2018-05-01T21:09:41.500000+00:00,38.5495,-121.878,Field-D,1812.9647216796875,1813.005126953125,0.694697461694454,19.867688511304042,0.31226687566975136,S5P_L2_CH4____20180501T201755_20180501T220123_02844,Microsoft PC
2018-05-01T21:09:41.500000+00:00,38.549600000000005,-121.878,Field-A,1812.9647216796875,1812.931884765625,0.11805036948447206,23.23432357616744,0.15018622437061496,S5P_L2_CH4____20180501T201755_20180501T220123_02844,Microsoft PC
2018-05-01T21:09:41.500000+00:00,38.5497,-121.878,Field-B,1812.9647216796875,1812.9844970703125,0.3802650479448072,18.14255612313147,0.3162201079152226,S5P_L2_CH4____20180501T201755_20180501T220123_02844,Microsoft PC
2018-05-01T21:09:41.500000+00:00,38.549800000000005,-121.878,Field-C,1812.9647216796875,1812.9959716796875,0.6552403921289286,19.297590576560403,0.2685034907279837,S5P_L2_CH4____20180501T201755_20180501T220123_02844,Microsoft PC
2018-05-01T21:09:41.500000+00:00,38.5499,-121.878,Field-D,1812.9647216796875,1812.9345703125,0.6730746409643719,26.746310184895062,0.3929916511338317,S5P_L2_CH4____20180501T201755_20180501T220123_02844,Microsoft PC
2018-05-01T21:09:41.500000+00:00,38.550000000000004,-121.878,Field-A,1812.9647216796875,1812.7965087890625,0.4952035525806435,35.46047650116702,0.2004095653392225,S5P_L2_CH4____20180501T201755_20180501T220123_02844,Microsoft PC
2018-05-01T21:09:41.500000+00:00,38.5501,-121.878,Field-B,1812.9647216796875,1812.84033203125,0.21601982051529,37.498281969929764,0.3720234897383713,S5P_L2_CH4____20180501T201755_20180501T220123_02844,Microsoft PC
2018-05-01T21:09:41.500000+00:00,38.550200000000004,-121.878,Field-C,1812.9647216796875,1812.791015625,0.48253847650687576,34.913747721889315,0.2600732165966835,S5P_L2_CH4____20180501T201755_20180501T220123_02844,Microsoft PC
2018-05-01T21:09:41.500000+00:00,38.5503,-121.878,Field-D,1812.9647216796875,1812.970703125,0.6237507561850398,23.368741994503615,0.3066444663614061,S5P_L2_CH4____20180501T201755_20180501T220123_02844,Microsoft PC
2018-05-01T21:09:41.500000+00:00,38.5504,-121.878,Field-A,1812.9647216796875,1813.00732421875,0.31887818631281095,18.945569241215225,0.11466556415181894,S5P_L2_CH4____20180501T201755_20180501T220123_02844,Microsoft PC
2018-05-01T21:09:41.500000+00:00,38.5505,-121.878,Field-B,1812.9647216796875,1812.95556640625,0.46177023620494506,25.5680469882166,0.2735623146566912,S5P_L2_CH4____20180501T201755_20180501T220123_02844,Microsoft PC
2018-05-01T21:09:41.500000+00:00,38.5506,-121.878,Field-C,1812.9647216796875,1812.901611328125,0.6925920296730068,22.484674735788293,0.33258428281997465,S5P_L2_CH4____20180501T201755_20180501T220123_02844,Microsoft PC
2018-05-01T21:09:41.500000+00:00,38.5507,-121.878,Field-D,1812.9647216796875,1813.0328369140625,0.14482390089406183,15.464917296170812,0.23824167284393313,S5P_L2_CH4____20180501T201755_20180501T220123_02844,Microsoft PC
2018-05-01T21:09:41.500000+00:00,38.5508,-121.878,Field-A,1812.9647216796875,1812.9058837890625,0.5834847948728037,29.786474304497613,0.12128372790812086,S5P_L2_CH4____20180501T201755_20180501T220123_02844,Microsoft PC
2018-05-01T21:09:41.500000+00:00,38.5509,-121.878,Field-B,1812.9647216796875,1812.8172607421875,0.2634135479545816,33.63045858927872,0.137271343640736,S5P_L2_CH4____20180501T201755_20180501T220123_02844,Microsoft PC
2018-05-01T21:09:41.500000+00:00,38.551,-121.878,Field-C,1812.9647216796875,1812.9278564453125,0.690168442544912,28.330794160789356,0.23393236934137274,S5P_L2_CH4____20180501T201755_20180501T220123_02844,Microsoft PC
2018-05-01T21:09:41.500000+00:00,38.551100000000005,-121.878,Field-D,1812.9647216796875,1812.8841552734375,0.7368291497409156,33.88513802651933,0.21795904863343862,S5P_L2_CH4____20180501T201755_20180501T220123_02844,Microsoft PC
2018-05-01T21:09:41.500000+00:00,38.5512,-121.878,Field-A,1812.9647216796875,1812.930419921875,0.22501998830069647,29.616951444915486,0.2956152857515808,S5P_L2_CH4____20180501T201755_20180501T220123_02844,Microsoft PC
2018-05-01T21:09:41.500000+00:00,38.551300000000005,-121.878,Field-B,1812.9647216796875,1812.98388671875,0.7427081894713257,21.526667513873,0.194231024336602,S5P_L2_CH4____20180501T201755_20180501T220123_02844,Microsoft PC
2018-05-01T21:09:41.500000+00:00,38.5514,-121.878,Field-C,1812.9647216796875,1812.8807373046875,0.25365187063893696,25.918718672672213,0.30688787941599793,S5P_L2_CH4____20180501T201755_20180501T220123_02844,Microsoft PC
2018-05-01T21:09:41.500000+00:00,38.551500000000004,-121.878,Field-D,1812.9647216796875,1813.081787109375,0.5962818229293153,17.138148781535044,0.3235327630895447,S5P_L2_CH4____20180501T201755_20180501T220123_02844,Microsoft PC
2018-05-01T21:09:41.500000+00:00,38.5516,-121.878,Field-A,1812.9647216796875,1812.931884765625,0.4390522007342911,28.644279793940708,0.234848637945302,S5P_L2_CH4____20180501T201755_20180501T220123_02844,Microsoft PC
2018-05-01T21:09:41.500000+00:00,38.551700000000004,-121.878,Field-B,1812.9647216796875,1812.8597412109375,0.39222971636106463,29.80107513125356,0.1721844800498632,S5P_L2_CH4____20180501T201755_20180501T220123_02844,Microsoft PC
2018-05-01T21:09:41.500000+00:00,38.5518,-121.878,Field-C,1812.9647216796875,1812.9610595703125,0.21232446984196124,25.283614127367784,0.14060681667405373,S5P_L2_CH4____20180501T201755_20180501T220123_02844,Microsoft PC
2018-05-01T21:09:41.500000+00:00,38.5519,-121.878,Field-D,1812.9647216796875,1812.9173583984375,0.37991709380582994,25.67005476191474,0.3477831401034396,S5P_L2_CH4____20180501T201755_20180501T220123_02844,Microsoft PC
2018-05-01T21:09:41.500000+00:00,38.552,-121.878,Field-A,1812.9647216796875,1812.8721923828125,0.23917570452568485,36.12998738669492,0.20323905420037197,S5P_L2_CH4____20180501T201755_20180501T220123_02844,Microsoft PC
2018-05-01T21:09:41.500000+00:00,38.5521,-121.878,Field-B,1812.9647216796875,1812.9022216796875,0.7910376322006821,31.370573231936213,0.10000236687792965,S5P_L2_CH4____20180501T201755_20180501T220123_02844,Microsoft PC
2018-05-01T21:09:41.500000+00:00,38.5522,-121.878,Field-C,1812.9647216796875,1812.8076171875,0.33923770137635334,34.82322853416035,0.2935743135126387,S5P_L2_CH4____20180501T201755_20180501T220123_02844,Microsoft PC
2018-05-01T21:09:41.500000+00:00,38.5523,-121.878,Field-D,1812.9647216796875,1812.87841796875,0.19371289788953977,34.27389402543017,0.1795090279580668,S5P_L2_CH4____20180501T201755_20180501T220123_02844,Microsoft PC
2018-05-01T21:09:41.500000+00:00,38.5524,-121.878,Field-A,1812.9647216796875,1812.8031005859375,0.6582710566556986,37.996352664308816,0.36114333465028214,S5P_L2_CH4____20180501T201755_20180501T220123_02844,Microsoft PC
2018-05-01T21:09:41.500000+00:00,38.5525,-121.878,Field-B,1812.9647216796875,1812.846435546875,0.30519884550226206,37.8355256688933,0.3202442165948044,S5P_L2_CH4____20180501T201755_20180501T220123_02844,Microsoft PC
2018-05-01T21:09:41.500000+00:00,38.552600000000005,-121.878,Field-C,1812.9647216796875,1813.005126953125,0.7239724045329533,22.126124099913703,0.29841483336353836,S5P_L2_CH4____20180501T201755_20180501T220123_02844,Microsoft PC
2018-05-01T21:09:41.500000+00:00,38.5527,-121.878,Field-D,1812.9647216796875,1813.0162353515625,0.5677934107285313,11.142387196512987,0.23269087719633347,S5P_L2_CH4____20180501T201755_20180501T220123_02844,Microsoft PC
2018-05-01T21:09:41.500000+00:00,38.552800000000005,-121.878,Field-A,1812.9647216796875,1812.8167724609375,0.19154771215694671,31.8894281715489,0.2959481263588466,S5P_L2_CH4____20180501T201755_20180501T220123_02844,Microsoft PC
2018-05-01T21:09:41.500000+00:00,38.5529,-121.878,Field-B,1812.9647216796875,1813.1414794921875,0.16824451633861232,10.98497408014125,0.33257035659443085,S5P_L2_CH4____20180501T201755_20180501T220123_02844,Microsoft PC
2018-05-01T21:09:41.500000+00:00,38.553000000000004,-121.878,Field-C,1812.9647216796875,1812.892333984375,0.6563530737556492,32.504785902091726,0.23279905037542414,S5P_L2_CH4____20180501T201755_20180501T220123_02844,Microsoft PC
2018-05-01T21:09:41.500000+00:00,38.5531,-121.878,Field-D,1812.9647216796875,1813.2027587890625,0.3380895700495819,12.184789841521813,0.11331117194618877,S5P_L2_CH4____20180501T201755_20180501T220123_02844,Microsoft PC
2018-05-01T21:09:41.500000+00:00,38.553200000000004,-121.878,Field-A,1812.9647216796875,1812.988525390625,0.7781352573688112,19.137320939236492,0.3389115288036625,S5P_L2_CH4____20180501T201755_20180501T220123_02844,Microsoft PC
2018-05-01T21:09:41.500000+00:00,38.5533,-121.878,Field-B,1812.9647216796875,1813.079833984375,0.4066108734195375,10.07060917081172,0.30486289260765254,S5P_L2_CH4____20180501T201755_20180501T220123_02844,Microsoft PC
2018-05-01T21:09:41.500000+00:00,38.5534,-121.878,Field-C,1812.9647216796875,1813.0421142578125,0.7268165083131327,14.056248914414429,0.2721225929829773,S5P_L2_CH4____20180501T201755_20180501T220123_02844,Microsoft PC
2018-05-01T21:09:41.500000+00:00,38.5535,-121.878,Field-D,1812.9647216796875,1812.85546875,0.6371974083001073,38.914597320941944,0.3194121511326049,S5P_L2_CH4____20180501T201755_20180501T220123_02844,Microsoft PC
2018-05-01T21:09:41.500000+00:00,38.5536,-121.878,Field-A,1812.9647216796875,1812.841064453125,0.3725310212845929,35.19019098553321,0.31403464739482667,S5P_L2_CH4____20180501T201755_20180501T220123_02844,Microsoft PC
2018-05-01T21:09:41.500000+00:00,38.5537,-121.878,Field-B,1812.9647216796875,1812.856689453125,0.4248719901414274,36.48578750563317,0.18904715518639628,S5P_L2_CH4____20180501T201755_20180501T220123_02844,Microsoft PC
2018-05-01T21:09:41.500000+00:00,38.5538,-121.878,Field-C,1812.9647216796875,1813.068603515625,0.5927357977815443,19.466969195570993,0.2331354208800295,S5P_L2_CH4____20180501T201755_20180501T220123_02844,Microsoft PC
2018-05-01T21:09:41.500000+00:00,38.5539,-121.878,Field-D,1812.9647216796875,1813.2073974609375,0.342879939544161,11.751290664536251,0.33132867391546506,S5P_L2_CH4____20180501T201755_20180501T220123_02844,Microsoft PC
2018-05-01T21:09:41.500000+00:00,38.554,-121.878,Field-A,1812.9647216796875,1813.1241455078125,0.6924575170760349,11.170587114934817,0.2645163092067805,S5P_L2_CH4____20180501T201755_20180501T220123_02844,Microsoft PC
2018-05-01T21:09:41.500000+00:00,38.554100000000005,-121.878,Field-B,1812.9647216796875,1812.9542236328125,0.3481440882512801,26.31681015981764,0.12915007678335774,S5P_L2_CH4____20180501T201755_20180501T220123_02844,Microsoft PC
2018-05-01T21:09:41.500000+00:00,38.5542,-121.878,Field-C,1812.9647216796875,1812.9495849609375,0.5967265501818373,24.858860476069292,0.11978784862307888,S5P_L2_CH4____20180501T201755_20180501T220123_02844,Microsoft PC
2018-05-01T21:09:41.500000+00:00,38.554300000000005,-121.878,Field-D,1812.9647216796875,1813.2032470703125,0.38412131247990644,11.035073968675624,0.3922907540666771,S5P_L2_CH4____20180501T201755_20180501T220123_02844,Microsoft PC
2018-05-01T21:09:41.500000+00:00,38.5544,-121.878,Field-A,1812.9647216796875,1812.846435546875,0.3415277131547939,32.58354488753107,0.3956790935327291,S5P_L2_CH4____20180501T201755_20180501T220123_02844,Microsoft PC
2018-05-01T21:09:41.500000+00:00,38.554500000000004,-121.878,Field-B,1812.9647216796875,1812.97802734375,0.2586391352390808,21.011094617672022,0.2314389289571694,S5P_L2_CH4____20180501T201755_20180501T220123_02844,Microsoft PC
2018-05-01T21:09:41.500000+00:00,38.5546,-121.878,Field-C,1812.9647216796875,1813.125732421875,0.3522471687900175,11.18343812890237,0.18157972651276072,S5P_L2_CH4____20180501T201755_20180501T220123_02844,Microsoft PC
2018-05-01T21:09:41.500000+00:00,38.554700000000004,-121.878,Field-D,1812.9647216796875,1813.04150390625,0.7951926116776058,15.206434719838686,0.26116334497508575,S5P_L2_CH4____20180501T201755_20180501T220123_02844,Microsoft PC
2018-05-01T21:09:41.500000+00:00,38.5548,-121.878,Field-A,1812.9647216796875,1813.149169921875,0.354266884727815,13.075684611963723,0.3372734941974622,S5P_L2_CH4____20180501T201755_20180501T220123_02844,Microsoft PC
2018-05-01T21:09:41.500000+00:00,38.5549,-121.878,Field-B,1812.9647216796875,1812.824462890625,0.2297543268008242,34.85698909762071,0.20321384695295683,S5P_L2_CH4____20180501T201755_20180501T220123_02844,Microsoft PC
2018-05-01T21:09:41.500000+00:00,38.555,-121.878,Field-C,1812.9647216796875,1812.8968505859375,0.628615550905978,31.499844127617134,0.22310970924911178,S5P_L2_CH4____20180501T201755_20180501T220123_02844,Microsoft PC
2018-05-01T21:09:41.500000+00:00,38.5551,-121.878,Field-D,1812.9647216796875,1813.01953125,0.1569274257101306,20.519371164238265,0.1967840304873113,S5P_L2_CH4____20180501T201755_20180501T220123_02844,Microsoft PC
2018-05-01T21:09:41.500000+00:00,38.5552,-121.878,Field-A,1812.9647216796875,1812.79052734375,0.7405107706911803,36.20359726162495,0.23003793814387796,S5P_L2_CH4____20180501T201755_20180501T220123_02844,Microsoft PC
2018-05-01T21:09:41.500000+00:00,38.5553,-121.878,Field-B,1812.9647216796875,1813.008544921875,0.46505316850991896,18.086840682870857,0.1232849174797651,S5P_L2_CH4____20180501T201755_20180501T220123_02844,Microsoft PC
2018-05-01T21:09:41.500000+00:00,38.5554,-121.878,Field-C,1812.9647216796875,1812.897705078125,0.5986522116505583,30.246633882749254,0.38394579720770894,S5P_L2_CH4____20180501T201755_20180501T220123_02844,Microsoft PC
2018-05-01T21:09:41.500000+00:00,38.5555,-121.878,Field-D,1812.9647216796875,1813.0003662109375,0.27534522510908843,20.37301429147095,0.39112702709765135,S5P_L2_CH4____20180501T201755_20180501T220123_02844,Microsoft PC
2018-05-01T21:09:41.500000+00:00,38.5556,-121.878,Field-A,1812.9647216796875,1812.9432373046875,0.6887311787880622,27.614232945019893,0.2942560786006721,S5P_L2_CH4____20180501T201755_20180501T220123_02844,Microsoft PC
2018-05-01T21:09:41.500000+00:00,38.5557,-121.878,Field-B,1812.9647216796875,1812.9619140625,0.7538690360284414,24.25564114379576,0.15748513668556488,S5P_L2_CH4____20180501T201755_20180501T220123_02844,Microsoft PC
2018-05-01T21:09:41.500000+00:00,38.555800000000005,-121.878,Field-C,1812.9647216796875,1812.831787109375,0.7080915992554989,39.95836445269339,0.19153219957648843,S5P_L2_CH4____20180501T201755_20180501T220123_02844,Microsoft PC
2018-05-01T21:09:41.500000+00:00,38.5559,-121.878,Field-D,1812.9647216796875,1812.87451171875,0.12971903820464592,32.90356807082827,0.3637998053929331,S5P_L2_CH4____20180501T201755_20180501T220123_02844,Microsoft PC
2018-05-01T21:09:41.500000+00:00,38.556000000000004,-121.878,Field-A,1812.9647216796875,1813.1229248046875,0.368365519097838,14.42375489716672,0.23120794658065374,S5P_L2_CH4____20180501T201755_20180501T220123_02844,Microsoft PC
2018-05-01T21:09:41.500000+00:00,38.5561,-121.878,Field-B,1812.9647216796875,1813.0184326171875,0.48389546565440544,18.347422103054356,0.2127478491785289,S5P_L2_CH4____20180501T201755_20180501T220123_02844,Microsoft PC
2018-05-01T21:09:41.500000+00:00,38.556200000000004,-121.878,Field-C,1812.9647216796875,1812.9432373046875,0.6180355526790506,27.128935536090275,0.18060788350880475,S5P_L2_CH4____20180501T201755_20180501T220123_02844,Microsoft PC
2018-05-01T21:09:41.500000+00:00,38.5563,-121.878,Field-D,1812.9647216796875,1812.9881591796875,0.5432609838187695,21.516657733331183,0.25560545274778634,S5P_L2_CH4____20180501T201755_20180501T220123_02844,Microsoft PC
2018-05-01T21:09:41.500000+00:00,38.556400000000004,-121.878,Field-A,1812.9647216796875,1812.8173828125,0.2212538932711396,34.46879957978278,0.29887969072282733,S5P_L2_CH4____20180501T201755_20180501T220123_02844,Microsoft PC
2018-05-01T21:09:41.500000+00:00,38.5565,-121.878,Field-B,1812.9647216796875,1813.02294921875,0.6666263526183204,14.591455362403096,0.2598154412885736,S5P_L2_CH4____20180501T201755_20180501T220123_02844,Microsoft PC
2018-05-01T21:09:41.500000+00:00,38.5566,-121.878,Field-C,1812.9647216796875,1812.8536376953125,0.3914543897791405,35.827689142318405,0.16233155442221286,S5P_L2_CH4____20180501T201755_20180501T220123_02844,Microsoft PC
2018-05-01T21:09:41.500000+00:00,38.5567,-121.878,Field-D,1812.9647216796875,1812.8392333984375,0.7162681199495832,36.32420462339307,0.27943678242953196,S5P_L2_CH4____20180501T201755_20180501T220123_02844,Microsoft PC
2018-05-01T21:09:41.500000+00:00,38.5568,-121.878,Field-A,1812.9647216796875,1812.8843994140625,0.5102226812626561,26.766181949360302,0.29388651615288064,S5P_L2_CH4____20180501T201755_20180501T220123_02844,Microsoft PC
2018-05-01T21:09:41.500000+00:00,38.5569,-121.878,Field-B,1812.9647216796875,1812.864990234375,0.7309557481001712,30.897421847276142,0.13805113996768176,S5P_L2_CH4____20180501T201755_20180501T220123_02844,Microsoft PC
2018-05-01T21:09:41.500000+00:00,38.557,-121.878,Field-C,1812.9647216796875,1812.8580322265625,0.2773265642045615,37.512956831842885,0.36618703281759835,S5P_L2_CH4____20180501T201755_20180501T220123_02844,Microsoft PC
2018-05-01T21:09:41.500000+00:00,38.5571,-121.878,Field-D,1812.9647216796875,1813.1722412109375,0.49069792070661966,10.862711592121999,0.18012442380283006,S5P_L2_CH4____20180501T201755_20180501T220123_02844,Microsoft PC
2018-05-01T21:09:41.500000+00:00,38.5572,-121.878,Field-A,1812.9647216796875,1812.873046875,0.3821733645926739,34.2366238853421,0.18197058357491153,S5P_L2_CH4____20180501T201755_20180501T220123_02844,Microsoft PC
2018-05-01T21:09:41.500000+00:00,38.557300000000005,-121.878,Field-B,1812.9647216796875,1812.883544921875,0.7253691695244484,31.28214267445082,0.31975612446517865,S5P_L2_CH4____20180501T201755_20180501T220123_02844,Microsoft PC
2018-05-01T21:09:41.500000+00:00,38.5574,-121.878,Field-C,1812.9647216796875,1812.94677734375,0.32882445563085394,26.27025277155311,0.363113090057925,S5P_L2_CH4____20180501T201755_20180501T220123_02844,Microsoft PC
2018-05-01T21:09:41.500000+00:00,38.557500000000005,-121.878,Field-D,1812.9647216796875,1812.8599853515625,0.6727694286042692,36.1040490695128,0.23705985402703336,S5P_L2_CH4____20180501T201755_20180501T220123_02844,Microsoft PC
2018-05-01T21:09:41.500000+00:00,38.5576,-121.878,Field-A,1812.9647216796875,1813.0340576171875,0.47131591615756174,13.985348472362906,0.3618378902275914,S5P_L2_CH4____20180501T201755_20180501T220123_02844,Microsoft PC
2018-05-01T21:09:41.500000+00:00,38.557700000000004,-121.878,Field-B,1812.9647216796875,1812.9322509765625,0.4017648439385346,22.587985505897436,0.27913599449268667,S5P_L2_CH4____20180501T201755_20180501T220123_02844,Microsoft PC
2018-05-01T21:09:41.500000+00:00,38.5578,-121.878,Field-C,1812.9647216796875,1812.8414306640625,0.6745958448533079,35.03284505513018,0.1352665783479849,S5P_L2_CH4____20180501T201755_20180501T220123_02844,Microsoft PC
2018-05-01T21:09:41.500000+00:00,38.557900000000004,-121.878,Field-D,1812.9647216796875,1813.21728515625,0.687275662108512,11.974630399645571,0.3765809771146438,S5P_L2_CH4____20180501T201755_20180501T220123_02844,Microsoft PC
2018-05-01T21:09:41.500000+00:00,38.558,-121.878,Field-A,1812.9647216796875,1812.862548828125,0.5528151792419791,36.913915467679374,0.21550108039229884,S5P_L2_CH4____20180501T201755_20180501T220123_02844,Microsoft PC
2018-05-01T21:09:41.500000+00:00,38.5581,-121.878,Field-B,1812.9647216796875,1813.027099609375,0.6136098230773642,17.245044456592673,0.2841589396766397,S5P_L2_CH4____20180501T201755_20180501T220123_02844,Microsoft PC
2018-05-01T21:09:41.500000+00:00,38.5582,-121.878,Field-C,1812.9647216796875,1812.9571533203125,0.4492928246142648,25.173203584971688,0.15796077898824884,S5P_L2_CH4____20180501T201755_20180501T220123_02844,Microsoft PC
2018-05-01T21:09:41.500000+00:00,38.5583,-121.878,Field-D,1812.9647216796875,1812.9395751953125,0.6957889755973723,26.021574624964206,0.12396914691324447,S5P_L2_CH4____20180501T201755_20180501T220123_02844,Microsoft PC
2018-05-01T21:09:41.500000+00:00,38.5584,-121.878,Field-A,1812.9647216796875,1812.8514404296875,0.1644280752460848,39.15018737087679,0.16835129397943321,S5P_L2_CH4____20180501T201755_20180501T220123_02844,Microsoft PC
2018-05-01T21:09:41.500000+00:00,38.5585,-121.878,Field-B,1812.9647216796875,1812.8802490234375,0.7579237272756489,33.58878920853495,0.17686577995035238,S5P_L2_CH4____20180501T201755_20180501T220123_02844,Microsoft PC
2018-05-01T21:09:41.500000+00:00,38.5586,-121.878,Field-C,1812.9647216796875,1813.238037109375,0.3815856393090945,10.599256797899896,0.29135670777990086,S5P_L2_CH4____20180501T201755_20180501T220123_02844,Microsoft PC
2018-05-01T21:09:41.500000+00:00,38.5587,-121.878,Field-D,1812.9647216796875,1812.9735107421875,0.41525043249504734,23.927503158601215,0.2788672337372762,S5P_L2_CH4____20180501T201755_20180501T220123_02844,Microsoft PC
2018-05-01T21:09:41.500000+00:00,38.558800000000005,-121.878,Field-A,1812.9647216796875,1812.834228515625,0.46472194169874104,39.1130277933829,0.36129933909419143,S5P_L2_CH4____20180501T201755_20180501T220123_02844,Microsoft PC
2018-05-01T21:09:41.500000+00:00,38.5589,-121.878,Field-B,1812.9647216796875,1812.888427734375,0.3277118332967316,32.20979365606905,0.13568946545907232,S5P_L2_CH4____20180501T201755_20180501T220123_02844,Microsoft PC
2018-05-01T21:09:41.500000+00:00,38.559000000000005,-121.878,Field-C,1812.9647216796875,1812.82763671875,0.6746806555977548,31.70718695710687,0.2714163890021336,S5P_L2_CH4____20180501T201755_20180501T220123_02844,Microsoft PC
2018-05-01T21:09:41.500000+00:00,38.5591,-121.878,Field-D,1812.9647216796875,1813.2359619140625,0.4378286135057614,10.424483378626805,0.11181558024428093,S5P_L2_CH4____20180501T201755_20180501T220123_02844,Microsoft PC
2018-05-01T21:09:41.500000+00:00,38.559200000000004,-121.878,Field-A,1812.9647216796875,1813.1068115234375,0.15307900583896722,13.706786047483998,0.33412112499179425,S5P_L2_CH4____20180501T201755_20180501T220123_02844,Microsoft PC
2018-05-01T21:09:41.500000+00:00,38.5593,-121.878,Field-B,1812.9647216796875,1813.1998291015625,0.7483777673641742,11.935069515808287,0.3927107915933338,S5P_L2_CH4____20180501T201755_20180501T220123_02844,Microsoft PC
2018-05-01T21:09:41.500000+00:00,38.559400000000004,-121.878,Field-C,1812.9647216796875,1812.847900390625,0.4519166163633952,38.97012316690099,0.1527124392815271,S5P_L2_CH4____20180501T201755_20180501T220123_02844,Microsoft PC
2018-05-01T21:09:41.500000+00:00,38.5595,-121.878,Field-D,1812.9647216796875,1812.95947265625,0.21597280015194625,24.41654714517298,0.18675941876053354,S5P_L2_CH4____20180501T201755_20180501T220123_02844,Microsoft PC
2018-05-01T21:09:41.500000+00:00,38.5596,-121.878,Field-A,1812.9647216796875,1812.970703125,0.7403086361847704,26.782622389671637,0.3897689382949182,S5P_L2_CH4____20180501T201755_20180501T220123_02844,Microsoft PC
2018-05-01T21:09:41.500000+00:00,38.5597,-121.878,Field-B,1812.9647216796875,1812.814697265625,0.24473275745389936,39.54150979468804,0.3156730341660984,S5P_L2_CH4____20180501T201755_20180501T220123_02844,Microsoft PC
2018-05-01T21:09:41.500000+00:00,38.5598,-121.878,Field-C,1812.9647216796875,1813.01708984375,0.6571741709225195,13.943091562551377,0.34125097857201486,S5P_L2_CH4____20180501T201755_20180501T220123_02844,Microsoft PC
2018-05-01T21:09:41.500000+00:00,38.5599,-121.878,Field-D,1812.9647216796875,1813.0103759765625,0.6462518449685891,20.197546627231922,0.25637911120817725,S5P_L2_CH4____20180501T201755_20180501T220123_02844,Microsoft PC
2018-05-01T21:09:41.500000+00:00,38.56,-121.878,Field-A,1812.9647216796875,1812.84912109375,0.4275499040861086,35.877203915574285,0.2257675223907293,S5P_L2_CH4____20180501T201755_20180501T220123_02844,Microsoft PC
2018-05-01T21:09:41.500000+00:00,38.5601,-121.878,Field-B,1812.9647216796875,1813.0438232421875,0.3169790415077006,14.01169162839898,0.1892142456801936,S5P_L2_CH4____20180501T201755_20180501T220123_02844,Microsoft PC
2018-05-01T21:09:41.500000+00:00,38.5602,-121.878,Field-C,1812.9647216796875,1813.02783203125,0.6656604115195965,18.122712015866163,0.2935353743793877,S5P_L2_CH4____20180501T201755_20180501T220123_02844,Microsoft PC
2018-05-01T21:09:41.500000+00:00,38.560300000000005,-121.878,Field-D,1812.9647216796875,1812.9619140625,0.34750348344314985,25.10079499805768,0.20498484280604262,S5P_L2_CH4____20180501T201755_20180501T220123_02844,Microsoft PC
2018-05-01T21:09:41.500000+00:00,38.5604,-121.878,Field-A,1812.9647216796875,1812.8885498046875,0.7628562788809686,33.009051688960426,0.3284620774075785,S5P_L2_CH4____20180501T201755_20180501T220123_02844,Microsoft PC
2018-05-01T21:09:41.500000+00:00,38.560500000000005,-121.878,Field-B,1812.9647216796875,1812.9327392578125,0.3971748246249437,28.842812215241988,0.3526969389134458,S5P_L2_CH4____20180501T201755_20180501T220123_02844,Microsoft PC
2018-05-01T21:09:41.500000+00:00,38.5606,-121.878,Field-C,1812.9647216796875,1812.9365234375,0.6529105489417041,27.35334120925672,0.3716292600632284,S5P_L2_CH4____20180501T201755_20180501T220123_02844,Microsoft PC
2018-05-01T21:09:41.500000+00:00,38.560700000000004,-121.878,Field-D,1812.9647216796875,1812.9459228515625,0.4663845563651031,25.355070112719275,0.10161550406706016,S5P_L2_CH4____20180501T201755_20180501T220123_02844,Microsoft PC
2018-05-01T21:09:41.500000+00:00,38.5608,-121.878,Field-A,1812.9647216796875,1812.895751953125,0.6325296447848885,30.613795614859278,0.3669439640401142,S5P_L2_CH4____20180501T201755_20180501T220123_02844,Microsoft PC
2018-05-01T21:09:41.500000+00:00,38.560900000000004,-121.878,Field-B,1812.9647216796875,1812.961669921875,0.2318365868005993,17.633842452853692,0.1596396005179085,S5P_L2_CH4____20180501T201755_20180501T220123_02844,Microsoft PC
2018-05-01T21:09:41.500000+00:00,38.561,-121.878,Field-C,1812.9647216796875,1813.1761474609375,0.6127614188819804,11.297284158689289,0.10852578256318784,S5P_L2_CH4____20180501T201755_20180501T220123_02844,Microsoft PC
2018-05-01T21:09:41.500000+00:00,38.5611,-121.878,Field-D,1812.9647216796875,1812.8902587890625,0.3500083889068959,33.67676481983975,0.384618192709112,S5P_L2_CH4____20180501T201755_20180501T220123_02844,Microsoft PC
2018-05-01T21:09:41.500000+00:00,38.5612,-121.878,Field-A,1812.9647216796875,1813.0228271484375,0.6457600774635013,19.581557551735184,0.33320963693687017,S5P_L2_CH4____20180501T201755_20180501T220123_02844,Microsoft PC
2018-05-01T21:09:41.500000+00:00,38.5613,-121.878,Field-B,1812.9647216796875,1812.976318359375,0.22122884063498963,17.751453734771935,0.22192082973946642,S5P_L2_CH4____20180501T201755_20180501T220123_02844,Microsoft PC
2018-05-01T21:09:41.500000+00:00,38.5614,-121.878,Field-C,1812.9647216796875,1812.851318359375,0.722268092238469,36.10537309360733,0.12113151527743854,S5P_L2_CH4____20180501T201755_20180501T220123_02844,Microsoft PC
2018-05-01T21:09:41.500000+00:00,38.5615,-121.878,Field-D,1812.9647216796875,1813.003662109375,0.30776302231311164,18.336728441603583,0.35133631100210916,S5P_L2_CH4____20180501T201755_20180501T220123_02844,Microsoft PC
2018-05-01T21:09:41.500000+00:00,38.5616,-121.878,Field-A,1812.9647216796875,1812.8642578125,0.650067356139893,34.3448089310039,0.3183638264619567,S5P_L2_CH4____20180501T201755_20180501T220123_02844,Microsoft PC
2018-05-01T21:09:41.500000+00:00,38.5617,-121.878,Field-B,1812.9647216796875,1812.94287109375,0.24804731507866026,26.525671503354822,0.276665972779846,S5P_L2_CH4____20180501T201755_20180501T220123_02844,Microsoft PC
2018-05-01T21:09:41.500000+00:00,38.561800000000005,-121.878,Field-C,1812.9647216796875,1812.94287109375,0.3432612159773223,27.434244108026228,0.32911703698703354,S5P_L2_CH4____20180501T201755_20180501T220123_02844,Microsoft PC
2018-05-01T21:09:41.500000+00:00,38.5619,-121.878,Field-D,1812.9647216796875,1812.8944091796875,0.6856111198248619,28.561897341890592,0.3773862054155166,S5P_L2_CH4____20180501T201755_20180501T220123_02844,Microsoft PC
2018-05-01T21:09:41.500000+00:00,38.562000000000005,-121.878,Field-A,1812.9647216796875,1813.10302734375,0.7609834625699494,14.753663158112607,0.2675943945677311,S5P_L2_CH4____20180501T201755_20180501T220123_02844,Microsoft PC
2018-05-01T21:09:41.500000+00:00,38.5621,-121.878,Field-B,1812.9647216796875,1813.2208251953125,0.337712398458808,11.17303424357443,0.18399767410851053,S5P_L2_CH4____20180501T201755_20180501T220123_02844,Microsoft PC
2018-05-01T21:09:41.500000+00:00,38.562200000000004,-121.878,Field-C,1812.9647216796875,1813.0137939453125,0.5607738137365388,23.561280912823715,0.37208059365750257,S5P_L2_CH4____20180501T201755_20180501T220123_02844,Microsoft PC
2018-05-01T21:09:41.500000+00:00,38.5623,-121.878,Field-D,1812.9647216796875,1812.8394775390625,0.7064341169292463,37.67068510456585,0.17932578010899425,S5P_L2_CH4____20180501T201755_20180501T220123_02844,Microsoft PC
2018-05-01T21:09:41.500000+00:00,38.562400000000004,-121.878,Field-A,1812.9647216796875,1813.025390625,0.1954469585935807,17.061798827147094,0.3350347528766545,S5P_L2_CH4____20180501T201755_20180501T220123_02844,Microsoft PC
2018-05-01T21:09:41.500000+00:00,38.5625,-121.878,Field-B,1812.9647216796875,1813.0333251953125,0.6322299062985196,12.665168146781625,0.25586200668939585,S5P_L2_CH4____20180501T201755_20180501T220123_02844,Microsoft PC
2018-05-01T21:09:41.500000+00:00,38.5626,-121.878,Field-C,1812.9647216796875,1813.0516357421875,0.5462488478468448,13.758994675470849,0.38649441753596847,S5P_L2_CH4____20180501T201755_20180501T220123_02844,Microsoft PC
2018-05-01T21:09:41.500000+00:00,38.5627,-121.878,Field-D,1812.9647216796875,1812.834716796875,0.7451077296725483,32.50082469182595,0.396514620008671,S5P_L2_CH4____20180501T201755_20180501T220123_02844,Microsoft PC
2018-05-01T21:09:41.500000+00:00,38.5628,-121.878,Field-A,1812.9647216796875,1812.995361328125,0.6041995708146709,21.17652822114971,0.37215235220061127,S5P_L2_CH4____20180501T201755_20180501T220123_02844,Microsoft PC
2018-05-01T21:09:41.500000+00:00,38.5629,-121.878,Field-B,1812.9647216796875,1813.19921875,0.27953232986309184,14.027941530937206,0.11426633475921809,S5P_L2_CH4____20180501T201755_20180501T220123_02844,Microsoft PC
2018-05-01T21:09:41.500000+00:00,38.563,-121.878,Field-C,1812.9647216796875,1813.1358642578125,0.5189353608307071,16.81955004075553,0.11418443708786137,S5P_L2_CH4____20180501T201755_20180501T220123_02844,Microsoft PC
2018-05-01T21:09:41.500000+00:00,38.5631,-121.878,Field-D,1812.9647216796875,1812.7772216796875,0.1657093655025725,37.47655792584368,0.2940270608356771,S5P_L2_CH4____20180501T201755_20180501T220123_02844,Microsoft PC
2018-05-01T21:09:41.500000+00:00,38.5632,-121.878,Field-A,1812.9647216796875,1812.849365234375,0.4474695252226528,38.29376141329498,0.298927031135963,S5P_L2_CH4____20180501T201755_20180501T220123_02844,Microsoft PC
2018-05-01T21:09:41.500000+00:00,38.563300000000005,-121.878,Field-B,1812.9647216796875,1813.11669921875,0.7875000507304623,17.52475585555887,0.3314635444330421,S5P_L2_CH4____20180501T201755_20180501T220123_02844,Microsoft PC
2018-05-01T21:09:41.500000+00:00,38.5634,-121.878,Field-C,1812.9647216796875,1813.0010986328125,0.3868210286985394,22.74379436915146,0.1353516609752889,S5P_L2_CH4____20180501T201755_20180501T220123_02844,Microsoft PC
2018-05-01T21:09:41.500000+00:00,38.563500000000005,-121.878,Field-D,1812.9647216796875,1812.8470458984375,0.3196106110173629,38.479458161060904,0.13621207093825144,S5P_L2_CH4____20180501T201755_20180501T220123_02844,Microsoft PC
2018-05-01T21:09:41.500000+00:00,38.5636,-121.878,Field-A,1812.9647216796875,1812.8602294921875,0.5343698783653454,37.8152960132284,0.13298882939532142,S5P_L2_CH4____20180501T201755_20180501T220123_02844,Microsoft PC
2018-05-01T21:09:41.500000+00:00,38.563700000000004,-121.878,Field-B,1812.9647216796875,1812.91455078125,0.16569171183140402,30.94042912962716,0.32437044270865867,S5P_L2_CH4____20180501T201755_20180501T220123_02844,Microsoft PC
2018-05-01T21:09:41.500000+00:00,38.5638,-121.878,Field-C,1812.9647216796875,1813.094970703125,0.6592225289709126,15.876459229079064,0.22156498658122797,S5P_L2_CH4____20180501T201755_20180501T220123_02844,Microsoft PC
2018-05-01T21:09:41.500000+00:00,38.563900000000004,-121.878,Field-D,1812.9647216796875,1813.181640625,0.7692197512370736,10.700182536120682,0.13347201271037326,S5P_L2_CH4____20180501T201755_20180501T220123_02844,Microsoft PC
2018-05-01T21:09:41.500000+00:00,38.564,-121.878,Field-A,1812.9647216796875,1812.8182373046875,0.13946329111766367,36.704263391254244,0.3644972790087756,S5P_L2_CH4____20180501T201755_20180501T220123_02844,Microsoft PC
2018-05-01T21:09:41.500000+00:00,38.5641,-121.878,Field-B,1812.9647216796875,1812.841064453125,0.43823722033147905,39.03938935011129,0.3686110702158879,S5P_L2_CH4____20180501T201755_20180501T220123_02844,Microsoft PC
2018-05-01T21:09:41.500000+00:00,38.5642,-121.878,Field-C,1812.9647216796875,1812.9161376953125,0.3914365783496192,28.694759516433155,0.25930160355456267,S5P_L2_CH4____20180501T201755_20180501T220123_02844,Microsoft PC
2018-05-01T21:09:41.500000+00:00,38.5643,-121.878,Field-D,1812.9647216796875,1812.916259765625,0.4587346896596477,24.65073459052215,0.1091968878299398,S5P_L2_CH4____20180501T201755_20180501T220123_02844,Microsoft PC
2018-05-01T21:09:41.500000+00:00,38.5644,-121.878,Field-A,1812.9647216796875,1813.0006103515625,0.7803956511320567,24.980452999975004,0.1629884807122442,S5P_L2_CH4____20180501T201755_20180501T220123_02844,Microsoft PC
2018-05-01T21:09:41.500000+00:00,38.5645,-121.878,Field-B,1812.9647216796875,1813.0408935546875,0.6037760397504229,14.836074835967922,0.3884478429900273,S5P_L2_CH4____20180501T201755_20180501T220123_02844,Microsoft PC
2018-05-01T21:09:41.500000+00:00,38.5646,-121.878,Field-C,1812.9647216796875,1812.982421875,0.35585351745467153,22.324467918461643,0.2509867097493381,S5P_L2_CH4____20180501T201755_20180501T220123_02844,Microsoft PC
2018-05-01T21:09:41.500000+00:00,38.5647,-121.878,Field-D,1812.9647216796875,1812.8870849609375,0.6409486327534284,32.97951133569727,0.12708485839713893,S5P_L2_CH4____20180501T201755_20180501T220123_02844,Microsoft PC
2018-05-01T21:09:41.500000+00:00,38.564800000000005,-121.878,Field-A,1812.9647216796875,1812.9075927734375,0.3830704607085629,30.77402817208426,0.19727050621838083,S5P_L2_CH4____20180501T201755_20180501T220123_02844,Microsoft PC
2018-05-01T21:09:41.500000+00:00,38.5649,-121.878,Field-B,1812.9647216796875,1813.072509765625,0.3282908727043181,17.195274345856856,0.13910284377737844,S5P_L2_CH4____20180501T201755_20180501T220123_02844,Microsoft PC
2018-05-01T21:09:41.500000+00:00,38.565000000000005,-121.878,Field-C,1812.9647216796875,1812.9033203125,0.6243161648750509,30.09692783504781,0.23044482543012176,S5P_L2_CH4____20180501T201755_20180501T220123_02844,Microsoft PC
2018-05-01T21:09:41.500000+00:00,38.5651,-121.878,Field-D,1812.9647216796875,1813.07568359375,0.7335118878608131,13.547978065178032,0.285458291345219,S5P_L2_CH4____20180501T201755_20180501T220123_02844,Microsoft PC
2018-05-01T21:09:41.500000+00:00,38.565200000000004,-121.878,Field-A,1812.9647216796875,1813.05126953125,0.19928219028991595,18.024572762951507,0.31385503165707224,S5P_L2_CH4____20180501T201755_20180501T220123_02844,Microsoft PC
2018-05-01T21:09:41.500000+00:00,38.5653,-121.878,Field-B,1812.9647216796875,1812.942626953125,0.11200186356599517,26.303704737049834,0.3562799731960635,S5P_L2_CH4____20180501T201755_20180501T220123_02844,Microsoft PC
2018-05-01T21:09:41.500000+00:00,38.565400000000004,-121.878,Field-C,1812.9647216796875,1812.9136962890625,0.41430039484955805,31.612899999362597,0.2879565208977305,S5P_L2_CH4____20180501T201755_20180501T220123_02844,Microsoft PC
2018-05-01T21:09:41.500000+00:00,38.5655,-121.878,Field-D,1812.9647216796875,1813.075439453125,0.16126269362845785,17.76724620278325,0.3628020966759423,S5P_L2_CH4____20180501T201755_20180501T220123_02844,Microsoft PC
2018-05-01T21:09:41.500000+00:00,38.5656,-121.878,Field-A,1812.9647216796875,1813.0511474609375,0.20351695765845573,13.440250512319736,0.14208378944821295,S5P_L2_CH4____20180501T201755_20180501T220123_02844,Microsoft PC
2018-05-01T21:09:41.500000+00:00,38.5657,-121.878,Field-B,1812.9647216796875,1812.865478515625,0.7347372633603475,32.78662047802027,0.22762755969098214,S5P_L2_CH4____20180501T201755_20180501T220123_02844,Microsoft PC
2018-05-01T21:09:41.500000+00:00,38.5658,-121.878,Field-C,1812.9647216796875,1812.9290771484375,0.5942681778222739,30.175633994794147,0.39676817679633114,S5P_L2_CH4____20180501T201755_20180501T220123_02844,Microsoft PC
2018-05-01T21:09:41.500000+00:00,38.5659,-121.878,Field-D,1812.9647216796875,1813.0147705078125,0.457658544965443,14.091135903895452,0.23310356853693334,S5P_L2_CH4____20180501T201755_20180501T220123_02844,Microsoft PC
2018-05-01T21:09:41.500000+00:00,38.566,-121.878,Field-A,1812.9647216796875,1812.862548828125,0.5195449053205079,29.874079919908816,0.35107981028037016,S5P_L2_CH4____20180501T201755_20180501T220123_02844,Microsoft PC
2018-05-01T21:09:41.500000+00:00,38.5661,-121.878,Field-B,1812.9647216796875,1813.011474609375,0.532168345027981,18.605284165544973,0.37073626206291743,S5P_L2_CH4____20180501T201755_20180501T220123_02844,Microsoft PC
2018-05-01T21:09:41.500000+00:00,38.5662,-121.878,Field-C,1812.9647216796875,1813.003662109375,0.6427298091444241,18.351531532598262,0.11010238523228622,S5P_L2_CH4____20180501T201755_20180501T220123_02844,Microsoft PC
2018-05-01T21:09:41.500000+00:00,38.566300000000005,-121.878,Field-D,1812.9647216796875,1812.9881591796875,0.25940712428080503,20.498386793628143,0.18161844540900463,S5P_L2_CH4____20180501T201755_20180501T220123_02844,Microsoft PC
2018-05-01T21:09:41.500000+00:00,38.5664,-121.878,Field-A,1812.9647216796875,1812.96728515625,0.7109386209269094,24.144359545643304,0.34729117228508943,S5P_L2_CH4____20180501T201755_20180501T220123_02844,Microsoft PC
2018-05-01T21:09:41.500000+00:00,38.566500000000005,-121.878,Field-B,1812.9647216796875,1812.8363037109375,0.3855745934694824,38.77739731802659,0.24679927422510553,S5P_L2_CH4____20180501T201755_20180501T220123_02844,Microsoft PC
2018-05-01T21:09:41.500000+00:00,38.5666,-121.878,Field-C,1812.9647216796875,1813.0712890625,0.6328157343366664,13.296852843900488,0.3932205360807517,S5P_L2_CH4____20180501T201755_20180501T220123_02844,Microsoft PC
2018-05-01T21:09:41.500000+00:00,38.566700000000004,-121.878,Field-D,1812.9647216796875,1812.9468994140625,0.7284114332646022,28.926723875356384,0.36169885172599947,S5P_L2_CH4____20180501T201755_20180501T220123_02844,Microsoft PC
2018-05-01T21:09:41.500000+00:00,38.5668,-121.878,Field-A,1812.9647216796875,1813.0428466796875,0.6278177444424398,14.688360716760398,0.21624095186145234,S5P_L2_CH4____20180501T201755_20180501T220123_02844,Microsoft PC
2018-05-01T21:09:41.500000+00:00,38.566900000000004,-121.878,Field-B,1812.9647216796875,1813.193359375,0.46451235350668674,13.767808340573598,0.15523244173675416,S5P_L2_CH4____20180501T201755_20180501T220123_02844,Microsoft PC
2018-05-01T21:09:41.500000+00:00,38.567,-121.878,Field-C,1812.9647216796875,1813.00146484375,0.3545231408719376,20.037653413952775,0.12476600554512216,S5P_L2_CH4____20180501T201755_20180501T220123_02844,Microsoft PC
2018-05-01T21:09:41.500000+00:00,38.5671,-121.878,Field-D,1812.9647216796875,1812.927490234375,0.54017425930213,29.810216272495936,0.3688252938023834,S5P_L2_CH4____20180501T201755_20180501T220123_02844,Microsoft PC
2018-05-01T21:09:41.500000+00:00,38.5672,-121.878,Field-A,1812.9647216796875,1813.0904541015625,0.29531273716339845,10.220206039523646,0.2860377081534129,S5P_L2_CH4____20180501T201755_20180501T220123_02844,Microsoft PC
2018-05-01T21:09:41.500000+00:00,38.5673,-121.878,Field-B,1812.9647216796875,1813.06640625,0.7909478733733313,19.752109604757408,0.14458861145839064,S5P_L2_CH4____20180501T201755_20180501T220123_02844,Microsoft PC
2018-05-01T21:09:41.500000+00:00,38.5674,-121.878,Field-C,1812.9647216796875,1812.9588623046875,0.359739391571431,22.272965343837363,0.16961628409975538,S5P_L2_CH4____20180501T201755_20180501T220123_02844,Microsoft PC
2018-05-01T21:09:41.500000+00:00,38.5675,-121.878,Field-D,1812.9647216796875,1813.0311279296875,0.3068244828139408,13.014800972997575,0.20078213830151037,S5P_L2_CH4____20180501T201755_20180501T220123_02844,Microsoft PC
2018-05-01T21:09:41.500000+00:00,38.5676,-121.878,Field-A,1812.9647216796875,1812.9091796875,0.7539725717159589,30.527641364499203,0.18125123501606216,S5P_L2_CH4____20180501T201755_20180501T220123_02844,Microsoft PC
2018-05-01T21:09:41.500000+00:00,38.5677,-121.878,Field-B,1812.9647216796875,1812.9613037109375,0.610968376264532,24.887344208310182,0.3738353000076422,S5P_L2_CH4____20180501T201755_20180501T220123_02844,Microsoft PC
2018-05-01T21:09:41.500000+00:00,38.5678,-121.878,Field-C,1812.9647216796875,1812.8857421875,0.6728789844057713,32.911573264411246,0.11842841272826629,S5P_L2_CH4____20180501T201755_20180501T220123_02844,Microsoft PC
2018-05-01T21:09:41.500000+00:00,38.5679,-121.878,Field-D,1812.9647216796875,1813.135009765625,0.5625846888981958,10.511860012610839,0.2004777779873772,S5P_L2_CH4____20180501T201755_20180501T220123_02844,Microsoft PC
2018-05-01T21:09:41.500000+00:00,38.568000000000005,-121.878,Field-A,1812.9647216796875,1812.90673828125,0.736082849379383,25.188857820156493,0.2869014372093552,S5P_L2_CH4____20180501T201755_20180501T220123_02844,Microsoft PC
2018-05-01T21:09:41.500000+00:00,38.5681,-121.878,Field-B,1812.9647216796875,1813.0411376953125,0.4841329057131879,14.736558411299978,0.16967077388385127,S5P_L2_CH4____20180501T201755_20180501T220123_02844,Microsoft PC
2018-05-01T21:09:41.500000+00:00,38.568200000000004,-121.878,Field-C,1812.9647216796875,1812.9783935546875,0.3589042054249032,23.2290388128629,0.2572673977033885,S5P_L2_CH4____20180501T201755_20180501T220123_02844,Microsoft PC
2018-05-01T21:09:41.500000+00:00,38.5683,-121.878,Field-D,1812.9647216796875,1812.8265380859375,0.10686472783732104,29.95115337052028,0.26220567028533137,S5P_L2_CH4____20180501T201755_20180501T220123_02844,Microsoft PC
2018-05-01T21:09:41.500000+00:00,38.568400000000004,-121.878,Field-A,1812.9647216796875,1813.040771484375,0.3046436964705047,14.709055303515198,0.2329466817728398,S5P_L2_CH4____20180501T201755_20180501T220123_02844,Microsoft PC
2018-05-01T21:09:41.500000+00:00,38.5685,-121.878,Field-B,1812.9647216796875,1813.008544921875,0.1652636592012668,23.635680218750927,0.21036951599385595,S5P_L2_CH4____20180501T201755_20180501T220123_02844,Microsoft PC
2018-05-01T21:09:41.500000+00:00,38.5686,-121.878,Field-C,1812.9647216796875,1813.0450439453125,0.31469273481798976,15.106900584949418,0.14453338126286724,S5P_L2_CH4____20180501T201755_20180501T220123_02844,Microsoft PC
2018-05-01T21:09:41.500000+00:00,38.5687,-121.878,Field-D,1812.9647216796875,1813.1126708984375,0.35748016639712965,19.692032284203513,0.1291319641743285,S5P_L2_CH4____20180501T201755_20180501T220123_02844,Microsoft PC
2018-05-01T21:09:41.500000+00:00,38.5688,-121.878,Field-A,1812.9647216796875,1812.870361328125,0.36060905972154145,34.47440823476758,0.14935967307055306,S5P_L2_CH4____20180501T201755_20180501T220123_02844,Microsoft PC
2018-05-01T21:09:41.500000+00:00,38.5689,-121.878,Field-B,1812.9647216796875,1812.9324951171875,0.6180411592770234,26.898740923711305,0.27486280516081707,S5P_L2_CH4____20180501T201755_20180501T220123_02844,Microsoft PC
2018-05-01T21:09:41.500000+00:00,38.569,-121.878,Field-C,1812.9647216796875,1812.941162109375,0.4443011856720618,27.119214988275235,0.1214717292199086,S5P_L2_CH4____20180501T201755_20180501T220123_02844,Microsoft PC
2018-05-01T21:09:41.500000+00:00,38.5691,-121.878,Field-D,1812.9647216796875,1812.84130859375,0.10734760319265191,38.67458360111165,0.10575842959062733,S5P_L2_CH4____20180501T201755_20180501T220123_02844,Microsoft PC
2018-05-01T21:09:41.500000+00:00,38.5692,-121.878,Field-A,1812.9647216796875,1812.8895263671875,0.41359869130248317,33.602692429217626,0.12282050425584165,S5P_L2_CH4____20180501T201755_20180501T220123_02844,Microsoft PC
2018-05-01T21:09:41.500000+00:00,38.5693,-121.878,Field-B,1812.9647216796875,1813.0333251953125,0.5571855790104482,18.320761370800728,0.35762536201236095,S5P_L2_CH4____20180501T201755_20180501T220123_02844,Microsoft PC
2018-05-01T21:09:41.500000+00:00,38.5694,-121.878,Field-C,1812.9647216796875,1812.9146728515625,0.5122770951554787,28.266068357424253,0.29001614421312527,S5P_L2_CH4____20180501T201755_20180501T220123_02844,Microsoft PC
2018-05-01T21:09:41.500000+00:00,38.569500000000005,-121.878,Field-D,1812.9647216796875,1812.8900146484375,0.517876626028771,33.92171240916258,0.27032907280986035,S5P_L2_CH4____20180501T201755_20180501T220123_02844,Microsoft PC
2018-05-01T21:09:41.500000+00:00,38.5696,-121.878,Field-A,1812.9647216796875,1813.070068359375,0.4846079696340767,18.03175170909519,0.15570612611579468,S5P_L2_CH4____20180501T201755_20180501T220123_02844,Microsoft PC
2018-05-01T21:09:41.500000+00:00,38.569700000000005,-121.878,Field-B,1812.9647216796875,1812.873046875,0.5871516877026095,34.67645136099085,0.2465761964606838,S5P_L2_CH4____20180501T201755_20180501T220123_02844,Microsoft PC
2018-05-01T21:09:41.500000+00:00,38.5698,-121.878,Field-C,1812.9647216796875,1813.1055908203125,0.5202614038253826,10.278662782495832,0.22254617278158945,S5P_L2_CH4____20180501T201755_20180501T220123_02844,Microsoft PC
2018-05-01T21:09:41.500000+00:00,38.569900000000004,-121.878,Field-D,1812.9647216796875,1812.900390625,0.2789017495063314,25.367480831322915,0.21332597182627225,S5P_L2_CH4____20180501T201755_20180501T220123_02844,Microsoft PC
2018-05-01T21:09:41.500000+00:00,38.57,-121.878,Field-A,1812.9647216796875,1813.0560302734375,0.2624650622690157,19.762205033808954,0.18794101820773895,S5P_L2_CH4____20180501T201755_20180501T220123_02844,Microsoft PC
2018-05-01T21:09:41.500000+00:00,38.570100000000004,-121.878,Field-B,1812.9647216796875,1812.9630126953125,0.4837703080095358,24.310114950923197,0.34575430794087386,S5P_L2_CH4____20180501T201755_20180501T220123_02844,Microsoft PC
2018-05-01T21:09:41.500000+00:00,38.5702,-121.878,Field-C,1812.9647216796875,1812.8553466796875,0.5171947436525471,35.147436571901224,0.12954324392363648,S5P_L2_CH4____20180501T201755_20180501T220123_02844,Microsoft PC
2018-05-01T21:09:41.500000+00:00,38.5703,-121.878,Field-D,1812.9647216796875,1812.9010009765625,0.39195641630763767,31.31193802570156,0.33161890371678715,S5P_L2_CH4____20180501T201755_20180501T220123_02844,Microsoft PC
2018-05-01T21:09:41.500000+00:00,38.5704,-121.878,Field-A,1812.9647216796875,1812.870849609375,0.5139289433118268,35.64349303522192,0.36314934778298436,S5P_L2_CH4____20180501T201755_20180501T220123_02844,Microsoft PC
2018-05-01T21:09:41.500000+00:00,38.5705,-121.878,Field-B,1812.9647216796875,1812.9615478515625,0.32153495520508313,26.223698047703696,0.14771543655698322,S5P_L2_CH4____20180501T201755_20180501T220123_02844,Microsoft PC
2018-05-01T21:09:41.500000+00:00,38.5706,-121.878,Field-C,1812.9647216796875,1812.94775390625,0.6651556448686465,25.77626024874083,0.2517241347391058,S5P_L2_CH4____20180501T201755_20180501T220123_02844,Microsoft PC
2018-05-01T21:09:41.500000+00:00,38.5707,-121.878,Field-D,1812.9647216796875,1812.873779296875,0.2711767032042536,34.34937605108245,0.2099818141561411,S5P_L2_CH4____20180501T201755_20180501T220123_02844,Microsoft PC
2018-05-01T21:09:41.500000+00:00,38.5708,-121.878,Field-A,1812.9647216796875,1813.0518798828125,0.10219028108071777,14.156962734637482,0.26810537032896176,S5P_L2_CH4____20180501T201755_20180501T220123_02844,Microsoft PC
2018-05-01T21:09:41.500000+00:00,38.5709,-121.878,Field-B,1812.9647216796875,1813.029296875,0.7843533161739233,15.809925476356137,0.13089005765686318,S5P_L2_CH4____20180501T201755_20180501T220123_02844,Microsoft PC
2018-05-01T21:09:41.500000+00:00,38.571000000000005,-121.878,Field-C,1812.9647216796875,1813.1024169921875,0.40470098447544456,18.50955756149473,0.3619531475206277,S5P_L2_CH4____20180501T201755_20180501T220123_02844,Microsoft PC
2018-05-01T21:09:41.500000+00:00,38.5711,-121.878,Field-D,1812.9647216796875,1812.933837890625,0.14313437648752672,27.973386549166555,0.31409631020062034,S5P_L2_CH4____20180501T201755_20180501T220123_02844,Microsoft PC
2018-05-01T21:09:41.500000+00:00,38.571200000000005,-121.878,Field-A,1812.9647216796875,1813.000244140625,0.5168400520247184,19.185868535670586,0.18405403594082864,S5P_L2_CH4____20180501T201755_20180501T220123_02844,Microsoft PC
2018-05-01T21:09:41.500000+00:00,38.5713,-121.878,Field-B,1812.9647216796875,1812.895751953125,0.7771834379248236,24.93811164768949,0.2686967426907323,S5P_L2_CH4____20180501T201755_20180501T220123_02844,Microsoft PC
2018-05-01T21:09:41.500000+00:00,38.571400000000004,-121.878,Field-C,1812.9647216796875,1812.96923828125,0.5702987925538151,22.6992460793837,0.28475913371779993,S5P_L2_CH4____20180501T201755_20180501T220123_02844,Microsoft PC
2018-05-01T21:09:41.500000+00:00,38.5715,-121.878,Field-D,1812.9647216796875,1813.13037109375,0.22054447629162427,10.094130114298991,0.10604667644192999,S5P_L2_CH4____20180501T201755_20180501T220123_02844,Microsoft PC
2018-05-01T21:09:41.500000+00:00,38.571600000000004,-121.878,Field-A,1812.9647216796875,1813.1055908203125,0.11054651155768301,10.407531094311853,0.291443206798165,S5P_L2_CH4____20180501T201755_20180501T220123_02844,Microsoft PC
2018-05-01T21:09:41.500000+00:00,38.5717,-121.878,Field-B,1812.9647216796875,1812.9873046875,0.29107144586078226,15.252354393116377,0.24551373322158274,S5P_L2_CH4____20180501T201755_20180501T220123_02844,Microsoft PC
2018-05-01T21:09:41.500000+00:00,38.5718,-121.878,Field-C,1812.9647216796875,1812.856689453125,0.4285586761774548,37.58030755874239,0.3829594518058359,S5P_L2_CH4____20180501T201755_20180501T220123_02844,Microsoft PC
2018-05-01T21:09:41.500000+00:00,38.5719,-121.878,Field-D,1812.9647216796875,1813.03125,0.23119430016821982,19.477511351975636,0.18226444774756806,S5P_L2_CH4____20180501T201755_20180501T220123_02844,Microsoft PC
2018-05-01T21:09:41.500000+00:00,38.572,-121.878,Field-A,1812.9647216796875,1813.177001953125,0.14610264009086182,15.866225891998624,0.21995698311937034,S5P_L2_CH4____20180501T201755_20180501T220123_02844,Microsoft PC
2018-05-01T21:09:41.500000+00:00,38.5721,-121.878,Field-B,1812.9647216796875,1812.97216796875,0.49571793841566625,23.111419275104595,0.14032875757598942,S5P_L2_CH4____20180501T201755_20180501T220123_02844,Microsoft PC
2018-05-01T21:09:41.500000+00:00,38.5722,-121.878,Field-C,1812.9647216796875,1812.9197998046875,0.5285885576375335,30.47040038623825,0.10935913914304385,S5P_L2_CH4____20180501T201755_20180501T220123_02844,Microsoft PC
2018-05-01T21:09:41.500000+00:00,38.5723,-121.878,Field-D,1812.9647216796875,1812.931884765625,0.7986612673257804,26.70160280187219,0.3780281645417707,S5P_L2_CH4____20180501T201755_20180501T220123_02844,Microsoft PC
2018-05-01T21:09:41.500000+00:00,38.5724,-121.878,Field-A,1812.9647216796875,1812.9886474609375,0.4501019511244869,21.362860273969254,0.2903524316304229,S5P_L2_CH4____20180501T201755_20180501T220123_02844,Microsoft PC
2018-05-01T21:09:41.500000+00:00,38.572500000000005,-121.878,Field-B,1812.9647216796875,1812.87109375,0.6181805140708865,28.62146346215949,0.18164566694023346,S5P_L2_CH4____20180501T201755_20180501T220123_02844,Microsoft PC
2018-05-01T21:09:41.500000+00:00,38.5726,-121.878,Field-C,1812.9647216796875,1813.0113525390625,0.2956068789679852,23.922908985765105,0.3958127282705801,S5P_L2_CH4____20180501T201755_20180501T220123_02844,Microsoft PC
2018-05-01T21:09:41.500000+00:00,38.572700000000005,-121.878,Field-D,1812.9647216796875,1812.9742431640625,0.19956738322820933,22.374959715680642,0.217304047872963,S5P_L2_CH4____20180501T201755_20180501T220123_02844,Microsoft PC
2018-05-01T21:09:41.500000+00:00,38.5728,-121.878,Field-A,1812.9647216796875,1812.973876953125,0.6559280154929319,22.738164579657266,0.349612215305482,S5P_L2_CH4____20180501T201755_20180501T220123_02844,Microsoft PC
2018-05-01T21:09:41.500000+00:00,38.572900000000004,-121.878,Field-B,1812.9647216796875,1813.171875,0.5742505180900909,12.798275655496681,0.3495341948916617,S5P_L2_CH4____20180501T201755_20180501T220123_02844,Microsoft PC
2018-05-01T21:09:41.500000+00:00,38.573,-121.878,Field-C,1812.9647216796875,1812.867919921875,0.7106808181272438,35.34280592472682,0.24167276015788522,S5P_L2_CH4____20180501T201755_20180501T220123_02844,Microsoft PC
2018-05-01T21:09:41.500000+00:00,38.573100000000004,-121.878,Field-D,1812.9647216796875,1812.86328125,0.3353799842651871,37.54142766585318,0.36428525554732083,S5P_L2_CH4____20180501T201755_20180501T220123_02844,Microsoft PC
2018-05-01T21:09:41.500000+00:00,38.5732,-121.878,Field-A,1812.9647216796875,1812.8880615234375,0.4082568686236344,31.4986086700995,0.12967227153405897,S5P_L2_CH4____20180501T201755_20180501T220123_02844,Microsoft PC
2018-05-01T21:09:41.500000+00:00,38.5733,-121.878,Field-B,1812.9647216796875,1813.0784912109375,0.11459132480120943,17.863515171130537,0.3397998614912531,S5P_L2_CH4____20180501T201755_20180501T220123_02844,Microsoft PC
2018-05-01T21:09:41.500000+00:00,38.5734,-121.878,Field-C,1812.9647216796875,1812.9056396484375,0.28208996764809136,30.765941414126704,0.10974187196268832,S5P_L2_CH4____20180501T201755_20180501T220123_02844,Microsoft PC
2018-05-01T21:09:41.500000+00:00,38.5735,-121.878,Field-D,1812.9647216796875,1813.041748046875,0.6364016321725562,14.880694557933376,0.16849643245102996,S5P_L2_CH4____20180501T201755_20180501T220123_02844,Microsoft PC
2018-05-02T20:50:44+00:00,38.548,-121.878,Field-A,1815.191650390625,1814.74072265625,0.38127552938765674,17.439306841381804,0.11770580437307347,S5P_L2_CH4____20180502T195858_20180502T214226_02858,Microsoft PC
2018-05-02T20:50:44+00:00,38.548100000000005,-121.878,Field-B,1815.191650390625,1815.088134765625,0.5370960932292577,26.06450108905981,0.24081426327741004,S5P_L2_CH4____20180502T195858_20180502T214226_02858,Microsoft PC
2018-05-02T20:50:44+00:00,38.5482,-121.878,Field-C,1815.191650390625,1814.84033203125,0.12993338066681626,20.38780596386907,0.18632370415531374,S5P_L2_CH4____20180502T195858_20180502T214226_02858,Microsoft PC
2018-05-02T20:50:44+00:00,38.548300000000005,-121.878,Field-D,1815.191650390625,1815.5367431640625,0.6510582969680965,29.869679401708396,0.3181254518487119,S5P_L2_CH4____20180502T195858_20180502T214226_02858,Microsoft PC
2018-05-02T20:50:44+00:00,38.5484,-121.878,Field-A,1815.191650390625,1815.7120361328125,0.14953096580002215,34.36638558414421,0.3039197802988371,S5P_L2_CH4____20180502T195858_20180502T214226_02858,Microsoft PC
2018-05-02T20:50:44+00:00,38.548500000000004,-121.878,Field-B,1815.191650390625,1815.8472900390625,0.3044454756856202,38.663324804949696,0.28137681088866673,S5P_L2_CH4____20180502T195858_20180502T214226_02858,Microsoft PC
2018-05-02T20:50:44+00:00,38.5486,-121.878,Field-C,1815.191650390625,1815.8116455078125,0.3534505198474288,38.49836098818231,0.27545510666820877,S5P_L2_CH4____20180502T195858_20180502T214226_02858,Microsoft PC
2018-05-02T20:50:44+00:00,38.548700000000004,-121.878,Field-D,1815.191650390625,1814.471435546875,0.4430547905728438,14.14476419678316,0.24203397583694014,S5P_L2_CH4____20180502T195858_20180502T214226_02858,Microsoft PC
2018-05-02T20:50:44+00:00,38.5488,-121.878,Field-A,1815.191650390625,1814.748046875,0.16069532267155795,19.895948065011083,0.11549259988615936,S5P_L2_CH4____20180502T195858_20180502T214226_02858,Microsoft PC
2018-05-02T20:50:44+00:00,38.5489,-121.878,Field-B,1815.191650390625,1815.4261474609375,0.26170302140091517,30.285316100348886,0.2006351007282931,S5P_L2_CH4____20180502T195858_20180502T214226_02858,Microsoft PC
2018-05-02T20:50:44+00:00,38.549,-121.878,Field-C,1815.191650390625,1815.20068359375,0.6260828602157225,23.728832019156073,0.2711220123755166,S5P_L2_CH4____20180502T195858_20180502T214226_02858,Microsoft PC
2018-05-02T20:50:44+00:00,38.5491,-121.878,Field-D,1815.191650390625,1814.3763427734375,0.5573995542812339,11.269419922760687,0.22122942559851885,S5P_L2_CH4____20180502T195858_20180502T214226_02858,Microsoft PC
2018-05-02T20:50:44+00:00,38.5492,-121.878,Field-A,1815.191650390625,1816.0760498046875,0.7446833440139478,37.93239886743734,0.23225644532135847,S5P_L2_CH4____20180502T195858_20180502T214226_02858,Microsoft PC
2018-05-02T20:50:44+00:00,38.5493,-121.878,Field-B,1815.191650390625,1814.7901611328125,0.14076118186586128,17.234394723842268,0.11505845642204615,S5P_L2_CH4____20180502T195858_20180502T214226_02858,Microsoft PC
2018-05-02T20:50:44+00:00,38.5494,-121.878,Field-C,1815.191650390625,1814.7030029296875,0.21867814587877699,16.25947781312244,0.19059147604815385,S5P_L2_CH4____20180502T195858_20180502T214226_02858,Microsoft PC
2018-05-02T20:50:44+00:00,38.5495,-121.878,Field-D,1815.191650390625,1815.857666015625,0.29425004023871437,36.34056334832796,0.13225578525450515,S5P_L2_CH4____20180502T195858_20180502T214226_02858,Microsoft PC
2018-05-02T20:50:44+00:00,38.549600000000005,-121.878,Field-A,1815.191650390625,1814.7012939453125,0.4910948743362106,16.6942178985113,0.14839404785445143,S5P_L2_CH4____20180502T195858_20180502T214226_02858,Microsoft PC
2018-05-02T20:50:44+00:00,38.5497,-121.878,Field-B,1815.191650390625,1814.733642578125,0.5171352407387527,14.852927175479579,0.11355324579036909,S5P_L2_CH4____20180502T195858_20180502T214226_02858,Microsoft PC
2018-05-02T20:50:44+00:00,38.549800000000005,-121.878,Field-C,1815.191650390625,1814.78662109375,0.71173027741855,17.710357396828364,0.1411021542653807,S5P_L2_CH4____20180502T195858_20180502T214226_02858,Microsoft PC
2018-05-02T20:50:44+00:00,38.5499,-121.878,Field-D,1815.191650390625,1815.67529296875,0.6270131058788224,32.883615423802816,0.1610619276648898,S5P_L2_CH4____20180502T195858_20180502T214226_02858,Microsoft PC
2018-05-02T20:50:44+00:00,38.550000000000004,-121.878,Field-A,1815.191650390625,1815.4091796875,0.3705379075399403,29.438024682690035,0.25591720895422104,S5P_L2_CH4____20180502T195858_20180502T214226_02858,Microsoft PC
2018-05-02T20:50:44+00:00,38.5501,-121.878,Field-B,1815.191650390625,1814.7977294921875,0.7612920500950614,18.65574756472388,0.2306309493484677,S5P_L2_CH4____20180502T195858_20180502T214226_02858,Microsoft PC
2018-05-02T20:50:44+00:00,38.550200000000004,-121.878,Field-C,1815.191650390625,1816.0107421875,0.7530711727483907,36.804252273279914,0.21690174939910215,S5P_L2_CH4____20180502T195858_20180502T214226_02858,Microsoft PC
2018-05-02T20:50:44+00:00,38.5503,-121.878,Field-D,1815.191650390625,1815.0650634765625,0.1335076430318747,22.300462250128803,0.23343815375159233,S5P_L2_CH4____20180502T195858_20180502T214226_02858,Microsoft PC
2018-05-02T20:50:44+00:00,38.5504,-121.878,Field-A,1815.191650390625,1815.2545166015625,0.45344905210917286,25.123984072533908,0.2796642535990606,S5P_L2_CH4____20180502T195858_20180502T214226_02858,Microsoft PC
2018-05-02T20:50:44+00:00,38.5505,-121.878,Field-B,1815.191650390625,1815.095703125,0.7770629304602165,22.560008346569163,0.31895441045240736,S5P_L2_CH4____20180502T195858_20180502T214226_02858,Microsoft PC
2018-05-02T20:50:44+00:00,38.5506,-121.878,Field-C,1815.191650390625,1815.7467041015625,0.25435202308346905,35.53376779196938,0.3844132891914648,S5P_L2_CH4____20180502T195858_20180502T214226_02858,Microsoft PC
2018-05-02T20:50:44+00:00,38.5507,-121.878,Field-D,1815.191650390625,1814.4879150390625,0.7590272652503902,13.920184242298285,0.2791812015449219,S5P_L2_CH4____20180502T195858_20180502T214226_02858,Microsoft PC
2018-05-02T20:50:44+00:00,38.5508,-121.878,Field-A,1815.191650390625,1815.3582763671875,0.1366901839755516,29.915546760895428,0.23858024496733843,S5P_L2_CH4____20180502T195858_20180502T214226_02858,Microsoft PC
2018-05-02T20:50:44+00:00,38.5509,-121.878,Field-B,1815.191650390625,1815.6220703125,0.18473695913899782,30.98189525805345,0.27348041602414674,S5P_L2_CH4____20180502T195858_20180502T214226_02858,Microsoft PC
2018-05-02T20:50:44+00:00,38.551,-121.878,Field-C,1815.191650390625,1815.7200927734375,0.380326666020097,32.194624132587535,0.21514989815757077,S5P_L2_CH4____20180502T195858_20180502T214226_02858,Microsoft PC
2018-05-02T20:50:44+00:00,38.551100000000005,-121.878,Field-D,1815.191650390625,1815.4581298828125,0.7984669981068975,31.49913565613223,0.12852015206571876,S5P_L2_CH4____20180502T195858_20180502T214226_02858,Microsoft PC
2018-05-02T20:50:44+00:00,38.5512,-121.878,Field-A,1815.191650390625,1814.5570068359375,0.19591593969810464,15.16617469125749,0.2633571072488984,S5P_L2_CH4____20180502T195858_20180502T214226_02858,Microsoft PC
2018-05-02T20:50:44+00:00,38.551300000000005,-121.878,Field-B,1815.191650390625,1815.412841796875,0.4445854479359662,28.040686208988785,0.30084443697972035,S5P_L2_CH4____20180502T195858_20180502T214226_02858,Microsoft PC
2018-05-02T20:50:44+00:00,38.5514,-121.878,Field-C,1815.191650390625,1815.994873046875,0.7715781829518352,39.35987596464597,0.3323566685766198,S5P_L2_CH4____20180502T195858_20180502T214226_02858,Microsoft PC
2018-05-02T20:50:44+00:00,38.551500000000004,-121.878,Field-D,1815.191650390625,1815.718994140625,0.31709184374014493,35.32672794818372,0.2599719964993893,S5P_L2_CH4____20180502T195858_20180502T214226_02858,Microsoft PC
2018-05-02T20:50:44+00:00,38.5516,-121.878,Field-A,1815.191650390625,1816.0272216796875,0.7753885388985154,38.95506898596582,0.17105383852032005,S5P_L2_CH4____20180502T195858_20180502T214226_02858,Microsoft PC
2018-05-02T20:50:44+00:00,38.551700000000004,-121.878,Field-B,1815.191650390625,1815.6180419921875,0.3519014344551764,34.67553614192705,0.21039852466649966,S5P_L2_CH4____20180502T195858_20180502T214226_02858,Microsoft PC
2018-05-02T20:50:44+00:00,38.5518,-121.878,Field-C,1815.191650390625,1814.4384765625,0.7418482348923581,15.76308378784836,0.11663620803765522,S5P_L2_CH4____20180502T195858_20180502T214226_02858,Microsoft PC
2018-05-02T20:50:44+00:00,38.5519,-121.878,Field-D,1815.191650390625,1815.6685791015625,0.6395868922168277,30.91243883149099,0.14595300501243083,S5P_L2_CH4____20180502T195858_20180502T214226_02858,Microsoft PC
2018-05-02T20:50:44+00:00,38.552,-121.878,Field-A,1815.191650390625,1814.4761962890625,0.4164237845671872,15.194666488435752,0.166571454675296,S5P_L2_CH4____20180502T195858_20180502T214226_02858,Microsoft PC
2018-05-02T20:50:44+00:00,38.5521,-121.878,Field-B,1815.191650390625,1815.482177734375,0.3144242005568938,30.504703746314288,0.26419902037800236,S5P_L2_CH4____20180502T195858_20180502T214226_02858,Microsoft PC
2018-05-02T20:50:44+00:00,38.5522,-121.878,Field-C,1815.191650390625,1815.7464599609375,0.6316769307148765,32.981923428755806,0.29815600422243443,S5P_L2_CH4____20180502T195858_20180502T214226_02858,Microsoft PC
2018-05-02T20:50:44+00:00,38.5523,-121.878,Field-D,1815.191650390625,1815.0745849609375,0.2400679490265828,23.812901946799883,0.2699235591516972,S5P_L2_CH4____20180502T195858_20180502T214226_02858,Microsoft PC
2018-05-02T20:50:44+00:00,38.5524,-121.878,Field-A,1815.191650390625,1814.505615234375,0.18151079677946677,14.270899989020549,0.35669248434173206,S5P_L2_CH4____20180502T195858_20180502T214226_02858,Microsoft PC
2018-05-02T20:50:44+00:00,38.5525,-121.878,Field-B,1815.191650390625,1816.0377197265625,0.6119655137655917,39.36470203076826,0.25250246996270176,S5P_L2_CH4____20180502T195858_20180502T214226_02858,Microsoft PC
2018-05-02T20:50:44+00:00,38.552600000000005,-121.878,Field-C,1815.191650390625,1814.84521484375,0.4310537857057972,20.264189035986178,0.36978332122383284,S5P_L2_CH4____20180502T195858_20180502T214226_02858,Microsoft PC
2018-05-02T20:50:44+00:00,38.5527,-121.878,Field-D,1815.191650390625,1815.348876953125,0.7115743712391543,26.636987867897524,0.3619254180142969,S5P_L2_CH4____20180502T195858_20180502T214226_02858,Microsoft PC
2018-05-02T20:50:44+00:00,38.552800000000005,-121.878,Field-A,1815.191650390625,1815.523681640625,0.278196216941297,29.842610258404996,0.1580170547465513,S5P_L2_CH4____20180502T195858_20180502T214226_02858,Microsoft PC
2018-05-02T20:50:44+00:00,38.5529,-121.878,Field-B,1815.191650390625,1815.4071044921875,0.1517207271348829,26.64054119847861,0.3356320158107816,S5P_L2_CH4____20180502T195858_20180502T214226_02858,Microsoft PC
2018-05-02T20:50:44+00:00,38.553000000000004,-121.878,Field-C,1815.191650390625,1815.9586181640625,0.4738448427074028,38.63240762388372,0.2948345320464691,S5P_L2_CH4____20180502T195858_20180502T214226_02858,Microsoft PC
2018-05-02T20:50:44+00:00,38.5531,-121.878,Field-D,1815.191650390625,1815.274658203125,0.2976572887630102,27.019042578463544,0.27016788992570745,S5P_L2_CH4____20180502T195858_20180502T214226_02858,Microsoft PC
2018-05-02T20:50:44+00:00,38.553200000000004,-121.878,Field-A,1815.191650390625,1814.6544189453125,0.17359252889466503,17.48319191467585,0.3733140832963845,S5P_L2_CH4____20180502T195858_20180502T214226_02858,Microsoft PC
2018-05-02T20:50:44+00:00,38.5533,-121.878,Field-B,1815.191650390625,1814.927001953125,0.10281390400278703,21.242915150635604,0.38667023261369216,S5P_L2_CH4____20180502T195858_20180502T214226_02858,Microsoft PC
2018-05-02T20:50:44+00:00,38.5534,-121.878,Field-C,1815.191650390625,1814.42822265625,0.3198591084274054,11.682527731541967,0.3191450113213059,S5P_L2_CH4____20180502T195858_20180502T214226_02858,Microsoft PC
2018-05-02T20:50:44+00:00,38.5535,-121.878,Field-D,1815.191650390625,1816.0772705078125,0.45096543163286806,38.477815175918586,0.14110830710384906,S5P_L2_CH4____20180502T195858_20180502T214226_02858,Microsoft PC
2018-05-02T20:50:44+00:00,38.5536,-121.878,Field-A,1815.191650390625,1815.65576171875,0.6877229407324371,30.42530733586424,0.21461892563542656,S5P_L2_CH4____20180502T195858_20180502T214226_02858,Microsoft PC
2018-05-02T20:50:44+00:00,38.5537,-121.878,Field-B,1815.191650390625,1814.5189208984375,0.772116508379219,13.418158186752969,0.1694156980987831,S5P_L2_CH4____20180502T195858_20180502T214226_02858,Microsoft PC
2018-05-02T20:50:44+00:00,38.5538,-121.878,Field-C,1815.191650390625,1814.7684326171875,0.3062445123923381,20.3367657260108,0.1584241748632697,S5P_L2_CH4____20180502T195858_20180502T214226_02858,Microsoft PC
2018-05-02T20:50:44+00:00,38.5539,-121.878,Field-D,1815.191650390625,1815.608154296875,0.4283900079029822,32.29529387981865,0.1772069775662772,S5P_L2_CH4____20180502T195858_20180502T214226_02858,Microsoft PC
2018-05-02T20:50:44+00:00,38.554,-121.878,Field-A,1815.191650390625,1815.6480712890625,0.7166605260681259,32.9585413889735,0.18814916884133226,S5P_L2_CH4____20180502T195858_20180502T214226_02858,Microsoft PC
2018-05-02T20:50:44+00:00,38.554100000000005,-121.878,Field-B,1815.191650390625,1814.894287109375,0.19780620141503652,23.42626042547188,0.11928312770354274,S5P_L2_CH4____20180502T195858_20180502T214226_02858,Microsoft PC
2018-05-02T20:50:44+00:00,38.5542,-121.878,Field-C,1815.191650390625,1814.8873291015625,0.5643131157704702,22.677512551560042,0.16550608569744013,S5P_L2_CH4____20180502T195858_20180502T214226_02858,Microsoft PC
2018-05-02T20:50:44+00:00,38.554300000000005,-121.878,Field-D,1815.191650390625,1814.898193359375,0.671992528680683,17.61806595338176,0.39539341639715664,S5P_L2_CH4____20180502T195858_20180502T214226_02858,Microsoft PC
2018-05-02T20:50:44+00:00,38.5544,-121.878,Field-A,1815.191650390625,1815.99267578125,0.7233748171872276,37.18539396177711,0.22904498108974924,S5P_L2_CH4____20180502T195858_20180502T214226_02858,Microsoft PC
2018-05-02T20:50:44+00:00,38.554500000000004,-121.878,Field-B,1815.191650390625,1815.3897705078125,0.27496506822687705,28.185944938937048,0.12900045313574282,S5P_L2_CH4____20180502T195858_20180502T214226_02858,Microsoft PC
2018-05-02T20:50:44+00:00,38.5546,-121.878,Field-C,1815.191650390625,1815.7349853515625,0.4289858963512966,34.88820768765329,0.12083764341085027,S5P_L2_CH4____20180502T195858_20180502T214226_02858,Microsoft PC
2018-05-02T20:50:44+00:00,38.554700000000004,-121.878,Field-D,1815.191650390625,1815.3492431640625,0.18231541934541573,29.240783830473177,0.3872408743224638,S5P_L2_CH4____20180502T195858_20180502T214226_02858,Microsoft PC
2018-05-02T20:50:44+00:00,38.5548,-121.878,Field-A,1815.191650390625,1814.7091064453125,0.2957958650512563,16.207974892125108,0.16846664542702794,S5P_L2_CH4____20180502T195858_20180502T214226_02858,Microsoft PC
2018-05-02T20:50:44+00:00,38.5549,-121.878,Field-B,1815.191650390625,1815.9676513671875,0.2931527322545108,39.044782634566474,0.3358299053417388,S5P_L2_CH4____20180502T195858_20180502T214226_02858,Microsoft PC
2018-05-02T20:50:44+00:00,38.555,-121.878,Field-C,1815.191650390625,1815.5772705078125,0.37782624818494703,29.36753248914078,0.36664801903960886,S5P_L2_CH4____20180502T195858_20180502T214226_02858,Microsoft PC
2018-05-02T20:50:44+00:00,38.5551,-121.878,Field-D,1815.191650390625,1815.3616943359375,0.5291107745458459,27.460936655207625,0.14609118160311124,S5P_L2_CH4____20180502T195858_20180502T214226_02858,Microsoft PC
2018-05-02T20:50:44+00:00,38.5552,-121.878,Field-A,1815.191650390625,1815.0062255859375,0.531652711725871,20.46903359225563,0.35548783414608787,S5P_L2_CH4____20180502T195858_20180502T214226_02858,Microsoft PC
2018-05-02T20:50:44+00:00,38.5553,-121.878,Field-B,1815.191650390625,1815.6279296875,0.7286514536778929,33.76762030161494,0.23767266860337466,S5P_L2_CH4____20180502T195858_20180502T214226_02858,Microsoft PC
2018-05-02T20:50:44+00:00,38.5554,-121.878,Field-C,1815.191650390625,1815.587890625,0.4126069295695176,33.38181109778362,0.1468218571120239,S5P_L2_CH4____20180502T195858_20180502T214226_02858,Microsoft PC
2018-05-02T20:50:44+00:00,38.5555,-121.878,Field-D,1815.191650390625,1815.168701171875,0.7045741773287454,23.655220848716525,0.12908925256920806,S5P_L2_CH4____20180502T195858_20180502T214226_02858,Microsoft PC
2018-05-02T20:50:44+00:00,38.5556,-121.878,Field-A,1815.191650390625,1814.85546875,0.4517978201920678,17.844477111410164,0.32794164578725415,S5P_L2_CH4____20180502T195858_20180502T214226_02858,Microsoft PC
2018-05-02T20:50:44+00:00,38.5557,-121.878,Field-B,1815.191650390625,1815.4827880859375,0.6498319625686881,32.97561739627022,0.2886525316680438,S5P_L2_CH4____20180502T195858_20180502T214226_02858,Microsoft PC
2018-05-02T20:50:44+00:00,38.555800000000005,-121.878,Field-C,1815.191650390625,1816.0355224609375,0.2533032153618946,36.71461657823454,0.27788969375154426,S5P_L2_CH4____20180502T195858_20180502T214226_02858,Microsoft PC
2018-05-02T20:50:44+00:00,38.5559,-121.878,Field-D,1815.191650390625,1816.097900390625,0.25280264068827085,38.54529852403574,0.16563217591687868,S5P_L2_CH4____20180502T195858_20180502T214226_02858,Microsoft PC
2018-05-02T20:50:44+00:00,38.556000000000004,-121.878,Field-A,1815.191650390625,1816.04296875,0.10709620331190539,39.652012894049975,0.18987590689354206,S5P_L2_CH4____20180502T195858_20180502T214226_02858,Microsoft PC
2018-05-02T20:50:44+00:00,38.5561,-121.878,Field-B,1815.191650390625,1814.3905029296875,0.7008648826675539,12.303499987332179,0.3774559844292019,S5P_L2_CH4____20180502T195858_20180502T214226_02858,Microsoft PC
2018-05-02T20:50:44+00:00,38.556200000000004,-121.878,Field-C,1815.191650390625,1815.6060791015625,0.7398977263504529,31.198037308295316,0.2904548335969598,S5P_L2_CH4____20180502T195858_20180502T214226_02858,Microsoft PC
2018-05-02T20:50:44+00:00,38.5563,-121.878,Field-D,1815.191650390625,1814.315673828125,0.6321474112842939,11.531462465244468,0.2988419315852169,S5P_L2_CH4____20180502T195858_20180502T214226_02858,Microsoft PC
2018-05-02T20:50:44+00:00,38.556400000000004,-121.878,Field-A,1815.191650390625,1814.52978515625,0.38049662853394084,14.880223091088567,0.26828344222582473,S5P_L2_CH4____20180502T195858_20180502T214226_02858,Microsoft PC
2018-05-02T20:50:44+00:00,38.5565,-121.878,Field-B,1815.191650390625,1814.9287109375,0.7284653771854447,19.015013006500965,0.2174497097496761,S5P_L2_CH4____20180502T195858_20180502T214226_02858,Microsoft PC
2018-05-02T20:50:44+00:00,38.5566,-121.878,Field-C,1815.191650390625,1814.43212890625,0.5641784153713085,12.01622626686908,0.31413029098656897,S5P_L2_CH4____20180502T195858_20180502T214226_02858,Microsoft PC
2018-05-02T20:50:44+00:00,38.5567,-121.878,Field-D,1815.191650390625,1814.499267578125,0.5703041748706966,12.32296810161781,0.2807275900499011,S5P_L2_CH4____20180502T195858_20180502T214226_02858,Microsoft PC
2018-05-02T20:50:44+00:00,38.5568,-121.878,Field-A,1815.191650390625,1814.2862548828125,0.36760756661876837,11.655193639746695,0.11393841239323728,S5P_L2_CH4____20180502T195858_20180502T214226_02858,Microsoft PC
2018-05-02T20:50:44+00:00,38.5569,-121.878,Field-B,1815.191650390625,1814.741943359375,0.4573600185151391,16.839949497520372,0.3031207390743871,S5P_L2_CH4____20180502T195858_20180502T214226_02858,Microsoft PC
2018-05-02T20:50:44+00:00,38.557,-121.878,Field-C,1815.191650390625,1815.1322021484375,0.5333257172371145,26.551026229417182,0.16355638743029663,S5P_L2_CH4____20180502T195858_20180502T214226_02858,Microsoft PC
2018-05-02T20:50:44+00:00,38.5571,-121.878,Field-D,1815.191650390625,1815.533447265625,0.490815804453116,28.761143515210634,0.2697089913248546,S5P_L2_CH4____20180502T195858_20180502T214226_02858,Microsoft PC
2018-05-02T20:50:44+00:00,38.5572,-121.878,Field-A,1815.191650390625,1814.9112548828125,0.16046664579650244,21.401629779966317,0.264122575766493,S5P_L2_CH4____20180502T195858_20180502T214226_02858,Microsoft PC
2018-05-02T20:50:44+00:00,38.557300000000005,-121.878,Field-B,1815.191650390625,1815.3134765625,0.251837872938224,28.98888808888297,0.33229984314695205,S5P_L2_CH4____20180502T195858_20180502T214226_02858,Microsoft PC
2018-05-02T20:50:44+00:00,38.5574,-121.878,Field-C,1815.191650390625,1814.7998046875,0.13815625057439218,19.643767867201944,0.2525750012689164,S5P_L2_CH4____20180502T195858_20180502T214226_02858,Microsoft PC
2018-05-02T20:50:44+00:00,38.557500000000005,-121.878,Field-D,1815.191650390625,1814.93408203125,0.7716303526487099,21.340120556689293,0.2673349232953521,S5P_L2_CH4____20180502T195858_20180502T214226_02858,Microsoft PC
2018-05-02T20:50:44+00:00,38.5576,-121.878,Field-A,1815.191650390625,1814.6944580078125,0.10671354415646828,15.39130150550304,0.1301808943654412,S5P_L2_CH4____20180502T195858_20180502T214226_02858,Microsoft PC
2018-05-02T20:50:44+00:00,38.557700000000004,-121.878,Field-B,1815.191650390625,1814.52978515625,0.4700176616892222,16.44947734521603,0.2407524495677166,S5P_L2_CH4____20180502T195858_20180502T214226_02858,Microsoft PC
2018-05-02T20:50:44+00:00,38.5578,-121.878,Field-C,1815.191650390625,1814.5694580078125,0.6423591796067537,16.201548235299278,0.16318564558831922,S5P_L2_CH4____20180502T195858_20180502T214226_02858,Microsoft PC
2018-05-02T20:50:44+00:00,38.557900000000004,-121.878,Field-D,1815.191650390625,1815.8486328125,0.17879620227810888,36.37636187878924,0.11362986827165183,S5P_L2_CH4____20180502T195858_20180502T214226_02858,Microsoft PC
2018-05-02T20:50:44+00:00,38.558,-121.878,Field-A,1815.191650390625,1816.114013671875,0.1207977824813663,39.41896537258536,0.1969028769766137,S5P_L2_CH4____20180502T195858_20180502T214226_02858,Microsoft PC
2018-05-02T20:50:44+00:00,38.5581,-121.878,Field-B,1815.191650390625,1814.8736572265625,0.2272749241754571,19.70060131613253,0.3392173985579107,S5P_L2_CH4____20180502T195858_20180502T214226_02858,Microsoft PC
2018-05-02T20:50:44+00:00,38.5582,-121.878,Field-C,1815.191650390625,1815.1510009765625,0.42339500409197195,26.120728895225625,0.1988679177587839,S5P_L2_CH4____20180502T195858_20180502T214226_02858,Microsoft PC
2018-05-02T20:50:44+00:00,38.5583,-121.878,Field-D,1815.191650390625,1815.872802734375,0.37047438162219415,37.06083845789575,0.1730923609583107,S5P_L2_CH4____20180502T195858_20180502T214226_02858,Microsoft PC
2018-05-02T20:50:44+00:00,38.5584,-121.878,Field-A,1815.191650390625,1815.367919921875,0.364915581214719,27.368513495294916,0.2910837576706122,S5P_L2_CH4____20180502T195858_20180502T214226_02858,Microsoft PC
2018-05-02T20:50:44+00:00,38.5585,-121.878,Field-B,1815.191650390625,1814.4072265625,0.25745383990977005,11.118525043431125,0.3356478392219848,S5P_L2_CH4____20180502T195858_20180502T214226_02858,Microsoft PC
2018-05-02T20:50:44+00:00,38.5586,-121.878,Field-C,1815.191650390625,1815.5477294921875,0.7115151460878734,33.12374597309075,0.15770689915466654,S5P_L2_CH4____20180502T195858_20180502T214226_02858,Microsoft PC
2018-05-02T20:50:44+00:00,38.5587,-121.878,Field-D,1815.191650390625,1814.6517333984375,0.4789052886839842,18.210038736500795,0.2627857470836582,S5P_L2_CH4____20180502T195858_20180502T214226_02858,Microsoft PC
2018-05-02T20:50:44+00:00,38.558800000000005,-121.878,Field-A,1815.191650390625,1815.4444580078125,0.47429434912409074,31.977548138344403,0.3619841564595033,S5P_L2_CH4____20180502T195858_20180502T214226_02858,Microsoft PC
2018-05-02T20:50:44+00:00,38.5589,-121.878,Field-B,1815.191650390625,1814.8736572265625,0.23427892589749472,17.323395759071627,0.11321329290282796,S5P_L2_CH4____20180502T195858_20180502T214226_02858,Microsoft PC
2018-05-02T20:50:44+00:00,38.559000000000005,-121.878,Field-C,1815.191650390625,1815.146728515625,0.15274782501936035,22.48018316654975,0.37121997745045177,S5P_L2_CH4____20180502T195858_20180502T214226_02858,Microsoft PC
2018-05-02T20:50:44+00:00,38.5591,-121.878,Field-D,1815.191650390625,1816.0780029296875,0.7123689709013422,39.05736377826149,0.38238494960460123,S5P_L2_CH4____20180502T195858_20180502T214226_02858,Microsoft PC
2018-05-02T20:50:44+00:00,38.559200000000004,-121.878,Field-A,1815.191650390625,1815.3021240234375,0.30827871520800126,27.770169157302877,0.33347783459093355,S5P_L2_CH4____20180502T195858_20180502T214226_02858,Microsoft PC
2018-05-02T20:50:44+00:00,38.5593,-121.878,Field-B,1815.191650390625,1815.6402587890625,0.6685673670019474,33.359755610080796,0.13116713818285536,S5P_L2_CH4____20180502T195858_20180502T214226_02858,Microsoft PC
2018-05-02T20:50:44+00:00,38.559400000000004,-121.878,Field-C,1815.191650390625,1814.4525146484375,0.5803766336224109,12.677905213918754,0.34086974017153204,S5P_L2_CH4____20180502T195858_20180502T214226_02858,Microsoft PC
2018-05-02T20:50:44+00:00,38.5595,-121.878,Field-D,1815.191650390625,1815.0311279296875,0.12842325070368213,22.564626921818366,0.38693530876010673,S5P_L2_CH4____20180502T195858_20180502T214226_02858,Microsoft PC
2018-05-02T20:50:44+00:00,38.5596,-121.878,Field-A,1815.191650390625,1815.7530517578125,0.6295975022787734,32.60112174889521,0.18863664170587174,S5P_L2_CH4____20180502T195858_20180502T214226_02858,Microsoft PC
2018-05-02T20:50:44+00:00,38.5597,-121.878,Field-B,1815.191650390625,1814.96240234375,0.774683210133934,22.512547200387665,0.3696380623017149,S5P_L2_CH4____20180502T195858_20180502T214226_02858,Microsoft PC
2018-05-02T20:50:44+00:00,38.5598,-121.878,Field-C,1815.191650390625,1815.146240234375,0.661257345849511,24.9661186836002,0.19576716874626432,S5P_L2_CH4____20180502T195858_20180502T214226_02858,Microsoft PC
2018-05-02T20:50:44+00:00,38.5599,-121.878,Field-D,1815.191650390625,1814.8507080078125,0.6754799086104553,17.284987519725007,0.15129956570223463,S5P_L2_CH4____20180502T195858_20180502T214226_02858,Microsoft PC
2018-05-02T20:50:44+00:00,38.56,-121.878,Field-A,1815.191650390625,1815.0673828125,0.2021827926503268,25.745853258711797,0.28584418073402257,S5P_L2_CH4____20180502T195858_20180502T214226_02858,Microsoft PC
2018-05-02T20:50:44+00:00,38.5601,-121.878,Field-B,1815.191650390625,1814.320068359375,0.13454290464007848,12.171908660643902,0.3363497396078056,S5P_L2_CH4____20180502T195858_20180502T214226_02858,Microsoft PC
2018-05-02T20:50:44+00:00,38.5602,-121.878,Field-C,1815.191650390625,1814.527099609375,0.7973263500816629,15.653315172322777,0.39221071420226383,S5P_L2_CH4____20180502T195858_20180502T214226_02858,Microsoft PC
2018-05-02T20:50:44+00:00,38.560300000000005,-121.878,Field-D,1815.191650390625,1814.6016845703125,0.520080373265111,15.315846886357912,0.20758392324264668,S5P_L2_CH4____20180502T195858_20180502T214226_02858,Microsoft PC
2018-05-02T20:50:44+00:00,38.5604,-121.878,Field-A,1815.191650390625,1815.338623046875,0.28980754407636256,27.646996928638888,0.14049595659274927,S5P_L2_CH4____20180502T195858_20180502T214226_02858,Microsoft PC
2018-05-02T20:50:44+00:00,38.560500000000005,-121.878,Field-B,1815.191650390625,1814.35205078125,0.21935474175749084,14.558966019608533,0.3588828539278889,S5P_L2_CH4____20180502T195858_20180502T214226_02858,Microsoft PC
2018-05-02T20:50:44+00:00,38.5606,-121.878,Field-C,1815.191650390625,1815.8240966796875,0.7696525563084515,35.46196919871882,0.27812424959504,S5P_L2_CH4____20180502T195858_20180502T214226_02858,Microsoft PC
2018-05-02T20:50:44+00:00,38.560700000000004,-121.878,Field-D,1815.191650390625,1816.04150390625,0.6581106059377879,39.18125084113843,0.29971912531291045,S5P_L2_CH4____20180502T195858_20180502T214226_02858,Microsoft PC
2018-05-02T20:50:44+00:00,38.5608,-121.878,Field-A,1815.191650390625,1814.3477783203125,0.46451822252564434,10.150586746533417,0.3162078703819786,S5P_L2_CH4____20180502T195858_20180502T214226_02858,Microsoft PC
2018-05-02T20:50:44+00:00,38.560900000000004,-121.878,Field-B,1815.191650390625,1814.5106201171875,0.23416046551288874,12.460121800185036,0.3647075033317384,S5P_L2_CH4____20180502T195858_20180502T214226_02858,Microsoft PC
2018-05-02T20:50:44+00:00,38.561,-121.878,Field-C,1815.191650390625,1814.5748291015625,0.5693126523929315,13.631160926124686,0.11105808073369274,S5P_L2_CH4____20180502T195858_20180502T214226_02858,Microsoft PC
2018-05-02T20:50:44+00:00,38.5611,-121.878,Field-D,1815.191650390625,1815.8253173828125,0.26591534383560056,35.11867724276149,0.29124554480147824,S5P_L2_CH4____20180502T195858_20180502T214226_02858,Microsoft PC
2018-05-02T20:50:44+00:00,38.5612,-121.878,Field-A,1815.191650390625,1814.6337890625,0.7064921741646165,17.90498926922495,0.3999669465250939,S5P_L2_CH4____20180502T195858_20180502T214226_02858,Microsoft PC
2018-05-02T20:50:44+00:00,38.5613,-121.878,Field-B,1815.191650390625,1814.624755859375,0.7473660462023132,18.76354689852512,0.2825198324805499,S5P_L2_CH4____20180502T195858_20180502T214226_02858,Microsoft PC
2018-05-02T20:50:44+00:00,38.5614,-121.878,Field-C,1815.191650390625,1816.104248046875,0.6217587113673487,39.588117411422786,0.35178538970721285,S5P_L2_CH4____20180502T195858_20180502T214226_02858,Microsoft PC
2018-05-02T20:50:44+00:00,38.5615,-121.878,Field-D,1815.191650390625,1815.2403564453125,0.2982641097478548,24.334610865243413,0.3715128711573473,S5P_L2_CH4____20180502T195858_20180502T214226_02858,Microsoft PC
2018-05-02T20:50:44+00:00,38.5616,-121.878,Field-A,1815.191650390625,1816.0443115234375,0.1029997799238635,39.33877545316402,0.2899693813806252,S5P_L2_CH4____20180502T195858_20180502T214226_02858,Microsoft PC
2018-05-02T20:50:44+00:00,38.5617,-121.878,Field-B,1815.191650390625,1814.4359130859375,0.6182336893677318,12.715183864780565,0.2527813081197099,S5P_L2_CH4____20180502T195858_20180502T214226_02858,Microsoft PC
2018-05-02T20:50:44+00:00,38.561800000000005,-121.878,Field-C,1815.191650390625,1814.5797119140625,0.2891634812579077,14.659631367679651,0.1029954286541262,S5P_L2_CH4____20180502T195858_20180502T214226_02858,Microsoft PC
2018-05-02T20:50:44+00:00,38.5619,-121.878,Field-D,1815.191650390625,1814.602294921875,0.5966593092411623,16.145104725853052,0.2880044032297294,S5P_L2_CH4____20180502T195858_20180502T214226_02858,Microsoft PC
2018-05-02T20:50:44+00:00,38.562000000000005,-121.878,Field-A,1815.191650390625,1815.32958984375,0.12459045556304038,29.428552032418718,0.39093101601216484,S5P_L2_CH4____20180502T195858_20180502T214226_02858,Microsoft PC
2018-05-02T20:50:44+00:00,38.5621,-121.878,Field-B,1815.191650390625,1815.0150146484375,0.11048759864740976,21.03695679636307,0.3780181067574693,S5P_L2_CH4____20180502T195858_20180502T214226_02858,Microsoft PC
2018-05-02T20:50:44+00:00,38.562200000000004,-121.878,Field-C,1815.191650390625,1815.4940185546875,0.5937928231058285,27.503852753794924,0.22413486498222673,S5P_L2_CH4____20180502T195858_20180502T214226_02858,Microsoft PC
2018-05-02T20:50:44+00:00,38.5623,-121.878,Field-D,1815.191650390625,1815.5404052734375,0.1391459246529266,30.173125646940505,0.1874318863768325,S5P_L2_CH4____20180502T195858_20180502T214226_02858,Microsoft PC
2018-05-02T20:50:44+00:00,38.562400000000004,-121.878,Field-A,1815.191650390625,1815.530029296875,0.2697201360966835,33.66294548749739,0.23817207677775884,S5P_L2_CH4____20180502T195858_20180502T214226_02858,Microsoft PC
2018-05-02T20:50:44+00:00,38.5625,-121.878,Field-B,1815.191650390625,1815.1204833984375,0.20496870669996425,24.27007597078553,0.2762669554472579,S5P_L2_CH4____20180502T195858_20180502T214226_02858,Microsoft PC
2018-05-02T20:50:44+00:00,38.5626,-121.878,Field-C,1815.191650390625,1815.4390869140625,0.4940133135951684,29.97781225630498,0.3896671949199112,S5P_L2_CH4____20180502T195858_20180502T214226_02858,Microsoft PC
2018-05-02T20:50:44+00:00,38.5627,-121.878,Field-D,1815.191650390625,1814.298583984375,0.36513010661764533,13.35904593067034,0.2617097380754084,S5P_L2_CH4____20180502T195858_20180502T214226_02858,Microsoft PC
2018-05-02T20:50:44+00:00,38.5628,-121.878,Field-A,1815.191650390625,1814.275146484375,0.789433775138613,10.49109141734154,0.32380385801546707,S5P_L2_CH4____20180502T195858_20180502T214226_02858,Microsoft PC
2018-05-02T20:50:44+00:00,38.5629,-121.878,Field-B,1815.191650390625,1815.8033447265625,0.5772795961891225,34.80099994457295,0.2958630161993722,S5P_L2_CH4____20180502T195858_20180502T214226_02858,Microsoft PC
2018-05-02T20:50:44+00:00,38.563,-121.878,Field-C,1815.191650390625,1814.5006103515625,0.18737088130061177,12.93539507917863,0.14096853212470645,S5P_L2_CH4____20180502T195858_20180502T214226_02858,Microsoft PC
2018-05-02T20:50:44+00:00,38.5631,-121.878,Field-D,1815.191650390625,1814.471435546875,0.5621180865990375,11.985290989211574,0.30224276157975005,S5P_L2_CH4____20180502T195858_20180502T214226_02858,Microsoft PC
2018-05-02T20:50:44+00:00,38.5632,-121.878,Field-A,1815.191650390625,1815.09765625,0.7055064382711694,20.82088153405328,0.27336750482949546,S5P_L2_CH4____20180502T195858_20180502T214226_02858,Microsoft PC
2018-05-02T20:50:44+00:00,38.563300000000005,-121.878,Field-B,1815.191650390625,1814.598388671875,0.3443967014068279,14.810787995584015,0.3381232789918439,S5P_L2_CH4____20180502T195858_20180502T214226_02858,Microsoft PC
2018-05-02T20:50:44+00:00,38.5634,-121.878,Field-C,1815.191650390625,1815.0125732421875,0.3426460958425851,23.793650812147387,0.11798908307905515,S5P_L2_CH4____20180502T195858_20180502T214226_02858,Microsoft PC
2018-05-02T20:50:44+00:00,38.563500000000005,-121.878,Field-D,1815.191650390625,1814.663818359375,0.3390831873383073,15.845233827149045,0.3740175001562247,S5P_L2_CH4____20180502T195858_20180502T214226_02858,Microsoft PC
2018-05-02T20:50:44+00:00,38.5636,-121.878,Field-A,1815.191650390625,1815.203125,0.18320733749976587,26.993222035190712,0.13569496646367157,S5P_L2_CH4____20180502T195858_20180502T214226_02858,Microsoft PC
2018-05-02T20:50:44+00:00,38.563700000000004,-121.878,Field-B,1815.191650390625,1815.4053955078125,0.43701930780640996,28.980112929435197,0.3825620346194458,S5P_L2_CH4____20180502T195858_20180502T214226_02858,Microsoft PC
2018-05-02T20:50:44+00:00,38.5638,-121.878,Field-C,1815.191650390625,1816.0228271484375,0.16426572697849096,38.76066193964978,0.2311095031198246,S5P_L2_CH4____20180502T195858_20180502T214226_02858,Microsoft PC
2018-05-02T20:50:44+00:00,38.563900000000004,-121.878,Field-D,1815.191650390625,1816.1903076171875,0.6180870581714006,39.9612482625029,0.18672924110004988,S5P_L2_CH4____20180502T195858_20180502T214226_02858,Microsoft PC
2018-05-02T20:50:44+00:00,38.564,-121.878,Field-A,1815.191650390625,1814.54345703125,0.4432621062659067,14.84865076549763,0.19243111025111334,S5P_L2_CH4____20180502T195858_20180502T214226_02858,Microsoft PC
2018-05-02T20:50:44+00:00,38.5641,-121.878,Field-B,1815.191650390625,1814.9166259765625,0.7768381850378365,21.429649890196472,0.3330468095713089,S5P_L2_CH4____20180502T195858_20180502T214226_02858,Microsoft PC
2018-05-02T20:50:44+00:00,38.5642,-121.878,Field-C,1815.191650390625,1815.6939697265625,0.7071804585592913,34.292360789954515,0.34794472097748347,S5P_L2_CH4____20180502T195858_20180502T214226_02858,Microsoft PC
2018-05-02T20:50:44+00:00,38.5643,-121.878,Field-D,1815.191650390625,1815.673095703125,0.7148654882987483,34.18595862031146,0.35491468525970904,S5P_L2_CH4____20180502T195858_20180502T214226_02858,Microsoft PC
2018-05-02T20:50:44+00:00,38.5644,-121.878,Field-A,1815.191650390625,1815.2947998046875,0.7578521048878645,29.172355948004107,0.1692729416409486,S5P_L2_CH4____20180502T195858_20180502T214226_02858,Microsoft PC
2018-05-02T20:50:44+00:00,38.5645,-121.878,Field-B,1815.191650390625,1815.58203125,0.7795837191279087,30.64032222818092,0.372810928010064,S5P_L2_CH4____20180502T195858_20180502T214226_02858,Microsoft PC
2018-05-02T20:50:44+00:00,38.5646,-121.878,Field-C,1815.191650390625,1815.177734375,0.3774894315367623,25.41285896492532,0.10119537273713843,S5P_L2_CH4____20180502T195858_20180502T214226_02858,Microsoft PC
2018-05-02T20:50:44+00:00,38.5647,-121.878,Field-D,1815.191650390625,1814.489501953125,0.3624698264154327,10.661002351274028,0.12963758402374778,S5P_L2_CH4____20180502T195858_20180502T214226_02858,Microsoft PC
2018-05-02T20:50:44+00:00,38.564800000000005,-121.878,Field-A,1815.191650390625,1815.314453125,0.18865212740884635,28.611762867753576,0.10388344710373504,S5P_L2_CH4____20180502T195858_20180502T214226_02858,Microsoft PC
2018-05-02T20:50:44+00:00,38.5649,-121.878,Field-B,1815.191650390625,1815.759521484375,0.2685471198181575,33.359589450521476,0.12494404339329994,S5P_L2_CH4____20180502T195858_20180502T214226_02858,Microsoft PC
2018-05-02T20:50:44+00:00,38.565000000000005,-121.878,Field-C,1815.191650390625,1814.39501953125,0.5450752230390169,10.540809575326294,0.13323798306145762,S5P_L2_CH4____20180502T195858_20180502T214226_02858,Microsoft PC
2018-05-02T20:50:44+00:00,38.5651,-121.878,Field-D,1815.191650390625,1814.4317626953125,0.4565219366009442,11.247121784346124,0.3555567609132835,S5P_L2_CH4____20180502T195858_20180502T214226_02858,Microsoft PC
2018-05-02T20:50:44+00:00,38.565200000000004,-121.878,Field-A,1815.191650390625,1814.945068359375,0.34773073267045174,19.064303808910743,0.2975018618433166,S5P_L2_CH4____20180502T195858_20180502T214226_02858,Microsoft PC
2018-05-02T20:50:44+00:00,38.5653,-121.878,Field-B,1815.191650390625,1815.827392578125,0.7273913780869048,36.156877006778096,0.27667269696004104,S5P_L2_CH4____20180502T195858_20180502T214226_02858,Microsoft PC
2018-05-02T20:50:44+00:00,38.565400000000004,-121.878,Field-C,1815.191650390625,1814.7689208984375,0.1209604378999724,19.86608750707714,0.3276607767463239,S5P_L2_CH4____20180502T195858_20180502T214226_02858,Microsoft PC
2018-05-02T20:50:44+00:00,38.5655,-121.878,Field-D,1815.191650390625,1815.4859619140625,0.3670041396358744,31.73141054409596,0.1463640908644188,S5P_L2_CH4____20180502T195858_20180502T214226_02858,Microsoft PC
2018-05-02T20:50:44+00:00,38.5656,-121.878,Field-A,1815.191650390625,1815.809326171875,0.5652143223878515,38.13467672114409,0.15164771317031187,S5P_L2_CH4____20180502T195858_20180502T214226_02858,Microsoft PC
2018-05-02T20:50:44+00:00,38.5657,-121.878,Field-B,1815.191650390625,1815.4365234375,0.28178170434714944,29.167207754574854,0.12500333716372575,S5P_L2_CH4____20180502T195858_20180502T214226_02858,Microsoft PC
2018-05-02T20:50:44+00:00,38.5658,-121.878,Field-C,1815.191650390625,1815.888427734375,0.700811612866097,36.698197557709506,0.25122297017604023,S5P_L2_CH4____20180502T195858_20180502T214226_02858,Microsoft PC
2018-05-02T20:50:44+00:00,38.5659,-121.878,Field-D,1815.191650390625,1815.8114013671875,0.6211075790403747,36.93905030014586,0.24651504887766498,S5P_L2_CH4____20180502T195858_20180502T214226_02858,Microsoft PC
2018-05-02T20:50:44+00:00,38.566,-121.878,Field-A,1815.191650390625,1814.415283203125,0.7158881523919791,12.768718010422809,0.26565084900212277,S5P_L2_CH4____20180502T195858_20180502T214226_02858,Microsoft PC
2018-05-02T20:50:44+00:00,38.5661,-121.878,Field-B,1815.191650390625,1814.6650390625,0.5047748511723001,15.413711351871175,0.3629164237411243,S5P_L2_CH4____20180502T195858_20180502T214226_02858,Microsoft PC
2018-05-02T20:50:44+00:00,38.5662,-121.878,Field-C,1815.191650390625,1814.876708984375,0.3109709597418632,20.563864668183573,0.29881276575418353,S5P_L2_CH4____20180502T195858_20180502T214226_02858,Microsoft PC
2018-05-02T20:50:44+00:00,38.566300000000005,-121.878,Field-D,1815.191650390625,1815.900390625,0.31782658955076015,36.959275088751156,0.3224011758105804,S5P_L2_CH4____20180502T195858_20180502T214226_02858,Microsoft PC
2018-05-02T20:50:44+00:00,38.5664,-121.878,Field-A,1815.191650390625,1815.9033203125,0.12397981923166589,36.16814265522826,0.18442039076167027,S5P_L2_CH4____20180502T195858_20180502T214226_02858,Microsoft PC
2018-05-02T20:50:44+00:00,38.566500000000005,-121.878,Field-B,1815.191650390625,1815.2392578125,0.3166775014313008,24.564511075680272,0.22495491883015864,S5P_L2_CH4____20180502T195858_20180502T214226_02858,Microsoft PC
2018-05-02T20:50:44+00:00,38.5666,-121.878,Field-C,1815.191650390625,1814.501220703125,0.1499852363086368,15.806331799404326,0.38239973074402767,S5P_L2_CH4____20180502T195858_20180502T214226_02858,Microsoft PC
2018-05-02T20:50:44+00:00,38.566700000000004,-121.878,Field-D,1815.191650390625,1815.6783447265625,0.3645975375330738,33.90551808588495,0.36691465569041093,S5P_L2_CH4____20180502T195858_20180502T214226_02858,Microsoft PC
2018-05-02T20:50:44+00:00,38.5668,-121.878,Field-A,1815.191650390625,1815.27490234375,0.7511764026933075,29.27141792685223,0.3643315922403876,S5P_L2_CH4____20180502T195858_20180502T214226_02858,Microsoft PC
2018-05-02T20:50:44+00:00,38.566900000000004,-121.878,Field-B,1815.191650390625,1815.16748046875,0.7335374497936915,25.613180141303296,0.27784369154536925,S5P_L2_CH4____20180502T195858_20180502T214226_02858,Microsoft PC
2018-05-02T20:50:44+00:00,38.567,-121.878,Field-C,1815.191650390625,1814.362548828125,0.528129302532172,13.628692928926265,0.2604094108159448,S5P_L2_CH4____20180502T195858_20180502T214226_02858,Microsoft PC
2018-05-02T20:50:44+00:00,38.5671,-121.878,Field-D,1815.191650390625,1815.64697265625,0.6207691399561897,30.40549625165859,0.34075784895794475,S5P_L2_CH4____20180502T195858_20180502T214226_02858,Microsoft PC
2018-05-02T20:50:44+00:00,38.5672,-121.878,Field-A,1815.191650390625,1814.97314453125,0.5691542087908008,23.428450531868272,0.3724906206788924,S5P_L2_CH4____20180502T195858_20180502T214226_02858,Microsoft PC
2018-05-02T20:50:44+00:00,38.5673,-121.878,Field-B,1815.191650390625,1814.6624755859375,0.35063893402066515,15.864978494120916,0.2557482035726569,S5P_L2_CH4____20180502T195858_20180502T214226_02858,Microsoft PC
2018-05-02T20:50:44+00:00,38.5674,-121.878,Field-C,1815.191650390625,1814.67919921875,0.7669241703472972,19.19283891995977,0.14513129328004587,S5P_L2_CH4____20180502T195858_20180502T214226_02858,Microsoft PC
2018-05-02T20:50:44+00:00,38.5675,-121.878,Field-D,1815.191650390625,1815.9798583984375,0.7952353947062395,39.731250740425814,0.3330899123072498,S5P_L2_CH4____20180502T195858_20180502T214226_02858,Microsoft PC
2018-05-02T20:50:44+00:00,38.5676,-121.878,Field-A,1815.191650390625,1815.48486328125,0.20869062669950778,28.002025315541154,0.10594434222372967,S5P_L2_CH4____20180502T195858_20180502T214226_02858,Microsoft PC
2018-05-02T20:50:44+00:00,38.5677,-121.878,Field-B,1815.191650390625,1815.5992431640625,0.6553111943994341,31.133999472529847,0.38586870336182266,S5P_L2_CH4____20180502T195858_20180502T214226_02858,Microsoft PC
2018-05-02T20:50:44+00:00,38.5678,-121.878,Field-C,1815.191650390625,1815.27880859375,0.2655958352207522,28.59184358778021,0.11257567324495205,S5P_L2_CH4____20180502T195858_20180502T214226_02858,Microsoft PC
2018-05-02T20:50:44+00:00,38.5679,-121.878,Field-D,1815.191650390625,1814.6044921875,0.44170687185480173,15.934526703104913,0.1648874762871388,S5P_L2_CH4____20180502T195858_20180502T214226_02858,Microsoft PC
2018-05-02T20:50:44+00:00,38.568000000000005,-121.878,Field-A,1815.191650390625,1814.2833251953125,0.47074097366728973,11.817531129479917,0.19237228687089064,S5P_L2_CH4____20180502T195858_20180502T214226_02858,Microsoft PC
2018-05-02T20:50:44+00:00,38.5681,-121.878,Field-B,1815.191650390625,1815.71337890625,0.3141204650497358,34.29059221771226,0.13178904040152184,S5P_L2_CH4____20180502T195858_20180502T214226_02858,Microsoft PC
2018-05-02T20:50:44+00:00,38.568200000000004,-121.878,Field-C,1815.191650390625,1815.7581787109375,0.7704669579662693,36.29634562169305,0.360950819891531,S5P_L2_CH4____20180502T195858_20180502T214226_02858,Microsoft PC
2018-05-02T20:50:44+00:00,38.5683,-121.878,Field-D,1815.191650390625,1815.5283203125,0.27657300294670334,29.827434625728493,0.24929764648691272,S5P_L2_CH4____20180502T195858_20180502T214226_02858,Microsoft PC
2018-05-02T20:50:44+00:00,38.568400000000004,-121.878,Field-A,1815.191650390625,1815.15869140625,0.7340097446788206,23.947205140291814,0.1247958065219005,S5P_L2_CH4____20180502T195858_20180502T214226_02858,Microsoft PC
2018-05-02T20:50:44+00:00,38.5685,-121.878,Field-B,1815.191650390625,1815.682373046875,0.23187937064611816,33.04641297963656,0.32382534403530894,S5P_L2_CH4____20180502T195858_20180502T214226_02858,Microsoft PC
2018-05-02T20:50:44+00:00,38.5686,-121.878,Field-C,1815.191650390625,1815.0897216796875,0.4441754582899201,23.172622768512795,0.25676693179109583,S5P_L2_CH4____20180502T195858_20180502T214226_02858,Microsoft PC
2018-05-02T20:50:44+00:00,38.5687,-121.878,Field-D,1815.191650390625,1815.9044189453125,0.4909741143105102,36.4342928725892,0.17894187944650652,S5P_L2_CH4____20180502T195858_20180502T214226_02858,Microsoft PC
2018-05-02T20:50:44+00:00,38.5688,-121.878,Field-A,1815.191650390625,1815.8609619140625,0.36964042651675477,36.702242465699946,0.37571713261474904,S5P_L2_CH4____20180502T195858_20180502T214226_02858,Microsoft PC
2018-05-02T20:50:44+00:00,38.5689,-121.878,Field-B,1815.191650390625,1815.281005859375,0.7242430112302943,24.759336167801592,0.2140261460821664,S5P_L2_CH4____20180502T195858_20180502T214226_02858,Microsoft PC
2018-05-02T20:50:44+00:00,38.569,-121.878,Field-C,1815.191650390625,1815.0560302734375,0.32922922560473444,22.77478556907714,0.1443264785778965,S5P_L2_CH4____20180502T195858_20180502T214226_02858,Microsoft PC
2018-05-02T20:50:44+00:00,38.5691,-121.878,Field-D,1815.191650390625,1815.33642578125,0.5481843468502493,28.858967891321377,0.11963427156856654,S5P_L2_CH4____20180502T195858_20180502T214226_02858,Microsoft PC
2018-05-02T20:50:44+00:00,38.5692,-121.878,Field-A,1815.191650390625,1815.7730712890625,0.6425155467984608,35.73788885771489,0.2824276290926392,S5P_L2_CH4____20180502T195858_20180502T214226_02858,Microsoft PC
2018-05-02T20:50:44+00:00,38.5693,-121.878,Field-B,1815.191650390625,1814.6654052734375,0.13201157692818402,15.353466893193009,0.17586198978689244,S5P_L2_CH4____20180502T195858_20180502T214226_02858,Microsoft PC
2018-05-02T20:50:44+00:00,38.5694,-121.878,Field-C,1815.191650390625,1815.51123046875,0.3825584176394978,32.039398325411014,0.3891454678564584,S5P_L2_CH4____20180502T195858_20180502T214226_02858,Microsoft PC
2018-05-02T20:50:44+00:00,38.569500000000005,-121.878,Field-D,1815.191650390625,1814.79443359375,0.39471158936575146,20.90496873360896,0.27939377825642775,S5P_L2_CH4____20180502T195858_20180502T214226_02858,Microsoft PC
2018-05-02T20:50:44+00:00,38.5696,-121.878,Field-A,1815.191650390625,1815.9630126953125,0.24317745803617494,38.17240687965293,0.12417255414920894,S5P_L2_CH4____20180502T195858_20180502T214226_02858,Microsoft PC
2018-05-02T20:50:44+00:00,38.569700000000005,-121.878,Field-B,1815.191650390625,1814.496826171875,0.7909274204220478,14.737613287315341,0.2532180865230498,S5P_L2_CH4____20180502T195858_20180502T214226_02858,Microsoft PC
2018-05-02T20:50:44+00:00,38.5698,-121.878,Field-C,1815.191650390625,1815.012451171875,0.40784590179727054,19.76623255266676,0.34377154519806524,S5P_L2_CH4____20180502T195858_20180502T214226_02858,Microsoft PC
2018-05-02T20:50:44+00:00,38.569900000000004,-121.878,Field-D,1815.191650390625,1814.221923828125,0.4331666297452942,10.10879860704364,0.31654434031860557,S5P_L2_CH4____20180502T195858_20180502T214226_02858,Microsoft PC
2018-05-02T20:50:44+00:00,38.57,-121.878,Field-A,1815.191650390625,1815.07275390625,0.6427326229849868,23.691252141408462,0.21056276573633015,S5P_L2_CH4____20180502T195858_20180502T214226_02858,Microsoft PC
2018-05-02T20:50:44+00:00,38.570100000000004,-121.878,Field-B,1815.191650390625,1815.702392578125,0.5040095838556139,30.863318530394423,0.2613909905859185,S5P_L2_CH4____20180502T195858_20180502T214226_02858,Microsoft PC
2018-05-02T20:50:44+00:00,38.5702,-121.878,Field-C,1815.191650390625,1815.4034423828125,0.5545902400087356,30.930306631576958,0.1621061956253789,S5P_L2_CH4____20180502T195858_20180502T214226_02858,Microsoft PC
2018-05-02T20:50:44+00:00,38.5703,-121.878,Field-D,1815.191650390625,1815.0135498046875,0.15340817883514338,20.634080805388688,0.1321634317772742,S5P_L2_CH4____20180502T195858_20180502T214226_02858,Microsoft PC
2018-05-02T20:50:44+00:00,38.5704,-121.878,Field-A,1815.191650390625,1815.7388916015625,0.1825087881227466,34.11924679949658,0.3407852464122755,S5P_L2_CH4____20180502T195858_20180502T214226_02858,Microsoft PC
2018-05-02T20:50:44+00:00,38.5705,-121.878,Field-B,1815.191650390625,1815.86181640625,0.7046125519447257,35.23543198386459,0.21788902831714435,S5P_L2_CH4____20180502T195858_20180502T214226_02858,Microsoft PC
2018-05-02T20:50:44+00:00,38.5706,-121.878,Field-C,1815.191650390625,1814.85546875,0.11819897478290693,19.102385314398788,0.16876873327242317,S5P_L2_CH4____20180502T195858_20180502T214226_02858,Microsoft PC
2018-05-02T20:50:44+00:00,38.5707,-121.878,Field-D,1815.191650390625,1815.438720703125,0.24512440302153535,27.629417310291878,0.10484957272519001,S5P_L2_CH4____20180502T195858_20180502T214226_02858,Microsoft PC
2018-05-02T20:50:44+00:00,38.5708,-121.878,Field-A,1815.191650390625,1814.8232421875,0.7921902192569255,18.35558211676088,0.3729022014495078,S5P_L2_CH4____20180502T195858_20180502T214226_02858,Microsoft PC
2018-05-02T20:50:44+00:00,38.5709,-121.878,Field-B,1815.191650390625,1814.2821044921875,0.371403435993236,10.824146460063922,0.3378267735005577,S5P_L2_CH4____20180502T195858_20180502T214226_02858,Microsoft PC
2018-05-02T20:50:44+00:00,38.571000000000005,-121.878,Field-C,1815.191650390625,1814.2655029296875,0.13681102486355767,11.441886873447928,0.39638124055694324,S5P_L2_CH4____20180502T195858_20180502T214226_02858,Microsoft PC
2018-05-02T20:50:44+00:00,38.5711,-121.878,Field-D,1815.191650390625,1815.5220947265625,0.40267751657708883,29.665625637327576,0.2328557820195522,S5P_L2_CH4____20180502T195858_20180502T214226_02858,Microsoft PC
2018-05-02T20:50:44+00:00,38.571200000000005,-121.878,Field-A,1815.191650390625,1814.820068359375,0.7390203313160731,21.190290618945305,0.13488496201010267,S5P_L2_CH4____20180502T195858_20180502T214226_02858,Microsoft PC
2018-05-02T20:50:44+00:00,38.5713,-121.878,Field-B,1815.191650390625,1814.3538818359375,0.2662650771380787,10.291313018152692,0.3774064894185589,S5P_L2_CH4____20180502T195858_20180502T214226_02858,Microsoft PC
2018-05-02T20:50:44+00:00,38.571400000000004,-121.878,Field-C,1815.191650390625,1814.365234375,0.6814029707458745,10.88180294534082,0.24476342675979126,S5P_L2_CH4____20180502T195858_20180502T214226_02858,Microsoft PC
2018-05-02T20:50:44+00:00,38.5715,-121.878,Field-D,1815.191650390625,1815.8201904296875,0.26520357836974906,35.468188554278875,0.15094670451147033,S5P_L2_CH4____20180502T195858_20180502T214226_02858,Microsoft PC
2018-05-02T20:50:44+00:00,38.571600000000004,-121.878,Field-A,1815.191650390625,1814.979248046875,0.5009144101672635,24.08930839338538,0.2180140598974209,S5P_L2_CH4____20180502T195858_20180502T214226_02858,Microsoft PC
2018-05-02T20:50:44+00:00,38.5717,-121.878,Field-B,1815.191650390625,1814.995361328125,0.4855449331233652,22.64372291208741,0.2064185594049244,S5P_L2_CH4____20180502T195858_20180502T214226_02858,Microsoft PC
2018-05-02T20:50:44+00:00,38.5718,-121.878,Field-C,1815.191650390625,1814.5184326171875,0.5648448286870003,11.943690165139317,0.16683790827350117,S5P_L2_CH4____20180502T195858_20180502T214226_02858,Microsoft PC
2018-05-02T20:50:44+00:00,38.5719,-121.878,Field-D,1815.191650390625,1814.530517578125,0.7795108142636303,13.54983624259798,0.20058048184382715,S5P_L2_CH4____20180502T195858_20180502T214226_02858,Microsoft PC
2018-05-02T20:50:44+00:00,38.572,-121.878,Field-A,1815.191650390625,1814.4625244140625,0.5136678379111048,15.209515498046212,0.3273199594492481,S5P_L2_CH4____20180502T195858_20180502T214226_02858,Microsoft PC
2018-05-02T20:50:44+00:00,38.5721,-121.878,Field-B,1815.191650390625,1815.346923828125,0.28894910055121353,27.965086458412703,0.2222395533708656,S5P_L2_CH4____20180502T195858_20180502T214226_02858,Microsoft PC
2018-05-02T20:50:44+00:00,38.5722,-121.878,Field-C,1815.191650390625,1816.0850830078125,0.6655610651775132,38.99639797951633,0.3259714292024165,S5P_L2_CH4____20180502T195858_20180502T214226_02858,Microsoft PC
2018-05-02T20:50:44+00:00,38.5723,-121.878,Field-D,1815.191650390625,1816.054931640625,0.14499064646046791,39.41194545611114,0.147786129516676,S5P_L2_CH4____20180502T195858_20180502T214226_02858,Microsoft PC
2018-05-02T20:50:44+00:00,38.5724,-121.878,Field-A,1815.191650390625,1815.7708740234375,0.3154249383679566,36.15325054247566,0.25456752652433634,S5P_L2_CH4____20180502T195858_20180502T214226_02858,Microsoft PC
2018-05-02T20:50:44+00:00,38.572500000000005,-121.878,Field-B,1815.191650390625,1815.7086181640625,0.6632986184596975,33.61084480883347,0.32471243817923495,S5P_L2_CH4____20180502T195858_20180502T214226_02858,Microsoft PC
2018-05-02T20:50:44+00:00,38.5726,-121.878,Field-C,1815.191650390625,1815.1717529296875,0.7310306470998121,24.708209967707255,0.30189410610931067,S5P_L2_CH4____20180502T195858_20180502T214226_02858,Microsoft PC
2018-05-02T20:50:44+00:00,38.572700000000005,-121.878,Field-D,1815.191650390625,1815.606201171875,0.7692085611107152,34.02476631689396,0.39895484992386465,S5P_L2_CH4____20180502T195858_20180502T214226_02858,Microsoft PC
2018-05-02T20:50:44+00:00,38.5728,-121.878,Field-A,1815.191650390625,1815.9700927734375,0.4366238340553109,38.924274751763775,0.3854320849218591,S5P_L2_CH4____20180502T195858_20180502T214226_02858,Microsoft PC
2018-05-02T20:50:44+00:00,38.572900000000004,-121.878,Field-B,1815.191650390625,1815.4024658203125,0.6221979515692528,28.06214131231829,0.21265102722500506,S5P_L2_CH4____20180502T195858_20180502T214226_02858,Microsoft PC
2018-05-02T20:50:44+00:00,38.573,-121.878,Field-C,1815.191650390625,1815.09033203125,0.2021341199944694,22.972649540077853,0.33530383756727977,S5P_L2_CH4____20180502T195858_20180502T214226_02858,Microsoft PC
2018-05-02T20:50:44+00:00,38.573100000000004,-121.878,Field-D,1815.191650390625,1815.623779296875,0.26143318581815317,32.25240700109692,0.316078064191449,S5P_L2_CH4____20180502T195858_20180502T214226_02858,Microsoft PC
2018-05-02T20:50:44+00:00,38.5732,-121.878,Field-A,1815.191650390625,1814.751220703125,0.15788528499789878,19.96571335510072,0.31981804536312186,S5P_L2_CH4____20180502T195858_20180502T214226_02858,Microsoft PC
2018-05-02T20:50:44+00:00,38.5733,-121.878,Field-B,1815.191650390625,1815.0823974609375,0.15647980948528362,23.131143484468083,0.10928034408470455,S5P_L2_CH4____20180502T195858_20180502T214226_02858,Microsoft PC
2018-05-02T20:50:44+00:00,38.5734,-121.878,Field-C,1815.191650390625,1814.845947265625,0.49476450787950566,17.64351710248315,0.3285358931509633,S5P_L2_CH4____20180502T195858_20180502T214226_02858,Microsoft PC
2018-05-02T20:50:44+00:00,38.5735,-121.878,Field-D,1815.191650390625,1816.004638671875,0.6908429023658751,39.12936247502596,0.3913702206019616,S5P_L2_CH4____20180502T195858_20180502T214226_02858,Microsoft PC
2018-05-01T21:09:41.500000+00:00,38.548,-121.878,Field-A,1812.9647216796875,1813.592041015625,0.7949369921313608,36.56655018083481,0.37700395375119744,S5P_L2_CH4____20180501T201755_20180501T220123_02844,Microsoft PC
2018-05-01T21:09:41.500000+00:00,38.548100000000005,-121.878,Field-B,1812.9647216796875,1813.38330078125,0.5867455924506488,33.705027146797775,0.2245024945901699,S5P_L2_CH4____20180501T201755_20180501T220123_02844,Microsoft PC
2018-05-01T21:09:41.500000+00:00,38.5482,-121.878,Field-C,1812.9647216796875,1813.5133056640625,0.1887429220719059,31.72038019453663,0.39451261567980045,S5P_L2_CH4____20180501T201755_20180501T220123_02844,Microsoft PC
2018-05-01T21:09:41.500000+00:00,38.548300000000005,-121.878,Field-D,1812.9647216796875,1812.9366455078125,0.39151204533492134,25.5513678395318,0.15261130382491947,S5P_L2_CH4____20180501T201755_20180501T220123_02844,Microsoft PC
2018-05-01T21:09:41.500000+00:00,38.5484,-121.878,Field-A,1812.9647216796875,1812.6458740234375,0.7753770009097507,19.75919611371512,0.1367900521865721,S5P_L2_CH4____20180501T201755_20180501T220123_02844,Microsoft PC
2018-05-01T21:09:41.500000+00:00,38.548500000000004,-121.878,Field-B,1812.9647216796875,1812.10205078125,0.2619625131098512,10.38297489038999,0.10940022910698409,S5P_L2_CH4____20180501T201755_20180501T220123_02844,Microsoft PC
2018-05-01T21:09:41.500000+00:00,38.5486,-121.878,Field-C,1812.9647216796875,1813.2073974609375,0.2844432496269826,27.507510316864213,0.10964036887070842,S5P_L2_CH4____20180501T201755_20180501T220123_02844,Microsoft PC
2018-05-01T21:09:41.500000+00:00,38.548700000000004,-121.878,Field-D,1812.9647216796875,1812.2012939453125,0.34588508347935915,14.343769772784643,0.2518422643883733,S5P_L2_CH4____20180501T201755_20180501T220123_02844,Microsoft PC
2018-05-01T21:09:41.500000+00:00,38.5488,-121.878,Field-A,1812.9647216796875,1812.3707275390625,0.5336233844366927,12.725197201952497,0.3384000581046593,S5P_L2_CH4____20180501T201755_20180501T220123_02844,Microsoft PC
2018-05-01T21:09:41.500000+00:00,38.5489,-121.878,Field-B,1812.9647216796875,1812.770751953125,0.32780491432892933,21.536295645140555,0.10937433028056007,S5P_L2_CH4____20180501T201755_20180501T220123_02844,Microsoft PC
2018-05-01T21:09:41.500000+00:00,38.549,-121.878,Field-C,1812.9647216796875,1813.4847412109375,0.47856705114050635,32.97805679452307,0.3876999733858675,S5P_L2_CH4____20180501T201755_20180501T220123_02844,Microsoft PC
2018-05-01T21:09:41.500000+00:00,38.5491,-121.878,Field-D,1812.9647216796875,1813.6046142578125,0.4037960086641075,33.83358119834843,0.329020823230867,S5P_L2_CH4____20180501T201755_20180501T220123_02844,Microsoft PC
2018-05-01T21:09:41.500000+00:00,38.5492,-121.878,Field-A,1812.9647216796875,1813.2095947265625,0.4823395219039802,29.4664233392379,0.1370456355860182,S5P_L2_CH4____20180501T201755_20180501T220123_02844,Microsoft PC
2018-05-01T21:09:41.500000+00:00,38.5493,-121.878,Field-B,1812.9647216796875,1812.906494140625,0.3365791704134567,23.126374114346795,0.2818311395271451,S5P_L2_CH4____20180501T201755_20180501T220123_02844,Microsoft PC
2018-05-01T21:09:41.500000+00:00,38.5494,-121.878,Field-C,1812.9647216796875,1812.49365234375,0.3549702034404739,17.237637045494893,0.1735963140222545,S5P_L2_CH4____20180501T201755_20180501T220123_02844,Microsoft PC
2018-05-01T21:09:41.500000+00:00,38.5495,-121.878,Field-D,1812.9647216796875,1813.2156982421875,0.43795892488926513,30.893804804537833,0.36140163915634316,S5P_L2_CH4____20180501T201755_20180501T220123_02844,Microsoft PC
2018-05-01T21:09:41.500000+00:00,38.549600000000005,-121.878,Field-A,1812.9647216796875,1812.3983154296875,0.7411088597729556,16.050060377606254,0.3766922556078369,S5P_L2_CH4____20180501T201755_20180501T220123_02844,Microsoft PC
2018-05-01T21:09:41.500000+00:00,38.5497,-121.878,Field-B,1812.9647216796875,1813.2127685546875,0.2447755716240378,30.4461034710152,0.23232491758030688,S5P_L2_CH4____20180501T201755_20180501T220123_02844,Microsoft PC
2018-05-01T21:09:41.500000+00:00,38.549800000000005,-121.878,Field-C,1812.9647216796875,1811.9993896484375,0.3277004594364854,10.633297456234423,0.2797837849589747,S5P_L2_CH4____20180501T201755_20180501T220123_02844,Microsoft PC
2018-05-01T21:09:41.500000+00:00,38.5499,-121.878,Field-D,1812.9647216796875,1812.2760009765625,0.5007608346056164,14.7709647709545,0.11345355524659814,S5P_L2_CH4____20180501T201755_20180501T220123_02844,Microsoft PC
2018-05-01T21:09:41.500000+00:00,38.550000000000004,-121.878,Field-A,1812.9647216796875,1813.744140625,0.16975408459010338,37.93588833833617,0.29299102514699327,S5P_L2_CH4____20180501T201755_20180501T220123_02844,Microsoft PC
2018-05-01T21:09:41.500000+00:00,38.5501,-121.878,Field-B,1812.9647216796875,1812.2122802734375,0.7201748147298963,11.557908569733897,0.22096919455620226,S5P_L2_CH4____20180501T201755_20180501T220123_02844,Microsoft PC
2018-05-01T21:09:41.500000+00:00,38.550200000000004,-121.878,Field-C,1812.9647216796875,1812.5645751953125,0.261457972004012,15.376453203295377,0.26415857513974783,S5P_L2_CH4____20180501T201755_20180501T220123_02844,Microsoft PC
2018-05-01T21:09:41.500000+00:00,38.5503,-121.878,Field-D,1812.9647216796875,1812.55810546875,0.2722408894606748,19.102902394315883,0.13221673195442668,S5P_L2_CH4____20180501T201755_20180501T220123_02844,Microsoft PC
2018-05-01T21:09:41.500000+00:00,38.5504,-121.878,Field-A,1812.9647216796875,1813.533447265625,0.42494895899189933,35.65430661168506,0.39702318182798524,S5P_L2_CH4____20180501T201755_20180501T220123_02844,Microsoft PC
2018-05-01T21:09:41.500000+00:00,38.5505,-121.878,Field-B,1812.9647216796875,1812.273193359375,0.17644149117137886,13.725147296752088,0.1603304193272499,S5P_L2_CH4____20180501T201755_20180501T220123_02844,Microsoft PC
2018-05-01T21:09:41.500000+00:00,38.5506,-121.878,Field-C,1812.9647216796875,1812.689453125,0.43808131297722586,17.07156602564882,0.26132637613219245,S5P_L2_CH4____20180501T201755_20180501T220123_02844,Microsoft PC
2018-05-01T21:09:41.500000+00:00,38.5507,-121.878,Field-D,1812.9647216796875,1812.547607421875,0.6288435073952545,15.597311732894864,0.31917434714879966,S5P_L2_CH4____20180501T201755_20180501T220123_02844,Microsoft PC
2018-05-01T21:09:41.500000+00:00,38.5508,-121.878,Field-A,1812.9647216796875,1813.639892578125,0.3844896881529227,34.975654415484314,0.2620278135419838,S5P_L2_CH4____20180501T201755_20180501T220123_02844,Microsoft PC
2018-05-01T21:09:41.500000+00:00,38.5509,-121.878,Field-B,1812.9647216796875,1813.82421875,0.5002352758317039,36.41927551315992,0.13795748740073732,S5P_L2_CH4____20180501T201755_20180501T220123_02844,Microsoft PC
2018-05-01T21:09:41.500000+00:00,38.551,-121.878,Field-C,1812.9647216796875,1812.1397705078125,0.3121385837870021,11.41486774908709,0.2820286188043605,S5P_L2_CH4____20180501T201755_20180501T220123_02844,Microsoft PC
2018-05-01T21:09:41.500000+00:00,38.551100000000005,-121.878,Field-D,1812.9647216796875,1812.9307861328125,0.6019115309835478,20.380321928862763,0.14501476701779847,S5P_L2_CH4____20180501T201755_20180501T220123_02844,Microsoft PC
2018-05-01T21:09:41.500000+00:00,38.5512,-121.878,Field-A,1812.9647216796875,1813.4385986328125,0.3382440905307048,28.974624150448477,0.11901299651284447,S5P_L2_CH4____20180501T201755_20180501T220123_02844,Microsoft PC
2018-05-01T21:09:41.500000+00:00,38.551300000000005,-121.878,Field-B,1812.9647216796875,1812.7894287109375,0.7675838292260375,22.901608458864825,0.3340069773573672,S5P_L2_CH4____20180501T201755_20180501T220123_02844,Microsoft PC
2018-05-01T21:09:41.500000+00:00,38.5514,-121.878,Field-C,1812.9647216796875,1813.2626953125,0.3144219718077881,30.739508903386955,0.1616229397008386,S5P_L2_CH4____20180501T201755_20180501T220123_02844,Microsoft PC
2018-05-01T21:09:41.500000+00:00,38.551500000000004,-121.878,Field-D,1812.9647216796875,1813.4700927734375,0.6187722521504451,32.442295745101,0.35133883925770026,S5P_L2_CH4____20180501T201755_20180501T220123_02844,Microsoft PC
2018-05-01T21:09:41.500000+00:00,38.5516,-121.878,Field-A,1812.9647216796875,1813.743896484375,0.25668976146540345,35.13922925960822,0.26378515754071974,S5P_L2_CH4____20180501T201755_20180501T220123_02844,Microsoft PC
2018-05-01T21:09:41.500000+00:00,38.551700000000004,-121.878,Field-B,1812.9647216796875,1812.1221923828125,0.17768717344303855,10.037380296705688,0.19467065710239997,S5P_L2_CH4____20180501T201755_20180501T220123_02844,Microsoft PC
2018-05-01T21:09:41.500000+00:00,38.5518,-121.878,Field-C,1812.9647216796875,1812.53076171875,0.1080285673795023,17.364614280929516,0.10447285200731099,S5P_L2_CH4____20180501T201755_20180501T220123_02844,Microsoft PC
2018-05-01T21:09:41.500000+00:00,38.5519,-121.878,Field-D,1812.9647216796875,1812.778076171875,0.4718653745745375,21.849288376507698,0.3390720607177924,S5P_L2_CH4____20180501T201755_20180501T220123_02844,Microsoft PC
2018-05-01T21:09:41.500000+00:00,38.552,-121.878,Field-A,1812.9647216796875,1814.0596923828125,0.7843069146883757,38.89236780758921,0.14400423054468717,S5P_L2_CH4____20180501T201755_20180501T220123_02844,Microsoft PC
2018-05-01T21:09:41.500000+00:00,38.5521,-121.878,Field-B,1812.9647216796875,1813.1065673828125,0.5055876903529638,28.611740812203667,0.3795683264551629,S5P_L2_CH4____20180501T201755_20180501T220123_02844,Microsoft PC
2018-05-01T21:09:41.500000+00:00,38.5522,-121.878,Field-C,1812.9647216796875,1812.1722412109375,0.26212611268580144,13.13311000366744,0.3486709132298091,S5P_L2_CH4____20180501T201755_20180501T220123_02844,Microsoft PC
2018-05-01T21:09:41.500000+00:00,38.5523,-121.878,Field-D,1812.9647216796875,1813.395263671875,0.7039016421753149,29.888185249521328,0.19284691660304895,S5P_L2_CH4____20180501T201755_20180501T220123_02844,Microsoft PC
2018-05-01T21:09:41.500000+00:00,38.5524,-121.878,Field-A,1812.9647216796875,1812.2559814453125,0.5339136280624087,12.543654940119254,0.27181301087482146,S5P_L2_CH4____20180501T201755_20180501T220123_02844,Microsoft PC
2018-05-01T21:09:41.500000+00:00,38.5525,-121.878,Field-B,1812.9647216796875,1813.014892578125,0.7507197826507042,23.841824526262428,0.3437145124149652,S5P_L2_CH4____20180501T201755_20180501T220123_02844,Microsoft PC
2018-05-01T21:09:41.500000+00:00,38.552600000000005,-121.878,Field-C,1812.9647216796875,1812.6689453125,0.6154087578257506,17.21977526179711,0.17136077815217401,S5P_L2_CH4____20180501T201755_20180501T220123_02844,Microsoft PC
2018-05-01T21:09:41.500000+00:00,38.5527,-121.878,Field-D,1812.9647216796875,1812.289306640625,0.48237887334081375,11.582045852190824,0.14064843654573875,S5P_L2_CH4____20180501T201755_20180501T220123_02844,Microsoft PC
2018-05-01T21:09:41.500000+00:00,38.552800000000005,-121.878,Field-A,1812.9647216796875,1812.81787109375,0.4194405491971148,18.557905687379943,0.10915957588395081,S5P_L2_CH4____20180501T201755_20180501T220123_02844,Microsoft PC
2018-05-01T21:09:41.500000+00:00,38.5529,-121.878,Field-B,1812.9647216796875,1813.2467041015625,0.18609702459876953,31.173063227647713,0.3151337644308153,S5P_L2_CH4____20180501T201755_20180501T220123_02844,Microsoft PC
2018-05-01T21:09:41.500000+00:00,38.553000000000004,-121.878,Field-C,1812.9647216796875,1813.556396484375,0.1330940604087995,35.03715559221969,0.13753266338228975,S5P_L2_CH4____20180501T201755_20180501T220123_02844,Microsoft PC
2018-05-01T21:09:41.500000+00:00,38.5531,-121.878,Field-D,1812.9647216796875,1813.391357421875,0.30377216403947205,32.42883014196305,0.34956355630064906,S5P_L2_CH4____20180501T201755_20180501T220123_02844,Microsoft PC
2018-05-01T21:09:41.500000+00:00,38.553200000000004,-121.878,Field-A,1812.9647216796875,1812.6270751953125,0.6512272118835563,19.531477699116685,0.33596744998750594,S5P_L2_CH4____20180501T201755_20180501T220123_02844,Microsoft PC
2018-05-01T21:09:41.500000+00:00,38.5533,-121.878,Field-B,1812.9647216796875,1813.2374267578125,0.6019275598424794,28.342194477501543,0.12930222592800383,S5P_L2_CH4____20180501T201755_20180501T220123_02844,Microsoft PC
2018-05-01T21:09:41.500000+00:00,38.5534,-121.878,Field-C,1812.9647216796875,1813.9080810546875,0.3629935720991585,39.11721408217065,0.3200982630066133,S5P_L2_CH4____20180501T201755_20180501T220123_02844,Microsoft PC
2018-05-01T21:09:41.500000+00:00,38.5535,-121.878,Field-D,1812.9647216796875,1812.990234375,0.4614110268253675,25.461196901645863,0.33609206539826597,S5P_L2_CH4____20180501T201755_20180501T220123_02844,Microsoft PC
2018-05-01T21:09:41.500000+00:00,38.5536,-121.878,Field-A,1812.9647216796875,1812.53125,0.24124784135482094,15.423531332090738,0.10624625490826799,S5P_L2_CH4____20180501T201755_20180501T220123_02844,Microsoft PC
2018-05-01T21:09:41.500000+00:00,38.5537,-121.878,Field-B,1812.9647216796875,1812.2529296875,0.7663284774278377,12.08274256068487,0.20398066271237075,S5P_L2_CH4____20180501T201755_20180501T220123_02844,Microsoft PC
2018-05-01T21:09:41.500000+00:00,38.5538,-121.878,Field-C,1812.9647216796875,1813.384033203125,0.49057200856084304,28.240319497085444,0.2720828454450246,S5P_L2_CH4____20180501T201755_20180501T220123_02844,Microsoft PC
2018-05-01T21:09:41.500000+00:00,38.5539,-121.878,Field-D,1812.9647216796875,1813.19482421875,0.6642697770065138,31.673798450814882,0.3292730034437461,S5P_L2_CH4____20180501T201755_20180501T220123_02844,Microsoft PC
2018-05-01T21:09:41.500000+00:00,38.554,-121.878,Field-A,1812.9647216796875,1812.273193359375,0.6346104081861621,11.881240948075165,0.11512557252655287,S5P_L2_CH4____20180501T201755_20180501T220123_02844,Microsoft PC
2018-05-01T21:09:41.500000+00:00,38.554100000000005,-121.878,Field-B,1812.9647216796875,1812.507568359375,0.4049259954503792,18.118395343825597,0.3038347958970441,S5P_L2_CH4____20180501T201755_20180501T220123_02844,Microsoft PC
2018-05-01T21:09:41.500000+00:00,38.5542,-121.878,Field-C,1812.9647216796875,1813.9005126953125,0.12187581482909887,39.92491105621421,0.10940797407915785,S5P_L2_CH4____20180501T201755_20180501T220123_02844,Microsoft PC
2018-05-01T21:09:41.500000+00:00,38.554300000000005,-121.878,Field-D,1812.9647216796875,1812.50048828125,0.11804215440325398,16.701290195970515,0.19400599758080544,S5P_L2_CH4____20180501T201755_20180501T220123_02844,Microsoft PC
2018-05-01T21:09:41.500000+00:00,38.5544,-121.878,Field-A,1812.9647216796875,1812.8369140625,0.7349481915532913,24.891341210162302,0.3699886000561594,S5P_L2_CH4____20180501T201755_20180501T220123_02844,Microsoft PC
2018-05-01T21:09:41.500000+00:00,38.554500000000004,-121.878,Field-B,1812.9647216796875,1812.9166259765625,0.7779885247410617,25.33282476782976,0.27059341189633646,S5P_L2_CH4____20180501T201755_20180501T220123_02844,Microsoft PC
2018-05-01T21:09:41.500000+00:00,38.5546,-121.878,Field-C,1812.9647216796875,1813.2115478515625,0.6215742872023329,30.55779439916194,0.25105801090076163,S5P_L2_CH4____20180501T201755_20180501T220123_02844,Microsoft PC
2018-05-01T21:09:41.500000+00:00,38.554700000000004,-121.878,Field-D,1812.9647216796875,1813.28466796875,0.6953438509706454,28.600007286560594,0.2997559446008503,S5P_L2_CH4____20180501T201755_20180501T220123_02844,Microsoft PC
2018-05-01T21:09:41.500000+00:00,38.5548,-121.878,Field-A,1812.9647216796875,1812.6802978515625,0.7394325237902668,21.935033618483622,0.3295715228498026,S5P_L2_CH4____20180501T201755_20180501T220123_02844,Microsoft PC
2018-05-01T21:09:41.500000+00:00,38.5549,-121.878,Field-B,1812.9647216796875,1813.4822998046875,0.1613989890691005,30.542710950263942,0.31864660218150365,S5P_L2_CH4____20180501T201755_20180501T220123_02844,Microsoft PC
2018-05-01T21:09:41.500000+00:00,38.555,-121.878,Field-C,1812.9647216796875,1813.003662109375,0.5332897354978325,21.483435802732117,0.12473448129773967,S5P_L2_CH4____20180501T201755_20180501T220123_02844,Microsoft PC
2018-05-01T21:09:41.500000+00:00,38.5551,-121.878,Field-D,1812.9647216796875,1812.7486572265625,0.46820112756971755,19.712891326109585,0.3067083450673773,S5P_L2_CH4____20180501T201755_20180501T220123_02844,Microsoft PC
2018-05-01T21:09:41.500000+00:00,38.5552,-121.878,Field-A,1812.9647216796875,1814.0072021484375,0.4115446814181374,38.1549987050721,0.10942211301865531,S5P_L2_CH4____20180501T201755_20180501T220123_02844,Microsoft PC
2018-05-01T21:09:41.500000+00:00,38.5553,-121.878,Field-B,1812.9647216796875,1812.3082275390625,0.4117882749429511,12.119918562914219,0.10996418927663133,S5P_L2_CH4____20180501T201755_20180501T220123_02844,Microsoft PC
2018-05-01T21:09:41.500000+00:00,38.5554,-121.878,Field-C,1812.9647216796875,1813.3074951171875,0.35628384385671175,26.591079059984732,0.14506245690197814,S5P_L2_CH4____20180501T201755_20180501T220123_02844,Microsoft PC
2018-05-01T21:09:41.500000+00:00,38.5555,-121.878,Field-D,1812.9647216796875,1812.5098876953125,0.318701099846766,19.235684707642974,0.17347273716391604,S5P_L2_CH4____20180501T201755_20180501T220123_02844,Microsoft PC
2018-05-01T21:09:41.500000+00:00,38.5556,-121.878,Field-A,1812.9647216796875,1813.7520751953125,0.5257411657034047,38.04495469140001,0.22764085041974827,S5P_L2_CH4____20180501T201755_20180501T220123_02844,Microsoft PC
2018-05-01T21:09:41.500000+00:00,38.5557,-121.878,Field-B,1812.9647216796875,1813.243896484375,0.6836060015034855,26.42186119785046,0.24843718213557195,S5P_L2_CH4____20180501T201755_20180501T220123_02844,Microsoft PC
2018-05-01T21:09:41.500000+00:00,38.555800000000005,-121.878,Field-C,1812.9647216796875,1812.635009765625,0.5656957243287069,21.42967260808333,0.20691175682182608,S5P_L2_CH4____20180501T201755_20180501T220123_02844,Microsoft PC
2018-05-01T21:09:41.500000+00:00,38.5559,-121.878,Field-D,1812.9647216796875,1812.3033447265625,0.3661749077446709,12.104208063414593,0.10598227823148758,S5P_L2_CH4____20180501T201755_20180501T220123_02844,Microsoft PC
2018-05-01T21:09:41.500000+00:00,38.556000000000004,-121.878,Field-A,1812.9647216796875,1812.577880859375,0.7243450667160574,18.673829340354217,0.30869118303698045,S5P_L2_CH4____20180501T201755_20180501T220123_02844,Microsoft PC
2018-05-01T21:09:41.500000+00:00,38.5561,-121.878,Field-B,1812.9647216796875,1813.395751953125,0.41095473567049245,33.4140238453961,0.3623995530679066,S5P_L2_CH4____20180501T201755_20180501T220123_02844,Microsoft PC
2018-05-01T21:09:41.500000+00:00,38.556200000000004,-121.878,Field-C,1812.9647216796875,1812.945556640625,0.4401558092106156,25.55681923803589,0.3476962968954148,S5P_L2_CH4____20180501T201755_20180501T220123_02844,Microsoft PC
2018-05-01T21:09:41.500000+00:00,38.5563,-121.878,Field-D,1812.9647216796875,1813.861083984375,0.6731326385186522,38.1241597643581,0.27960360835713105,S5P_L2_CH4____20180501T201755_20180501T220123_02844,Microsoft PC
2018-05-01T21:09:41.500000+00:00,38.556400000000004,-121.878,Field-A,1812.9647216796875,1812.92333984375,0.7005680774973738,22.312801232323395,0.10808242115141907,S5P_L2_CH4____20180501T201755_20180501T220123_02844,Microsoft PC
2018-05-01T21:09:41.500000+00:00,38.5565,-121.878,Field-B,1812.9647216796875,1812.4200439453125,0.2812829765106283,15.864136940067333,0.3448224159648667,S5P_L2_CH4____20180501T201755_20180501T220123_02844,Microsoft PC
2018-05-01T21:09:41.500000+00:00,38.5566,-121.878,Field-C,1812.9647216796875,1813.7703857421875,0.658483947975843,35.11671959061533,0.1972849916990705,S5P_L2_CH4____20180501T201755_20180501T220123_02844,Microsoft PC
2018-05-01T21:09:41.500000+00:00,38.5567,-121.878,Field-D,1812.9647216796875,1814.0172119140625,0.7535119956967105,39.749653919980474,0.21154166970715182,S5P_L2_CH4____20180501T201755_20180501T220123_02844,Microsoft PC
2018-05-01T21:09:41.500000+00:00,38.5568,-121.878,Field-A,1812.9647216796875,1813.1270751953125,0.18016476469724674,25.77928266142562,0.338663237194735,S5P_L2_CH4____20180501T201755_20180501T220123_02844,Microsoft PC
2018-05-01T21:09:41.500000+00:00,38.5569,-121.878,Field-B,1812.9647216796875,1813.9508056640625,0.7755072872324948,37.78419700243178,0.32429841922802616,S5P_L2_CH4____20180501T201755_20180501T220123_02844,Microsoft PC
2018-05-01T21:09:41.500000+00:00,38.557,-121.878,Field-C,1812.9647216796875,1812.58056640625,0.19454889974974904,21.15688808555533,0.26640127141698744,S5P_L2_CH4____20180501T201755_20180501T220123_02844,Microsoft PC
2018-05-01T21:09:41.500000+00:00,38.5571,-121.878,Field-D,1812.9647216796875,1813.57666015625,0.16788733027212416,38.00161895714676,0.13589283334816835,S5P_L2_CH4____20180501T201755_20180501T220123_02844,Microsoft PC
2018-05-01T21:09:41.500000+00:00,38.5572,-121.878,Field-A,1812.9647216796875,1813.32470703125,0.6367277151398487,28.49840845287278,0.2830646433243743,S5P_L2_CH4____20180501T201755_20180501T220123_02844,Microsoft PC
2018-05-01T21:09:41.500000+00:00,38.557300000000005,-121.878,Field-B,1812.9647216796875,1813.392822265625,0.6347146873661437,33.25342155268157,0.2675605619600562,S5P_L2_CH4____20180501T201755_20180501T220123_02844,Microsoft PC
2018-05-01T21:09:41.500000+00:00,38.5574,-121.878,Field-C,1812.9647216796875,1813.58642578125,0.6688238413666814,37.43919544427919,0.21369016164497887,S5P_L2_CH4____20180501T201755_20180501T220123_02844,Microsoft PC
2018-05-01T21:09:41.500000+00:00,38.557500000000005,-121.878,Field-D,1812.9647216796875,1813.484375,0.180570654765134,31.812910879597872,0.3836087007951693,S5P_L2_CH4____20180501T201755_20180501T220123_02844,Microsoft PC
2018-05-01T21:09:41.500000+00:00,38.5576,-121.878,Field-A,1812.9647216796875,1813.5965576171875,0.37838211594472815,37.26119143746203,0.2496526233409279,S5P_L2_CH4____20180501T201755_20180501T220123_02844,Microsoft PC
2018-05-01T21:09:41.500000+00:00,38.557700000000004,-121.878,Field-B,1812.9647216796875,1812.8385009765625,0.7503453628449811,24.29636309285042,0.3599268790753234,S5P_L2_CH4____20180501T201755_20180501T220123_02844,Microsoft PC
2018-05-01T21:09:41.500000+00:00,38.5578,-121.878,Field-C,1812.9647216796875,1812.472412109375,0.6542133643503356,13.328691256951743,0.27115858819150884,S5P_L2_CH4____20180501T201755_20180501T220123_02844,Microsoft PC
2018-05-01T21:09:41.500000+00:00,38.557900000000004,-121.878,Field-D,1812.9647216796875,1812.57177734375,0.41269446994112147,14.887022413422002,0.27010639803966785,S5P_L2_CH4____20180501T201755_20180501T220123_02844,Microsoft PC
2018-05-01T21:09:41.500000+00:00,38.558,-121.878,Field-A,1812.9647216796875,1812.43310546875,0.6856761824037965,15.56261435491982,0.38099549409564404,S5P_L2_CH4____20180501T201755_20180501T220123_02844,Microsoft PC
2018-05-01T21:09:41.500000+00:00,38.5581,-121.878,Field-B,1812.9647216796875,1813.2127685546875,0.5432250651804329,30.61815139352698,0.3498941941958156,S5P_L2_CH4____20180501T201755_20180501T220123_02844,Microsoft PC
2018-05-01T21:09:41.500000+00:00,38.5582,-121.878,Field-C,1812.9647216796875,1813.4783935546875,0.3479350272216995,30.327589554416317,0.17925041820601334,S5P_L2_CH4____20180501T201755_20180501T220123_02844,Microsoft PC
2018-05-01T21:09:41.500000+00:00,38.5583,-121.878,Field-D,1812.9647216796875,1813.599609375,0.3092683968147252,35.07315829735619,0.34651376201401773,S5P_L2_CH4____20180501T201755_20180501T220123_02844,Microsoft PC
2018-05-01T21:09:41.500000+00:00,38.5584,-121.878,Field-A,1812.9647216796875,1812.74169921875,0.43428130625142447,18.009761643949695,0.16069541311698404,S5P_L2_CH4____20180501T201755_20180501T220123_02844,Microsoft PC
2018-05-01T21:09:41.500000+00:00,38.5585,-121.878,Field-B,1812.9647216796875,1813.660400390625,0.48692690998305643,33.45478939323439,0.3075478771321982,S5P_L2_CH4____20180501T201755_20180501T220123_02844,Microsoft PC
2018-05-01T21:09:41.500000+00:00,38.5586,-121.878,Field-C,1812.9647216796875,1813.5345458984375,0.798919393146875,34.81052929687588,0.15447850415589087,S5P_L2_CH4____20180501T201755_20180501T220123_02844,Microsoft PC
2018-05-01T21:09:41.500000+00:00,38.5587,-121.878,Field-D,1812.9647216796875,1812.5465087890625,0.3771129997897913,20.314941355620853,0.17583020213015915,S5P_L2_CH4____20180501T201755_20180501T220123_02844,Microsoft PC
2018-05-01T21:09:41.500000+00:00,38.558800000000005,-121.878,Field-A,1812.9647216796875,1812.8140869140625,0.10476793004591312,21.125598368508435,0.31080774444462705,S5P_L2_CH4____20180501T201755_20180501T220123_02844,Microsoft PC
2018-05-01T21:09:41.500000+00:00,38.5589,-121.878,Field-B,1812.9647216796875,1812.436767578125,0.4806214473553143,18.90524185037782,0.39332982189314514,S5P_L2_CH4____20180501T201755_20180501T220123_02844,Microsoft PC
2018-05-01T21:09:41.500000+00:00,38.559000000000005,-121.878,Field-C,1812.9647216796875,1813.13671875,0.6257309958370015,27.333987929608963,0.15319965857730386,S5P_L2_CH4____20180501T201755_20180501T220123_02844,Microsoft PC
2018-05-01T21:09:41.500000+00:00,38.5591,-121.878,Field-D,1812.9647216796875,1812.4920654296875,0.36018657219040073,18.406524769081308,0.268312895571453,S5P_L2_CH4____20180501T201755_20180501T220123_02844,Microsoft PC
2018-05-01T21:09:41.500000+00:00,38.559200000000004,-121.878,Field-A,1812.9647216796875,1812.1334228515625,0.44395294421885756,12.880715866288234,0.3747993605123989,S5P_L2_CH4____20180501T201755_20180501T220123_02844,Microsoft PC
2018-05-01T21:09:41.500000+00:00,38.5593,-121.878,Field-B,1812.9647216796875,1813.93701171875,0.692094623966677,39.05617741485477,0.2102975418020999,S5P_L2_CH4____20180501T201755_20180501T220123_02844,Microsoft PC
2018-05-01T21:09:41.500000+00:00,38.559400000000004,-121.878,Field-C,1812.9647216796875,1812.695556640625,0.27758866882411193,22.753711890656206,0.2803723202165572,S5P_L2_CH4____20180501T201755_20180501T220123_02844,Microsoft PC
2018-05-01T21:09:41.500000+00:00,38.5595,-121.878,Field-D,1812.9647216796875,1813.3330078125,0.26266381395088384,30.82801070993684,0.2644019034599524,S5P_L2_CH4____20180501T201755_20180501T220123_02844,Microsoft PC
2018-05-01T21:09:41.500000+00:00,38.5596,-121.878,Field-A,1812.9647216796875,1813.65283203125,0.3728292841408326,38.86006796799947,0.34101190285181426,S5P_L2_CH4____20180501T201755_20180501T220123_02844,Microsoft PC
2018-05-01T21:09:41.500000+00:00,38.5597,-121.878,Field-B,1812.9647216796875,1812.7684326171875,0.15727917854481566,23.193199179320043,0.29693941311413563,S5P_L2_CH4____20180501T201755_20180501T220123_02844,Microsoft PC
2018-05-01T21:09:41.500000+00:00,38.5598,-121.878,Field-C,1812.9647216796875,1813.0201416015625,0.36845199318916044,28.644449067692626,0.1260967243208222,S5P_L2_CH4____20180501T201755_20180501T220123_02844,Microsoft PC
2018-05-01T21:09:41.500000+00:00,38.5599,-121.878,Field-D,1812.9647216796875,1813.4539794921875,0.17431189215914294,30.08199123589907,0.10335739016783818,S5P_L2_CH4____20180501T201755_20180501T220123_02844,Microsoft PC
2018-05-01T21:09:41.500000+00:00,38.56,-121.878,Field-A,1812.9647216796875,1813.416259765625,0.24563734258909437,34.38198381991859,0.18089960740368421,S5P_L2_CH4____20180501T201755_20180501T220123_02844,Microsoft PC
2018-05-01T21:09:41.500000+00:00,38.5601,-121.878,Field-B,1812.9647216796875,1812.7742919921875,0.5996771230606475,17.838773427347004,0.21673430081496559,S5P_L2_CH4____20180501T201755_20180501T220123_02844,Microsoft PC
2018-05-01T21:09:41.500000+00:00,38.5602,-121.878,Field-C,1812.9647216796875,1813.8516845703125,0.38924354084752355,38.48089760752222,0.3733418669905342,S5P_L2_CH4____20180501T201755_20180501T220123_02844,Microsoft PC
2018-05-01T21:09:41.500000+00:00,38.560300000000005,-121.878,Field-D,1812.9647216796875,1813.12451171875,0.7323098134183988,26.256174259161675,0.3477665788927239,S5P_L2_CH4____20180501T201755_20180501T220123_02844,Microsoft PC
2018-05-01T21:09:41.500000+00:00,38.5604,-121.878,Field-A,1812.9647216796875,1812.6748046875,0.3256565438989588,18.991853134280532,0.20970727529735406,S5P_L2_CH4____20180501T201755_20180501T220123_02844,Microsoft PC
2018-05-01T21:09:41.500000+00:00,38.560500000000005,-121.878,Field-B,1812.9647216796875,1812.6397705078125,0.7134136932182542,19.086140918186544,0.13502682572243288,S5P_L2_CH4____20180501T201755_20180501T220123_02844,Microsoft PC
2018-05-01T21:09:41.500000+00:00,38.5606,-121.878,Field-C,1812.9647216796875,1812.544677734375,0.7545115536098889,17.89237500615758,0.13896906555048344,S5P_L2_CH4____20180501T201755_20180501T220123_02844,Microsoft PC
2018-05-01T21:09:41.500000+00:00,38.560700000000004,-121.878,Field-D,1812.9647216796875,1812.525390625,0.11443473607135318,20.43102489933415,0.31313083332257113,S5P_L2_CH4____20180501T201755_20180501T220123_02844,Microsoft PC
2018-05-01T21:09:41.500000+00:00,38.5608,-121.878,Field-A,1812.9647216796875,1813.037109375,0.7191028882212713,27.88460126713306,0.376307442204052,S5P_L2_CH4____20180501T201755_20180501T220123_02844,Microsoft PC
2018-05-01T21:09:41.500000+00:00,38.560900000000004,-121.878,Field-B,1812.9647216796875,1812.957763671875,0.2775789347090474,24.429696616447487,0.24268207257517704,S5P_L2_CH4____20180501T201755_20180501T220123_02844,Microsoft PC
2018-05-01T21:09:41.500000+00:00,38.561,-121.878,Field-C,1812.9647216796875,1812.275634765625,0.556550868305679,14.764809044556646,0.26541264031405853,S5P_L2_CH4____20180501T201755_20180501T220123_02844,Microsoft PC
2018-05-01T21:09:41.500000+00:00,38.5611,-121.878,Field-D,1812.9647216796875,1812.2554931640625,0.5951948188053636,10.12304484482914,0.12902439584355554,S5P_L2_CH4____20180501T201755_20180501T220123_02844,Microsoft PC
2018-05-01T21:09:41.500000+00:00,38.5612,-121.878,Field-A,1812.9647216796875,1813.8056640625,0.5492394461580115,37.832913866519064,0.13623521328749152,S5P_L2_CH4____20180501T201755_20180501T220123_02844,Microsoft PC
2018-05-01T21:09:41.500000+00:00,38.5613,-121.878,Field-B,1812.9647216796875,1812.7196044921875,0.2740659453146817,18.803417233986636,0.13136904414016193,S5P_L2_CH4____20180501T201755_20180501T220123_02844,Microsoft PC
2018-05-01T21:09:41.500000+00:00,38.5614,-121.878,Field-C,1812.9647216796875,1812.772705078125,0.32640436296428144,18.4245207811843,0.376032212407972,S5P_L2_CH4____20180501T201755_20180501T220123_02844,Microsoft PC
2018-05-01T21:09:41.500000+00:00,38.5615,-121.878,Field-D,1812.9647216796875,1812.47216796875,0.13794346483750491,16.692427792878153,0.2481081983236529,S5P_L2_CH4____20180501T201755_20180501T220123_02844,Microsoft PC
2018-05-01T21:09:41.500000+00:00,38.5616,-121.878,Field-A,1812.9647216796875,1812.8680419921875,0.23699933372227697,22.130293805268956,0.16028748970038464,S5P_L2_CH4____20180501T201755_20180501T220123_02844,Microsoft PC
2018-05-01T21:09:41.500000+00:00,38.5617,-121.878,Field-B,1812.9647216796875,1812.4349365234375,0.4173585176904069,17.620102423452362,0.39152685023012423,S5P_L2_CH4____20180501T201755_20180501T220123_02844,Microsoft PC
2018-05-01T21:09:41.500000+00:00,38.561800000000005,-121.878,Field-C,1812.9647216796875,1812.4954833984375,0.2402210996690771,17.800750640200683,0.3887601357302066,S5P_L2_CH4____20180501T201755_20180501T220123_02844,Microsoft PC
2018-05-01T21:09:41.500000+00:00,38.5619,-121.878,Field-D,1812.9647216796875,1813.2283935546875,0.2467258889523931,32.01225732764987,0.3191258267689562,S5P_L2_CH4____20180501T201755_20180501T220123_02844,Microsoft PC
2018-05-01T21:09:41.500000+00:00,38.562000000000005,-121.878,Field-A,1812.9647216796875,1812.729248046875,0.3313820206909562,22.937475280487213,0.19708798168120334,S5P_L2_CH4____20180501T201755_20180501T220123_02844,Microsoft PC
2018-05-01T21:09:41.500000+00:00,38.5621,-121.878,Field-B,1812.9647216796875,1812.65673828125,0.39861985029035607,22.939034857685662,0.2455681322936714,S5P_L2_CH4____20180501T201755_20180501T220123_02844,Microsoft PC
2018-05-01T21:09:41.500000+00:00,38.562200000000004,-121.878,Field-C,1812.9647216796875,1813.0322265625,0.7214582104676984,27.248456855990558,0.1886549673964397,S5P_L2_CH4____20180501T201755_20180501T220123_02844,Microsoft PC
2018-05-01T21:09:41.500000+00:00,38.5623,-121.878,Field-D,1812.9647216796875,1812.7080078125,0.7214313801828831,22.329740856010883,0.13516868885567593,S5P_L2_CH4____20180501T201755_20180501T220123_02844,Microsoft PC
2018-05-01T21:09:41.500000+00:00,38.562400000000004,-121.878,Field-A,1812.9647216796875,1812.54248046875,0.7395646433158568,18.09836435643031,0.2564013978779146,S5P_L2_CH4____20180501T201755_20180501T220123_02844,Microsoft PC
2018-05-01T21:09:41.500000+00:00,38.5625,-121.878,Field-B,1812.9647216796875,1812.1510009765625,0.7513882377040401,12.28464850380644,0.24831470564385313,S5P_L2_CH4____20180501T201755_20180501T220123_02844,Microsoft PC
2018-05-01T21:09:41.500000+00:00,38.5626,-121.878,Field-C,1812.9647216796875,1812.4927978515625,0.3864668923816972,17.13187560194705,0.3709535599787196,S5P_L2_CH4____20180501T201755_20180501T220123_02844,Microsoft PC
2018-05-01T21:09:41.500000+00:00,38.5627,-121.878,Field-D,1812.9647216796875,1813.1353759765625,0.5140727518439058,25.562771126388192,0.3827824800951771,S5P_L2_CH4____20180501T201755_20180501T220123_02844,Microsoft PC
2018-05-01T21:09:41.500000+00:00,38.5628,-121.878,Field-A,1812.9647216796875,1813.792724609375,0.5474901235178471,36.75930724385168,0.17580073297404025,S5P_L2_CH4____20180501T201755_20180501T220123_02844,Microsoft PC
2018-05-01T21:09:41.500000+00:00,38.5629,-121.878,Field-B,1812.9647216796875,1812.8262939453125,0.6000877715591283,18.50250798068435,0.1369134406102156,S5P_L2_CH4____20180501T201755_20180501T220123_02844,Microsoft PC
2018-05-01T21:09:41.500000+00:00,38.563,-121.878,Field-C,1812.9647216796875,1812.6864013671875,0.588646014449227,17.425371599477472,0.16938360607004174,S5P_L2_CH4____20180501T201755_20180501T220123_02844,Microsoft PC
2018-05-01T21:09:41.500000+00:00,38.5631,-121.878,Field-D,1812.9647216796875,1812.4227294921875,0.42996121584701397,15.863148782537827,0.20750687455290145,S5P_L2_CH4____20180501T201755_20180501T220123_02844,Microsoft PC
2018-05-01T21:09:41.500000+00:00,38.5632,-121.878,Field-A,1812.9647216796875,1812.384521484375,0.1775565214844783,11.545014133573158,0.2263080889264065,S5P_L2_CH4____20180501T201755_20180501T220123_02844,Microsoft PC
2018-05-01T21:09:41.500000+00:00,38.563300000000005,-121.878,Field-B,1812.9647216796875,1812.6806640625,0.46927075397210205,21.51927125577706,0.2257188363485265,S5P_L2_CH4____20180501T201755_20180501T220123_02844,Microsoft PC
2018-05-01T21:09:41.500000+00:00,38.5634,-121.878,Field-C,1812.9647216796875,1812.28271484375,0.608884758578743,11.802582479978012,0.16100941327505758,S5P_L2_CH4____20180501T201755_20180501T220123_02844,Microsoft PC
2018-05-01T21:09:41.500000+00:00,38.563500000000005,-121.878,Field-D,1812.9647216796875,1812.5633544921875,0.16069560634709293,15.269828114861333,0.17813467004225636,S5P_L2_CH4____20180501T201755_20180501T220123_02844,Microsoft PC
2018-05-01T21:09:41.500000+00:00,38.5636,-121.878,Field-A,1812.9647216796875,1813.2110595703125,0.728955560178711,26.592986442296723,0.16795838301633198,S5P_L2_CH4____20180501T201755_20180501T220123_02844,Microsoft PC
2018-05-01T21:09:41.500000+00:00,38.563700000000004,-121.878,Field-B,1812.9647216796875,1812.441650390625,0.37413470616677247,13.767714571243964,0.34473156156307627,S5P_L2_CH4____20180501T201755_20180501T220123_02844,Microsoft PC
2018-05-01T21:09:41.500000+00:00,38.5638,-121.878,Field-C,1812.9647216796875,1812.330322265625,0.6455756873230237,15.304625992147153,0.1199831427286828,S5P_L2_CH4____20180501T201755_20180501T220123_02844,Microsoft PC
2018-05-01T21:09:41.500000+00:00,38.563900000000004,-121.878,Field-D,1812.9647216796875,1813.06689453125,0.6762102810468189,27.20962761986566,0.3346664855108742,S5P_L2_CH4____20180501T201755_20180501T220123_02844,Microsoft PC
2018-05-01T21:09:41.500000+00:00,38.564,-121.878,Field-A,1812.9647216796875,1812.8739013671875,0.5984185161348851,19.356549972811152,0.19065847905321318,S5P_L2_CH4____20180501T201755_20180501T220123_02844,Microsoft PC
2018-05-01T21:09:41.500000+00:00,38.5641,-121.878,Field-B,1812.9647216796875,1812.793701171875,0.3992442310912584,20.90649845839085,0.3975930386197425,S5P_L2_CH4____20180501T201755_20180501T220123_02844,Microsoft PC
2018-05-01T21:09:41.500000+00:00,38.5642,-121.878,Field-C,1812.9647216796875,1812.8319091796875,0.1976651915673666,23.33401394803558,0.3835155306965835,S5P_L2_CH4____20180501T201755_20180501T220123_02844,Microsoft PC
2018-05-01T21:09:41.500000+00:00,38.5643,-121.878,Field-D,1812.9647216796875,1812.5596923828125,0.4220223373664381,14.831286777737311,0.26719387921008336,S5P_L2_CH4____20180501T201755_20180501T220123_02844,Microsoft PC
2018-05-01T21:09:41.500000+00:00,38.5644,-121.878,Field-A,1812.9647216796875,1813.5462646484375,0.49337691521919047,31.418098241518486,0.2602701088783197,S5P_L2_CH4____20180501T201755_20180501T220123_02844,Microsoft PC
2018-05-01T21:09:41.500000+00:00,38.5645,-121.878,Field-B,1812.9647216796875,1813.6217041015625,0.6849529459318358,35.48692126648816,0.2373888507731299,S5P_L2_CH4____20180501T201755_20180501T220123_02844,Microsoft PC
2018-05-01T21:09:41.500000+00:00,38.5646,-121.878,Field-C,1812.9647216796875,1812.566162109375,0.7736849066884537,20.773038516205627,0.17268697102125502,S5P_L2_CH4____20180501T201755_20180501T220123_02844,Microsoft PC
2018-05-01T21:09:41.500000+00:00,38.5647,-121.878,Field-D,1812.9647216796875,1812.2220458984375,0.5020976044756894,11.333499130369235,0.1813211284053518,S5P_L2_CH4____20180501T201755_20180501T220123_02844,Microsoft PC
2018-05-01T21:09:41.500000+00:00,38.564800000000005,-121.878,Field-A,1812.9647216796875,1813.4774169921875,0.2120367868720479,31.990382853242533,0.3111026439164762,S5P_L2_CH4____20180501T201755_20180501T220123_02844,Microsoft PC
2018-05-01T21:09:41.500000+00:00,38.5649,-121.878,Field-B,1812.9647216796875,1813.51416015625,0.6905802153672016,30.691945051265506,0.3280095274733889,S5P_L2_CH4____20180501T201755_20180501T220123_02844,Microsoft PC
2018-05-01T21:09:41.500000+00:00,38.565000000000005,-121.878,Field-C,1812.9647216796875,1813.278564453125,0.3918171229503028,27.54422635810591,0.24102268259497592,S5P_L2_CH4____20180501T201755_20180501T220123_02844,Microsoft PC
2018-05-01T21:09:41.500000+00:00,38.5651,-121.878,Field-D,1812.9647216796875,1813.1248779296875,0.455457738972174,28.630884775605733,0.28491113047510536,S5P_L2_CH4____20180501T201755_20180501T220123_02844,Microsoft PC
2018-05-01T21:09:41.500000+00:00,38.565200000000004,-121.878,Field-A,1812.9647216796875,1812.4219970703125,0.5602566932564995,12.315762853314904,0.3604132523473197,S5P_L2_CH4____20180501T201755_20180501T220123_02844,Microsoft PC
2018-05-01T21:09:41.500000+00:00,38.5653,-121.878,Field-B,1812.9647216796875,1812.6888427734375,0.7637058893034971,16.306291809625748,0.15634613010415202,S5P_L2_CH4____20180501T201755_20180501T220123_02844,Microsoft PC
2018-05-01T21:09:41.500000+00:00,38.565400000000004,-121.878,Field-C,1812.9647216796875,1813.489501953125,0.4698745982686966,35.75000728686698,0.12303952753184624,S5P_L2_CH4____20180501T201755_20180501T220123_02844,Microsoft PC
2018-05-01T21:09:41.500000+00:00,38.5655,-121.878,Field-D,1812.9647216796875,1812.6531982421875,0.6099083573195866,19.00663570227396,0.20104516358268248,S5P_L2_CH4____20180501T201755_20180501T220123_02844,Microsoft PC
2018-05-01T21:09:41.500000+00:00,38.5656,-121.878,Field-A,1812.9647216796875,1813.1519775390625,0.3646851895565033,26.69096716403401,0.1382490666926122,S5P_L2_CH4____20180501T201755_20180501T220123_02844,Microsoft PC
2018-05-01T21:09:41.500000+00:00,38.5657,-121.878,Field-B,1812.9647216796875,1812.6571044921875,0.2669662707920022,19.605388365806412,0.1380106943921375,S5P_L2_CH4____20180501T201755_20180501T220123_02844,Microsoft PC
2018-05-01T21:09:41.500000+00:00,38.5658,-121.878,Field-C,1812.9647216796875,1812.288330078125,0.6766493014419417,12.54232125095286,0.23089798331039268,S5P_L2_CH4____20180501T201755_20180501T220123_02844,Microsoft PC
2018-05-01T21:09:41.500000+00:00,38.5659,-121.878,Field-D,1812.9647216796875,1813.0875244140625,0.3819617731847832,24.436179822400547,0.39124194029515624,S5P_L2_CH4____20180501T201755_20180501T220123_02844,Microsoft PC
2018-05-01T21:09:41.500000+00:00,38.566,-121.878,Field-A,1812.9647216796875,1812.1121826171875,0.2893641607140356,11.53073762636836,0.21960289051226414,S5P_L2_CH4____20180501T201755_20180501T220123_02844,Microsoft PC
2018-05-01T21:09:41.500000+00:00,38.5661,-121.878,Field-B,1812.9647216796875,1813.3648681640625,0.49946484427501014,28.565924979063254,0.3741959204745662,S5P_L2_CH4____20180501T201755_20180501T220123_02844,Microsoft PC
2018-05-01T21:09:41.500000+00:00,38.5662,-121.878,Field-C,1812.9647216796875,1813.176025390625,0.26499287208910227,31.290144974989186,0.2494036960772663,S5P_L2_CH4____20180501T201755_20180501T220123_02844,Microsoft PC
2018-05-01T21:09:41.500000+00:00,38.566300000000005,-121.878,Field-D,1812.9647216796875,1813.2899169921875,0.6824697035456613,28.88029513070113,0.3112811852457456,S5P_L2_CH4____20180501T201755_20180501T220123_02844,Microsoft PC
2018-05-01T21:09:41.500000+00:00,38.5664,-121.878,Field-A,1812.9647216796875,1812.7109375,0.4951900610069606,18.33136411810987,0.3255385187775225,S5P_L2_CH4____20180501T201755_20180501T220123_02844,Microsoft PC
2018-05-01T21:09:41.500000+00:00,38.566500000000005,-121.878,Field-B,1812.9647216796875,1813.5386962890625,0.5223888008778402,32.03932237382525,0.25855780952594065,S5P_L2_CH4____20180501T201755_20180501T220123_02844,Microsoft PC
2018-05-01T21:09:41.500000+00:00,38.5666,-121.878,Field-C,1812.9647216796875,1813.5350341796875,0.6527266091970424,30.739196494839963,0.1655161873518221,S5P_L2_CH4____20180501T201755_20180501T220123_02844,Microsoft PC
2018-05-01T21:09:41.500000+00:00,38.566700000000004,-121.878,Field-D,1812.9647216796875,1812.293212890625,0.4328648797203143,13.485326464338115,0.2935316454010106,S5P_L2_CH4____20180501T201755_20180501T220123_02844,Microsoft PC
2018-05-01T21:09:41.500000+00:00,38.5668,-121.878,Field-A,1812.9647216796875,1812.809326171875,0.7324203826425398,22.607021770069988,0.3609567034628208,S5P_L2_CH4____20180501T201755_20180501T220123_02844,Microsoft PC
2018-05-01T21:09:41.500000+00:00,38.566900000000004,-121.878,Field-B,1812.9647216796875,1812.998046875,0.4097787588781031,23.503973368521933,0.2547401561959375,S5P_L2_CH4____20180501T201755_20180501T220123_02844,Microsoft PC
2018-05-01T21:09:41.500000+00:00,38.567,-121.878,Field-C,1812.9647216796875,1812.68408203125,0.5533631492140588,21.073145467731596,0.3698289098793618,S5P_L2_CH4____20180501T201755_20180501T220123_02844,Microsoft PC
2018-05-01T21:09:41.500000+00:00,38.5671,-121.878,Field-D,1812.9647216796875,1813.687744140625,0.3871790602786124,38.59708480236741,0.21799349487898084,S5P_L2_CH4____20180501T201755_20180501T220123_02844,Microsoft PC
2018-05-01T21:09:41.500000+00:00,38.5672,-121.878,Field-A,1812.9647216796875,1812.802978515625,0.10282211635901305,22.8463818975601,0.26178400142580194,S5P_L2_CH4____20180501T201755_20180501T220123_02844,Microsoft PC
2018-05-01T21:09:41.500000+00:00,38.5673,-121.878,Field-B,1812.9647216796875,1812.413818359375,0.12976202317887314,13.105015713087173,0.39843314767912497,S5P_L2_CH4____20180501T201755_20180501T220123_02844,Microsoft PC
2018-05-01T21:09:41.500000+00:00,38.5674,-121.878,Field-C,1812.9647216796875,1813.199462890625,0.2271668271428606,29.751057730420033,0.3548222236208509,S5P_L2_CH4____20180501T201755_20180501T220123_02844,Microsoft PC
2018-05-01T21:09:41.500000+00:00,38.5675,-121.878,Field-D,1812.9647216796875,1813.38330078125,0.41738723370588793,34.01723371173756,0.1402075603859187,S5P_L2_CH4____20180501T201755_20180501T220123_02844,Microsoft PC
2018-05-01T21:09:41.500000+00:00,38.5676,-121.878,Field-A,1812.9647216796875,1813.037841796875,0.7647560587732553,22.850674921045957,0.23878437480070897,S5P_L2_CH4____20180501T201755_20180501T220123_02844,Microsoft PC
2018-05-01T21:09:41.500000+00:00,38.5677,-121.878,Field-B,1812.9647216796875,1813.6312255859375,0.17462891014229076,35.100143519314756,0.15699151400150724,S5P_L2_CH4____20180501T201755_20180501T220123_02844,Microsoft PC
2018-05-01T21:09:41.500000+00:00,38.5678,-121.878,Field-C,1812.9647216796875,1812.100341796875,0.4538210394635045,12.113241795954076,0.27522894579410795,S5P_L2_CH4____20180501T201755_20180501T220123_02844,Microsoft PC
2018-05-01T21:09:41.500000+00:00,38.5679,-121.878,Field-D,1812.9647216796875,1812.553955078125,0.7715811944312326,17.78578782138528,0.25242236158368025,S5P_L2_CH4____20180501T201755_20180501T220123_02844,Microsoft PC
2018-05-01T21:09:41.500000+00:00,38.568000000000005,-121.878,Field-A,1812.9647216796875,1813.932373046875,0.3768165442106548,38.31658591765269,0.3543206690008186,S5P_L2_CH4____20180501T201755_20180501T220123_02844,Microsoft PC
2018-05-01T21:09:41.500000+00:00,38.5681,-121.878,Field-B,1812.9647216796875,1813.87744140625,0.2478189184464149,39.10655778969519,0.22989963021384463,S5P_L2_CH4____20180501T201755_20180501T220123_02844,Microsoft PC
2018-05-01T21:09:41.500000+00:00,38.568200000000004,-121.878,Field-C,1812.9647216796875,1812.106201171875,0.7324047177948,11.127748742420454,0.2861907001204642,S5P_L2_CH4____20180501T201755_20180501T220123_02844,Microsoft PC
2018-05-01T21:09:41.500000+00:00,38.5683,-121.878,Field-D,1812.9647216796875,1813.0419921875,0.4105530437547411,28.306515365825433,0.34918828295736426,S5P_L2_CH4____20180501T201755_20180501T220123_02844,Microsoft PC
2018-05-01T21:09:41.500000+00:00,38.568400000000004,-121.878,Field-A,1812.9647216796875,1813.4974365234375,0.2254506257592241,31.312298078522225,0.33361204963654395,S5P_L2_CH4____20180501T201755_20180501T220123_02844,Microsoft PC
2018-05-01T21:09:41.500000+00:00,38.5685,-121.878,Field-B,1812.9647216796875,1813.53271484375,0.5102057853771588,37.72629084712122,0.3976454884922769,S5P_L2_CH4____20180501T201755_20180501T220123_02844,Microsoft PC
2018-05-01T21:09:41.500000+00:00,38.5686,-121.878,Field-C,1812.9647216796875,1813.4945068359375,0.4330880922320478,34.46106343662929,0.21191427236482552,S5P_L2_CH4____20180501T201755_20180501T220123_02844,Microsoft PC
2018-05-01T21:09:41.500000+00:00,38.5687,-121.878,Field-D,1812.9647216796875,1813.3028564453125,0.3232054301621061,31.133980554879585,0.1544154754137087,S5P_L2_CH4____20180501T201755_20180501T220123_02844,Microsoft PC
2018-05-01T21:09:41.500000+00:00,38.5688,-121.878,Field-A,1812.9647216796875,1812.244140625,0.2941171363202053,11.667369965151684,0.33039963107195564,S5P_L2_CH4____20180501T201755_20180501T220123_02844,Microsoft PC
2018-05-01T21:09:41.500000+00:00,38.5689,-121.878,Field-B,1812.9647216796875,1813.17626953125,0.7239345319123632,27.471667315597447,0.35810594202561874,S5P_L2_CH4____20180501T201755_20180501T220123_02844,Microsoft PC
2018-05-01T21:09:41.500000+00:00,38.569,-121.878,Field-C,1812.9647216796875,1812.9268798828125,0.29399181516931233,20.562032319556366,0.18084689330185538,S5P_L2_CH4____20180501T201755_20180501T220123_02844,Microsoft PC
2018-05-01T21:09:41.500000+00:00,38.5691,-121.878,Field-D,1812.9647216796875,1813.331787109375,0.7456444251474927,29.06632702899602,0.38097562246826744,S5P_L2_CH4____20180501T201755_20180501T220123_02844,Microsoft PC
2018-05-01T21:09:41.500000+00:00,38.5692,-121.878,Field-A,1812.9647216796875,1813.0882568359375,0.10291667027078404,29.074444615603557,0.1167542122356953,S5P_L2_CH4____20180501T201755_20180501T220123_02844,Microsoft PC
2018-05-01T21:09:41.500000+00:00,38.5693,-121.878,Field-B,1812.9647216796875,1812.20361328125,0.13416941603129756,11.852558904372898,0.21053534596490842,S5P_L2_CH4____20180501T201755_20180501T220123_02844,Microsoft PC
2018-05-01T21:09:41.500000+00:00,38.5694,-121.878,Field-C,1812.9647216796875,1812.931884765625,0.7195530574781484,26.330364183785257,0.23176369799874913,S5P_L2_CH4____20180501T201755_20180501T220123_02844,Microsoft PC
2018-05-01T21:09:41.500000+00:00,38.569500000000005,-121.878,Field-D,1812.9647216796875,1812.1558837890625,0.7525525803720795,11.521275893608054,0.3209344416502978,S5P_L2_CH4____20180501T201755_20180501T220123_02844,Microsoft PC
2018-05-01T21:09:41.500000+00:00,38.5696,-121.878,Field-A,1812.9647216796875,1813.0123291015625,0.7555224022410699,28.41841671595736,0.32259915204401524,S5P_L2_CH4____20180501T201755_20180501T220123_02844,Microsoft PC
2018-05-01T21:09:41.500000+00:00,38.569700000000005,-121.878,Field-B,1812.9647216796875,1812.01904296875,0.5321391515731936,11.002497247047527,0.3751490777072465,S5P_L2_CH4____20180501T201755_20180501T220123_02844,Microsoft PC
2018-05-01T21:09:41.500000+00:00,38.5698,-121.878,Field-C,1812.9647216796875,1812.88330078125,0.25954762899892503,21.117944440994926,0.25288546994314265,S5P_L2_CH4____20180501T201755_20180501T220123_02844,Microsoft PC
2018-05-01T21:09:41.500000+00:00,38.569900000000004,-121.878,Field-D,1812.9647216796875,1812.7313232421875,0.26856600758214344,23.553799946580437,0.3403222778904169,S5P_L2_CH4____20180501T201755_20180501T220123_02844,Microsoft PC
2018-05-01T21:09:41.500000+00:00,38.57,-121.878,Field-A,1812.9647216796875,1812.87109375,0.17366751624684124,25.236618016622494,0.3674680520790602,S5P_L2_CH4____20180501T201755_20180501T220123_02844,Microsoft PC
2018-05-01T21:09:41.500000+00:00,38.570100000000004,-121.878,Field-B,1812.9647216796875,1812.872314453125,0.5193463932856016,24.444067518830863,0.3537970832168993,S5P_L2_CH4____20180501T201755_20180501T220123_02844,Microsoft PC
2018-05-01T21:09:41.500000+00:00,38.5702,-121.878,Field-C,1812.9647216796875,1812.3790283203125,0.4732262421831268,16.451002710441898,0.1849949546573798,S5P_L2_CH4____20180501T201755_20180501T220123_02844,Microsoft PC
2018-05-01T21:09:41.500000+00:00,38.5703,-121.878,Field-D,1812.9647216796875,1813.6217041015625,0.5791656612922993,33.88225324774261,0.18381659339597514,S5P_L2_CH4____20180501T201755_20180501T220123_02844,Microsoft PC
2018-05-01T21:09:41.500000+00:00,38.5704,-121.878,Field-A,1812.9647216796875,1812.7669677734375,0.28959704234378153,24.500061243473183,0.28349060114349206,S5P_L2_CH4____20180501T201755_20180501T220123_02844,Microsoft PC
2018-05-01T21:09:41.500000+00:00,38.5705,-121.878,Field-B,1812.9647216796875,1813.6558837890625,0.48220169801632484,38.568421850520764,0.14589214696188796,S5P_L2_CH4____20180501T201755_20180501T220123_02844,Microsoft PC
2018-05-01T21:09:41.500000+00:00,38.5706,-121.878,Field-C,1812.9647216796875,1813.3892822265625,0.5551817364914795,32.829738341684084,0.39571821288701525,S5P_L2_CH4____20180501T201755_20180501T220123_02844,Microsoft PC
2018-05-01T21:09:41.500000+00:00,38.5707,-121.878,Field-D,1812.9647216796875,1813.0535888671875,0.48362846626256206,22.57234062347247,0.36154277031445037,S5P_L2_CH4____20180501T201755_20180501T220123_02844,Microsoft PC
2018-05-01T21:09:41.500000+00:00,38.5708,-121.878,Field-A,1812.9647216796875,1812.5255126953125,0.77624351973187,19.652026924715017,0.362294123457778,S5P_L2_CH4____20180501T201755_20180501T220123_02844,Microsoft PC
2018-05-01T21:09:41.500000+00:00,38.5709,-121.878,Field-B,1812.9647216796875,1812.2503662109375,0.16270748435168764,11.500397050002437,0.32131955527786393,S5P_L2_CH4____20180501T201755_20180501T220123_02844,Microsoft PC
2018-05-01T21:09:41.500000+00:00,38.571000000000005,-121.878,Field-C,1812.9647216796875,1812.5811767578125,0.5552202406712408,16.448363076212203,0.2889334509518854,S5P_L2_CH4____20180501T201755_20180501T220123_02844,Microsoft PC
2018-05-01T21:09:41.500000+00:00,38.5711,-121.878,Field-D,1812.9647216796875,1813.7396240234375,0.4347586568260301,35.805802940194376,0.1305070911388707,S5P_L2_CH4____20180501T201755_20180501T220123_02844,Microsoft PC
2018-05-01T21:09:41.500000+00:00,38.571200000000005,-121.878,Field-A,1812.9647216796875,1812.9219970703125,0.5131407945198537,22.71923107335714,0.35960802907506684,S5P_L2_CH4____20180501T201755_20180501T220123_02844,Microsoft PC
2018-05-01T21:09:41.500000+00:00,38.5713,-121.878,Field-B,1812.9647216796875,1812.4508056640625,0.6483110602767319,12.93902321977935,0.3151154132416926,S5P_L2_CH4____20180501T201755_20180501T220123_02844,Microsoft PC
2018-05-01T21:09:41.500000+00:00,38.571400000000004,-121.878,Field-C,1812.9647216796875,1813.7633056640625,0.7073396105320667,38.88298160624318,0.2627940979680079,S5P_L2_CH4____20180501T201755_20180501T220123_02844,Microsoft PC
2018-05-01T21:09:41.500000+00:00,38.5715,-121.878,Field-D,1812.9647216796875,1812.8697509765625,0.4646651567036101,25.6035634778765,0.23918064641787348,S5P_L2_CH4____20180501T201755_20180501T220123_02844,Microsoft PC
2018-05-01T21:09:41.500000+00:00,38.571600000000004,-121.878,Field-A,1812.9647216796875,1813.26318359375,0.2584561393488608,32.6708060775364,0.19983538059871622,S5P_L2_CH4____20180501T201755_20180501T220123_02844,Microsoft PC
2018-05-01T21:09:41.500000+00:00,38.5717,-121.878,Field-B,1812.9647216796875,1813.4835205078125,0.6017441584889927,30.641924125452185,0.375886143622683,S5P_L2_CH4____20180501T201755_20180501T220123_02844,Microsoft PC
2018-05-01T21:09:41.500000+00:00,38.5718,-121.878,Field-C,1812.9647216796875,1813.1043701171875,0.2688977746672786,29.333673389404158,0.15046850205392892,S5P_L2_CH4____20180501T201755_20180501T220123_02844,Microsoft PC
2018-05-01T21:09:41.500000+00:00,38.5719,-121.878,Field-D,1812.9647216796875,1812.69580078125,0.527678378477872,19.505569978874945,0.2622211805172509,S5P_L2_CH4____20180501T201755_20180501T220123_02844,Microsoft PC
2018-05-01T21:09:41.500000+00:00,38.572,-121.878,Field-A,1812.9647216796875,1813.506591796875,0.12272023707990812,33.856594664372466,0.3761755142617689,S5P_L2_CH4____20180501T201755_20180501T220123_02844,Microsoft PC
2018-05-01T21:09:41.500000+00:00,38.5721,-121.878,Field-B,1812.9647216796875,1813.20263671875,0.6682450643092219,27.329009356714177,0.24033374705295701,S5P_L2_CH4____20180501T201755_20180501T220123_02844,Microsoft PC
2018-05-01T21:09:41.500000+00:00,38.5722,-121.878,Field-C,1812.9647216796875,1812.591796875,0.15064231598531008,19.49881181118041,0.20355658681556676,S5P_L2_CH4____20180501T201755_20180501T220123_02844,Microsoft PC
2018-05-01T21:09:41.500000+00:00,38.5723,-121.878,Field-D,1812.9647216796875,1813.2664794921875,0.36042676724823164,26.63477143075409,0.2823459704826158,S5P_L2_CH4____20180501T201755_20180501T220123_02844,Microsoft PC
2018-05-01T21:09:41.500000+00:00,38.5724,-121.878,Field-A,1812.9647216796875,1812.84716796875,0.4524436386896571,23.544767537734266,0.2399423248213162,S5P_L2_CH4____20180501T201755_20180501T220123_02844,Microsoft PC
2018-05-01T21:09:41.500000+00:00,38.572500000000005,-121.878,Field-B,1812.9647216796875,1812.7705078125,0.12846423995479317,21.992512286586418,0.32512623076619396,S5P_L2_CH4____20180501T201755_20180501T220123_02844,Microsoft PC
2018-05-01T21:09:41.500000+00:00,38.5726,-121.878,Field-C,1812.9647216796875,1813.1041259765625,0.6224133943449615,25.585089736617597,0.30178244716176805,S5P_L2_CH4____20180501T201755_20180501T220123_02844,Microsoft PC
2018-05-01T21:09:41.500000+00:00,38.572700000000005,-121.878,Field-D,1812.9647216796875,1812.353759765625,0.4832321931031113,15.166828659957563,0.3630749403227739,S5P_L2_CH4____20180501T201755_20180501T220123_02844,Microsoft PC
2018-05-01T21:09:41.500000+00:00,38.5728,-121.878,Field-A,1812.9647216796875,1813.789794921875,0.11694396530170294,37.95807264040917,0.23548710060371503,S5P_L2_CH4____20180501T201755_20180501T220123_02844,Microsoft PC
2018-05-01T21:09:41.500000+00:00,38.572900000000004,-121.878,Field-B,1812.9647216796875,1813.2459716796875,0.7831021347209665,27.58142886811435,0.19955547281773905,S5P_L2_CH4____20180501T201755_20180501T220123_02844,Microsoft PC
2018-05-01T21:09:41.500000+00:00,38.573,-121.878,Field-C,1812.9647216796875,1812.6904296875,0.3586887240175226,21.406703431066717,0.25454604202239806,S5P_L2_CH4____20180501T201755_20180501T220123_02844,Microsoft PC
2018-05-01T21:09:41.500000+00:00,38.573100000000004,-121.878,Field-D,1812.9647216796875,1812.1868896484375,0.543339834594712,12.412905124391632,0.2188792992928197,S5P_L2_CH4____20180501T201755_20180501T220123_02844,Microsoft PC
2018-05-01T21:09:41.500000+00:00,38.5732,-121.878,Field-A,1812.9647216796875,1812.737548828125,0.27250705284551757,23.460133496510526,0.15768915028468689,S5P_L2_CH4____20180501T201755_20180501T220123_02844,Microsoft PC
2018-05-01T21:09:41.500000+00:00,38.5733,-121.878,Field-B,1812.9647216796875,1813.226318359375,0.4785205879582578,26.443392990239488,0.25038512841222715,S5P_L2_CH4____20180501T201755_20180501T220123_02844,Microsoft PC
2018-05-01T21:09:41.500000+00:00,38.5734,-121.878,Field-C,1812.9647216796875,1813.8255615234375,0.12358621553971827,36.68525634577574,0.2541881354638598,S5P_L2_CH4____20180501T201755_20180501T220123_02844,Microsoft PC
2018-05-01T21:09:41.500000+00:00,38.5735,-121.878,Field-D,1812.9647216796875,1813.36328125,0.19741592409227082,29.68059283480612,0.3323987015654943,S5P_L2_CH4____20180501T201755_20180501T220123_02844,Microsoft PC
2018-05-03T20:31:46+00:00,38.548,-121.878,Field-A,1819.8819580078125,1819.5423583984375,0.15059292502257798,12.250644855478772,0.20658721463698704,S5P_L2_CH4____20180503T194000_20180503T212328_02872,Microsoft PC
2018-05-03T20:31:46+00:00,38.548100000000005,-121.878,Field-B,1819.8819580078125,1819.5355224609375,0.6722831216541147,13.97674016334771,0.398485065463433,S5P_L2_CH4____20180503T194000_20180503T212328_02872,Microsoft PC
2018-05-03T20:31:46+00:00,38.5482,-121.878,Field-C,1819.8819580078125,1819.8331298828125,0.30067957213296326,23.240577888876693,0.12104825100282067,S5P_L2_CH4____20180503T194000_20180503T212328_02872,Microsoft PC
2018-05-03T20:31:46+00:00,38.548300000000005,-121.878,Field-D,1819.8819580078125,1819.96630859375,0.4286846153896452,26.694904640212233,0.16309928200016172,S5P_L2_CH4____20180503T194000_20180503T212328_02872,Microsoft PC
2018-05-03T20:31:46+00:00,38.5484,-121.878,Field-A,1819.8819580078125,1820.2310791015625,0.7272850120147276,35.53911829637958,0.24187530593675702,S5P_L2_CH4____20180503T194000_20180503T212328_02872,Microsoft PC
2018-05-03T20:31:46+00:00,38.548500000000004,-121.878,Field-B,1819.8819580078125,1820.19970703125,0.7411366034350315,36.02130505562016,0.15354696777291899,S5P_L2_CH4____20180503T194000_20180503T212328_02872,Microsoft PC
2018-05-03T20:31:46+00:00,38.5486,-121.878,Field-C,1819.8819580078125,1819.7791748046875,0.6899117525368009,25.176075974267953,0.14485447390846706,S5P_L2_CH4____20180503T194000_20180503T212328_02872,Microsoft PC
2018-05-03T20:31:46+00:00,38.548700000000004,-121.878,Field-D,1819.8819580078125,1819.9825439453125,0.15565529979940018,26.28692795796253,0.37393203802588526,S5P_L2_CH4____20180503T194000_20180503T212328_02872,Microsoft PC
2018-05-03T20:31:46+00:00,38.5488,-121.878,Field-A,1819.8819580078125,1820.000244140625,0.34047167629370484,28.6379304459127,0.10237715520221986,S5P_L2_CH4____20180503T194000_20180503T212328_02872,Microsoft PC
2018-05-03T20:31:46+00:00,38.5489,-121.878,Field-B,1819.8819580078125,1819.7867431640625,0.5551261273717473,19.268296941458964,0.3812038787540373,S5P_L2_CH4____20180503T194000_20180503T212328_02872,Microsoft PC
2018-05-03T20:31:46+00:00,38.549,-121.878,Field-C,1819.8819580078125,1819.98291015625,0.41914556958073734,28.11880069437283,0.14681082709041182,S5P_L2_CH4____20180503T194000_20180503T212328_02872,Microsoft PC
2018-05-03T20:31:46+00:00,38.5491,-121.878,Field-D,1819.8819580078125,1819.7669677734375,0.7221534302199973,19.46398430355486,0.385650810960231,S5P_L2_CH4____20180503T194000_20180503T212328_02872,Microsoft PC
2018-05-03T20:31:46+00:00,38.5492,-121.878,Field-A,1819.8819580078125,1820.0694580078125,0.7906436429995818,33.93949259462081,0.33052561051699214,S5P_L2_CH4____20180503T194000_20180503T212328_02872,Microsoft PC
2018-05-03T20:31:46+00:00,38.5493,-121.878,Field-B,1819.8819580078125,1820.2081298828125,0.2987616240390337,38.688719391784566,0.3740781631506296,S5P_L2_CH4____20180503T194000_20180503T212328_02872,Microsoft PC
2018-05-03T20:31:46+00:00,38.5494,-121.878,Field-C,1819.8819580078125,1820.1268310546875,0.6701664661715016,31.84339581040126,0.32435296337030195,S5P_L2_CH4____20180503T194000_20180503T212328_02872,Microsoft PC
2018-05-03T20:31:46+00:00,38.5495,-121.878,Field-D,1819.8819580078125,1820.0416259765625,0.23433265475308462,27.997906603945218,0.3066210193248999,S5P_L2_CH4____20180503T194000_20180503T212328_02872,Microsoft PC
2018-05-03T20:31:46+00:00,38.549600000000005,-121.878,Field-A,1819.8819580078125,1819.6556396484375,0.27369346915867154,15.395363372652467,0.1422427978271753,S5P_L2_CH4____20180503T194000_20180503T212328_02872,Microsoft PC
2018-05-03T20:31:46+00:00,38.5497,-121.878,Field-B,1819.8819580078125,1819.8538818359375,0.7602570956744376,23.98639116702551,0.3529390362449344,S5P_L2_CH4____20180503T194000_20180503T212328_02872,Microsoft PC
2018-05-03T20:31:46+00:00,38.549800000000005,-121.878,Field-C,1819.8819580078125,1820.019287109375,0.2311269177270117,28.374867046098824,0.3240805619573398,S5P_L2_CH4____20180503T194000_20180503T212328_02872,Microsoft PC
2018-05-03T20:31:46+00:00,38.5499,-121.878,Field-D,1819.8819580078125,1820.064697265625,0.28166921066700723,34.043279152546965,0.29358303742843705,S5P_L2_CH4____20180503T194000_20180503T212328_02872,Microsoft PC
2018-05-03T20:31:46+00:00,38.550000000000004,-121.878,Field-A,1819.8819580078125,1819.398681640625,0.6366798736620507,11.834051060027251,0.26555427399678544,S5P_L2_CH4____20180503T194000_20180503T212328_02872,Microsoft PC
2018-05-03T20:31:46+00:00,38.5501,-121.878,Field-B,1819.8819580078125,1820.06103515625,0.22301022024502132,34.525430424288416,0.19202141822627078,S5P_L2_CH4____20180503T194000_20180503T212328_02872,Microsoft PC
2018-05-03T20:31:46+00:00,38.550200000000004,-121.878,Field-C,1819.8819580078125,1819.8670654296875,0.3527888991680589,25.283271502774955,0.33270857857801506,S5P_L2_CH4____20180503T194000_20180503T212328_02872,Microsoft PC
2018-05-03T20:31:46+00:00,38.5503,-121.878,Field-D,1819.8819580078125,1819.572265625,0.44307842696853994,14.917477333901424,0.14769625378914322,S5P_L2_CH4____20180503T194000_20180503T212328_02872,Microsoft PC
2018-05-03T20:31:46+00:00,38.5504,-121.878,Field-A,1819.8819580078125,1820.264404296875,0.46996955728647916,37.91477490980786,0.3792293098044003,S5P_L2_CH4____20180503T194000_20180503T212328_02872,Microsoft PC
2018-05-03T20:31:46+00:00,38.5505,-121.878,Field-B,1819.8819580078125,1819.8212890625,0.4735489745031465,22.21455971798879,0.12260670722371822,S5P_L2_CH4____20180503T194000_20180503T212328_02872,Microsoft PC
2018-05-03T20:31:46+00:00,38.5506,-121.878,Field-C,1819.8819580078125,1820.41162109375,0.7683157184147521,38.32398647602713,0.3920345931316336,S5P_L2_CH4____20180503T194000_20180503T212328_02872,Microsoft PC
2018-05-03T20:31:46+00:00,38.5507,-121.878,Field-D,1819.8819580078125,1819.6156005859375,0.3914416718900646,13.727103197735744,0.2608164554557372,S5P_L2_CH4____20180503T194000_20180503T212328_02872,Microsoft PC
2018-05-03T20:31:46+00:00,38.5508,-121.878,Field-A,1819.8819580078125,1820.3306884765625,0.43396757164293864,38.492280847992426,0.33517245625520165,S5P_L2_CH4____20180503T194000_20180503T212328_02872,Microsoft PC
2018-05-03T20:31:46+00:00,38.5509,-121.878,Field-B,1819.8819580078125,1819.9591064453125,0.18761385102162836,28.77766801997358,0.24321457698752846,S5P_L2_CH4____20180503T194000_20180503T212328_02872,Microsoft PC
2018-05-03T20:31:46+00:00,38.551,-121.878,Field-C,1819.8819580078125,1820.284912109375,0.10448531780938161,35.79822082129229,0.20166347588162503,S5P_L2_CH4____20180503T194000_20180503T212328_02872,Microsoft PC
2018-05-03T20:31:46+00:00,38.551100000000005,-121.878,Field-D,1819.8819580078125,1820.091064453125,0.5443132859551383,29.495487282532586,0.3144675699455529,S5P_L2_CH4____20180503T194000_20180503T212328_02872,Microsoft PC
2018-05-03T20:31:46+00:00,38.5512,-121.878,Field-A,1819.8819580078125,1819.4439697265625,0.6063524736694306,12.083485784196466,0.3904130516983455,S5P_L2_CH4____20180503T194000_20180503T212328_02872,Microsoft PC
2018-05-03T20:31:46+00:00,38.551300000000005,-121.878,Field-B,1819.8819580078125,1819.93701171875,0.29779924974284244,27.416698219586763,0.35466257423621683,S5P_L2_CH4____20180503T194000_20180503T212328_02872,Microsoft PC
2018-05-03T20:31:46+00:00,38.5514,-121.878,Field-C,1819.8819580078125,1819.7132568359375,0.7686423356181173,17.902146628722903,0.31535580807365826,S5P_L2_CH4____20180503T194000_20180503T212328_02872,Microsoft PC
2018-05-03T20:31:46+00:00,38.551500000000004,-121.878,Field-D,1819.8819580078125,1819.559814453125,0.6171471616313671,16.022570435250156,0.20077319629080598,S5P_L2_CH4____20180503T194000_20180503T212328_02872,Microsoft PC
2018-05-03T20:31:46+00:00,38.5516,-121.878,Field-A,1819.8819580078125,1820.35107421875,0.5244093563123995,39.36073712156171,0.3846387703990042,S5P_L2_CH4____20180503T194000_20180503T212328_02872,Microsoft PC
2018-05-03T20:31:46+00:00,38.551700000000004,-121.878,Field-B,1819.8819580078125,1819.5462646484375,0.4151456151303883,14.712959777889886,0.3793360009432166,S5P_L2_CH4____20180503T194000_20180503T212328_02872,Microsoft PC
2018-05-03T20:31:46+00:00,38.5518,-121.878,Field-C,1819.8819580078125,1820.042724609375,0.2973969474207758,28.059345021299393,0.21807065475698323,S5P_L2_CH4____20180503T194000_20180503T212328_02872,Microsoft PC
2018-05-03T20:31:46+00:00,38.5519,-121.878,Field-D,1819.8819580078125,1820.08740234375,0.24784907935863143,28.49621619345089,0.25805714414831676,S5P_L2_CH4____20180503T194000_20180503T212328_02872,Microsoft PC
2018-05-03T20:31:46+00:00,38.552,-121.878,Field-A,1819.8819580078125,1819.5146484375,0.5775544274845944,14.272655742109421,0.1881012192148673,S5P_L2_CH4____20180503T194000_20180503T212328_02872,Microsoft PC
2018-05-03T20:31:46+00:00,38.5521,-121.878,Field-B,1819.8819580078125,1820.013916015625,0.5814228394735815,29.030161020842193,0.2026456710271616,S5P_L2_CH4____20180503T194000_20180503T212328_02872,Microsoft PC
2018-05-03T20:31:46+00:00,38.5522,-121.878,Field-C,1819.8819580078125,1819.973876953125,0.5066117357841893,25.99803990761837,0.1544212656192309,S5P_L2_CH4____20180503T194000_20180503T212328_02872,Microsoft PC
2018-05-03T20:31:46+00:00,38.5523,-121.878,Field-D,1819.8819580078125,1819.5029296875,0.6597979113160298,11.815442757728814,0.34544933232692476,S5P_L2_CH4____20180503T194000_20180503T212328_02872,Microsoft PC
2018-05-03T20:31:46+00:00,38.5524,-121.878,Field-A,1819.8819580078125,1819.9730224609375,0.22983783292767404,24.235508731465046,0.3526689397145498,S5P_L2_CH4____20180503T194000_20180503T212328_02872,Microsoft PC
2018-05-03T20:31:46+00:00,38.5525,-121.878,Field-B,1819.8819580078125,1819.88330078125,0.45603394469360203,26.866834653216422,0.3605002268439682,S5P_L2_CH4____20180503T194000_20180503T212328_02872,Microsoft PC
2018-05-03T20:31:46+00:00,38.552600000000005,-121.878,Field-C,1819.8819580078125,1820.1943359375,0.750975962925695,36.432885587502014,0.2746315828181255,S5P_L2_CH4____20180503T194000_20180503T212328_02872,Microsoft PC
2018-05-03T20:31:46+00:00,38.5527,-121.878,Field-D,1819.8819580078125,1819.7589111328125,0.18125858183077947,17.924129532546512,0.12267118197445752,S5P_L2_CH4____20180503T194000_20180503T212328_02872,Microsoft PC
2018-05-03T20:31:46+00:00,38.552800000000005,-121.878,Field-A,1819.8819580078125,1819.6435546875,0.4750438194291343,19.051860352069227,0.20975052543541173,S5P_L2_CH4____20180503T194000_20180503T212328_02872,Microsoft PC
2018-05-03T20:31:46+00:00,38.5529,-121.878,Field-B,1819.8819580078125,1819.79345703125,0.49091627262192916,20.18739121084653,0.3579117305337922,S5P_L2_CH4____20180503T194000_20180503T212328_02872,Microsoft PC
2018-05-03T20:31:46+00:00,38.553000000000004,-121.878,Field-C,1819.8819580078125,1820.2171630859375,0.20531961353912193,33.52679919128087,0.10508952573599867,S5P_L2_CH4____20180503T194000_20180503T212328_02872,Microsoft PC
2018-05-03T20:31:46+00:00,38.5531,-121.878,Field-D,1819.8819580078125,1820.2393798828125,0.3669540728245544,36.19868479245279,0.2478687393982412,S5P_L2_CH4____20180503T194000_20180503T212328_02872,Microsoft PC
2018-05-03T20:31:46+00:00,38.553200000000004,-121.878,Field-A,1819.8819580078125,1819.79296875,0.3874001636142601,20.318975240986404,0.1627885524723368,S5P_L2_CH4____20180503T194000_20180503T212328_02872,Microsoft PC
2018-05-03T20:31:46+00:00,38.5533,-121.878,Field-B,1819.8819580078125,1820.297119140625,0.307024706618254,34.2455462637525,0.362039540212846,S5P_L2_CH4____20180503T194000_20180503T212328_02872,Microsoft PC
2018-05-03T20:31:46+00:00,38.5534,-121.878,Field-C,1819.8819580078125,1819.762939453125,0.6998854446975944,22.476039589656992,0.24213543952057826,S5P_L2_CH4____20180503T194000_20180503T212328_02872,Microsoft PC
2018-05-03T20:31:46+00:00,38.5535,-121.878,Field-D,1819.8819580078125,1820.021484375,0.35594759040482316,27.0105249460092,0.30976011902811695,S5P_L2_CH4____20180503T194000_20180503T212328_02872,Microsoft PC
2018-05-03T20:31:46+00:00,38.5536,-121.878,Field-A,1819.8819580078125,1819.8446044921875,0.3814423888819478,26.087927836633547,0.15412174291519137,S5P_L2_CH4____20180503T194000_20180503T212328_02872,Microsoft PC
2018-05-03T20:31:46+00:00,38.5537,-121.878,Field-B,1819.8819580078125,1819.629638671875,0.4287704932826897,14.273171121427957,0.12979381216623342,S5P_L2_CH4____20180503T194000_20180503T212328_02872,Microsoft PC
2018-05-03T20:31:46+00:00,38.5538,-121.878,Field-C,1819.8819580078125,1819.4979248046875,0.18582076347904997,13.778351905848428,0.139932649454549,S5P_L2_CH4____20180503T194000_20180503T212328_02872,Microsoft PC
2018-05-03T20:31:46+00:00,38.5539,-121.878,Field-D,1819.8819580078125,1820.115478515625,0.5493417540835245,31.810712210569,0.36121895529098125,S5P_L2_CH4____20180503T194000_20180503T212328_02872,Microsoft PC
2018-05-03T20:31:46+00:00,38.554,-121.878,Field-A,1819.8819580078125,1819.5008544921875,0.5886982076594945,12.311466474211363,0.12375616970503532,S5P_L2_CH4____20180503T194000_20180503T212328_02872,Microsoft PC
2018-05-03T20:31:46+00:00,38.554100000000005,-121.878,Field-B,1819.8819580078125,1819.876953125,0.7749025934383382,25.170308197841997,0.380467307062192,S5P_L2_CH4____20180503T194000_20180503T212328_02872,Microsoft PC
2018-05-03T20:31:46+00:00,38.5542,-121.878,Field-C,1819.8819580078125,1819.675537109375,0.47785667340762195,17.800680184436285,0.17409963477879636,S5P_L2_CH4____20180503T194000_20180503T212328_02872,Microsoft PC
2018-05-03T20:31:46+00:00,38.554300000000005,-121.878,Field-D,1819.8819580078125,1819.5223388671875,0.4088057722633517,12.73629766637228,0.28108603279046923,S5P_L2_CH4____20180503T194000_20180503T212328_02872,Microsoft PC
2018-05-03T20:31:46+00:00,38.5544,-121.878,Field-A,1819.8819580078125,1819.4361572265625,0.35962758437850784,10.926016093972242,0.31095677040903813,S5P_L2_CH4____20180503T194000_20180503T212328_02872,Microsoft PC
2018-05-03T20:31:46+00:00,38.554500000000004,-121.878,Field-B,1819.8819580078125,1819.7503662109375,0.6198489441200643,18.580842930407876,0.2591471331417256,S5P_L2_CH4____20180503T194000_20180503T212328_02872,Microsoft PC
2018-05-03T20:31:46+00:00,38.5546,-121.878,Field-C,1819.8819580078125,1820.084716796875,0.6960761015733048,32.59728751552181,0.3007007256649998,S5P_L2_CH4____20180503T194000_20180503T212328_02872,Microsoft PC
2018-05-03T20:31:46+00:00,38.554700000000004,-121.878,Field-D,1819.8819580078125,1820.181396484375,0.5807903136966703,35.06185136755107,0.2958065266557728,S5P_L2_CH4____20180503T194000_20180503T212328_02872,Microsoft PC
2018-05-03T20:31:46+00:00,38.5548,-121.878,Field-A,1819.8819580078125,1819.94140625,0.7396829220673503,30.43673967443317,0.2981924567979574,S5P_L2_CH4____20180503T194000_20180503T212328_02872,Microsoft PC
2018-05-03T20:31:46+00:00,38.5549,-121.878,Field-B,1819.8819580078125,1819.931884765625,0.11723017888572737,26.229374827033133,0.2785154402055836,S5P_L2_CH4____20180503T194000_20180503T212328_02872,Microsoft PC
2018-05-03T20:31:46+00:00,38.555,-121.878,Field-C,1819.8819580078125,1819.42724609375,0.7275398450615884,10.459739178800008,0.20792435566052056,S5P_L2_CH4____20180503T194000_20180503T212328_02872,Microsoft PC
2018-05-03T20:31:46+00:00,38.5551,-121.878,Field-D,1819.8819580078125,1819.85009765625,0.7192529331575133,27.253340555372684,0.3545412680803496,S5P_L2_CH4____20180503T194000_20180503T212328_02872,Microsoft PC
2018-05-03T20:31:46+00:00,38.5552,-121.878,Field-A,1819.8819580078125,1820.0291748046875,0.41359755405744214,29.089624966751387,0.16960885807426906,S5P_L2_CH4____20180503T194000_20180503T212328_02872,Microsoft PC
2018-05-03T20:31:46+00:00,38.5553,-121.878,Field-B,1819.8819580078125,1819.685302734375,0.6638034535305515,17.833288829957738,0.2736703972356099,S5P_L2_CH4____20180503T194000_20180503T212328_02872,Microsoft PC
2018-05-03T20:31:46+00:00,38.5554,-121.878,Field-C,1819.8819580078125,1819.739990234375,0.6572420968314694,19.62092528679168,0.13363002200037355,S5P_L2_CH4____20180503T194000_20180503T212328_02872,Microsoft PC
2018-05-03T20:31:46+00:00,38.5555,-121.878,Field-D,1819.8819580078125,1820.028564453125,0.6413346365168526,28.203468595691422,0.2041859402880479,S5P_L2_CH4____20180503T194000_20180503T212328_02872,Microsoft PC
2018-05-03T20:31:46+00:00,38.5556,-121.878,Field-A,1819.8819580078125,1820.1357421875,0.5015493902125642,33.208383793632905,0.12447540636562286,S5P_L2_CH4____20180503T194000_20180503T212328_02872,Microsoft PC
2018-05-03T20:31:46+00:00,38.5557,-121.878,Field-B,1819.8819580078125,1820.0001220703125,0.7139003452837511,27.650844389463554,0.20311508314436333,S5P_L2_CH4____20180503T194000_20180503T212328_02872,Microsoft PC
2018-05-03T20:31:46+00:00,38.555800000000005,-121.878,Field-C,1819.8819580078125,1819.8551025390625,0.5074548978269343,19.958492720654007,0.1022276726449573,S5P_L2_CH4____20180503T194000_20180503T212328_02872,Microsoft PC
2018-05-03T20:31:46+00:00,38.5559,-121.878,Field-D,1819.8819580078125,1819.5157470703125,0.11249690124391232,16.55000468597187,0.11186188378546581,S5P_L2_CH4____20180503T194000_20180503T212328_02872,Microsoft PC
2018-05-03T20:31:46+00:00,38.556000000000004,-121.878,Field-A,1819.8819580078125,1819.7783203125,0.4726858645922972,21.70877831297912,0.33320237444451983,S5P_L2_CH4____20180503T194000_20180503T212328_02872,Microsoft PC
2018-05-03T20:31:46+00:00,38.5561,-121.878,Field-B,1819.8819580078125,1819.87158203125,0.14641896663298043,23.51250730730311,0.1670481308295473,S5P_L2_CH4____20180503T194000_20180503T212328_02872,Microsoft PC
2018-05-03T20:31:46+00:00,38.556200000000004,-121.878,Field-C,1819.8819580078125,1819.97265625,0.7859547770713207,26.678353619913764,0.2518454663649456,S5P_L2_CH4____20180503T194000_20180503T212328_02872,Microsoft PC
2018-05-03T20:31:46+00:00,38.5563,-121.878,Field-D,1819.8819580078125,1819.7784423828125,0.4208129453271542,24.06977761761135,0.2544365324504059,S5P_L2_CH4____20180503T194000_20180503T212328_02872,Microsoft PC
2018-05-03T20:31:46+00:00,38.556400000000004,-121.878,Field-A,1819.8819580078125,1819.5758056640625,0.3616661228011724,14.15418465567485,0.383939462149509,S5P_L2_CH4____20180503T194000_20180503T212328_02872,Microsoft PC
2018-05-03T20:31:46+00:00,38.5565,-121.878,Field-B,1819.8819580078125,1820.05615234375,0.28607337379182024,31.363182284087113,0.25157031310538264,S5P_L2_CH4____20180503T194000_20180503T212328_02872,Microsoft PC
2018-05-03T20:31:46+00:00,38.5566,-121.878,Field-C,1819.8819580078125,1819.770751953125,0.4089272973431476,19.251236167002197,0.3974552258226034,S5P_L2_CH4____20180503T194000_20180503T212328_02872,Microsoft PC
2018-05-03T20:31:46+00:00,38.5567,-121.878,Field-D,1819.8819580078125,1820.18017578125,0.5214993181325303,36.439328682728785,0.3597826242034966,S5P_L2_CH4____20180503T194000_20180503T212328_02872,Microsoft PC
2018-05-03T20:31:46+00:00,38.5568,-121.878,Field-A,1819.8819580078125,1820.24169921875,0.14462061694068962,35.55765340413316,0.1599771252819256,S5P_L2_CH4____20180503T194000_20180503T212328_02872,Microsoft PC
2018-05-03T20:31:46+00:00,38.5569,-121.878,Field-B,1819.8819580078125,1819.419189453125,0.18466159065081372,11.425661946206148,0.11634306084178231,S5P_L2_CH4____20180503T194000_20180503T212328_02872,Microsoft PC
2018-05-03T20:31:46+00:00,38.557,-121.878,Field-C,1819.8819580078125,1819.6676025390625,0.5432244902778527,14.345028331397671,0.16880872512570255,S5P_L2_CH4____20180503T194000_20180503T212328_02872,Microsoft PC
2018-05-03T20:31:46+00:00,38.5571,-121.878,Field-D,1819.8819580078125,1819.7279052734375,0.6752987455975926,20.561099847698888,0.304405990364864,S5P_L2_CH4____20180503T194000_20180503T212328_02872,Microsoft PC
2018-05-03T20:31:46+00:00,38.5572,-121.878,Field-A,1819.8819580078125,1819.7137451171875,0.3687872598834464,18.629862167511725,0.28429492173434256,S5P_L2_CH4____20180503T194000_20180503T212328_02872,Microsoft PC
2018-05-03T20:31:46+00:00,38.557300000000005,-121.878,Field-B,1819.8819580078125,1819.555908203125,0.588157379373419,12.576540646846404,0.2718242846474337,S5P_L2_CH4____20180503T194000_20180503T212328_02872,Microsoft PC
2018-05-03T20:31:46+00:00,38.5574,-121.878,Field-C,1819.8819580078125,1819.889892578125,0.2894369472192566,26.315281011753942,0.17522239582382143,S5P_L2_CH4____20180503T194000_20180503T212328_02872,Microsoft PC
2018-05-03T20:31:46+00:00,38.557500000000005,-121.878,Field-D,1819.8819580078125,1820.308837890625,0.41278736758138646,37.358013592624815,0.2547301399905146,S5P_L2_CH4____20180503T194000_20180503T212328_02872,Microsoft PC
2018-05-03T20:31:46+00:00,38.5576,-121.878,Field-A,1819.8819580078125,1820.13427734375,0.4378047617309928,33.20023824311619,0.39333495803202323,S5P_L2_CH4____20180503T194000_20180503T212328_02872,Microsoft PC
2018-05-03T20:31:46+00:00,38.557700000000004,-121.878,Field-B,1819.8819580078125,1819.4061279296875,0.2071631298225918,12.11210608370724,0.3639034303959201,S5P_L2_CH4____20180503T194000_20180503T212328_02872,Microsoft PC
2018-05-03T20:31:46+00:00,38.5578,-121.878,Field-C,1819.8819580078125,1819.640869140625,0.5681374318899547,15.892291206411079,0.21748883719138304,S5P_L2_CH4____20180503T194000_20180503T212328_02872,Microsoft PC
2018-05-03T20:31:46+00:00,38.557900000000004,-121.878,Field-D,1819.8819580078125,1820.2218017578125,0.4648157833175637,35.88122647887163,0.22926793997755868,S5P_L2_CH4____20180503T194000_20180503T212328_02872,Microsoft PC
2018-05-03T20:31:46+00:00,38.558,-121.878,Field-A,1819.8819580078125,1820.0762939453125,0.7389500333011338,33.84079223541017,0.10669505492441422,S5P_L2_CH4____20180503T194000_20180503T212328_02872,Microsoft PC
2018-05-03T20:31:46+00:00,38.5581,-121.878,Field-B,1819.8819580078125,1819.9407958984375,0.22286798903298838,24.864329666165183,0.39964951154045036,S5P_L2_CH4____20180503T194000_20180503T212328_02872,Microsoft PC
2018-05-03T20:31:46+00:00,38.5582,-121.878,Field-C,1819.8819580078125,1820.339111328125,0.7323390765240382,38.33174429361192,0.12498377458067941,S5P_L2_CH4____20180503T194000_20180503T212328_02872,Microsoft PC
2018-05-03T20:31:46+00:00,38.5583,-121.878,Field-D,1819.8819580078125,1820.2850341796875,0.15527520096476624,35.26806870613722,0.1789903947319958,S5P_L2_CH4____20180503T194000_20180503T212328_02872,Microsoft PC
2018-05-03T20:31:46+00:00,38.5584,-121.878,Field-A,1819.8819580078125,1820.218505859375,0.21394891579351366,37.447444490713124,0.3892769412451714,S5P_L2_CH4____20180503T194000_20180503T212328_02872,Microsoft PC
2018-05-03T20:31:46+00:00,38.5585,-121.878,Field-B,1819.8819580078125,1819.920654296875,0.2589527428099969,25.646223123547564,0.14530039940793965,S5P_L2_CH4____20180503T194000_20180503T212328_02872,Microsoft PC
2018-05-03T20:31:46+00:00,38.5586,-121.878,Field-C,1819.8819580078125,1819.521240234375,0.16599091545001382,13.886392689967668,0.22790013609933146,S5P_L2_CH4____20180503T194000_20180503T212328_02872,Microsoft PC
2018-05-03T20:31:46+00:00,38.5587,-121.878,Field-D,1819.8819580078125,1819.9522705078125,0.26800427260475235,29.401334063957094,0.34063606268862934,S5P_L2_CH4____20180503T194000_20180503T212328_02872,Microsoft PC
2018-05-03T20:31:46+00:00,38.558800000000005,-121.878,Field-A,1819.8819580078125,1820.27294921875,0.6859288194529787,37.677277591582325,0.13703770302413726,S5P_L2_CH4____20180503T194000_20180503T212328_02872,Microsoft PC
2018-05-03T20:31:46+00:00,38.5589,-121.878,Field-B,1819.8819580078125,1819.5513916015625,0.2481414479870396,11.08836244435868,0.11069170910017348,S5P_L2_CH4____20180503T194000_20180503T212328_02872,Microsoft PC
2018-05-03T20:31:46+00:00,38.559000000000005,-121.878,Field-C,1819.8819580078125,1820.0015869140625,0.7901227014734602,31.22326006439875,0.33014556045874943,S5P_L2_CH4____20180503T194000_20180503T212328_02872,Microsoft PC
2018-05-03T20:31:46+00:00,38.5591,-121.878,Field-D,1819.8819580078125,1820.349365234375,0.7374970543705617,38.42177488105893,0.3184277290622444,S5P_L2_CH4____20180503T194000_20180503T212328_02872,Microsoft PC
2018-05-03T20:31:46+00:00,38.559200000000004,-121.878,Field-A,1819.8819580078125,1819.8502197265625,0.2069886578397922,21.860552715538244,0.2034717616307669,S5P_L2_CH4____20180503T194000_20180503T212328_02872,Microsoft PC
2018-05-03T20:31:46+00:00,38.5593,-121.878,Field-B,1819.8819580078125,1820.3753662109375,0.3458021156210167,36.68196453339775,0.3910044735124052,S5P_L2_CH4____20180503T194000_20180503T212328_02872,Microsoft PC
2018-05-03T20:31:46+00:00,38.559400000000004,-121.878,Field-C,1819.8819580078125,1819.572265625,0.25380889252482897,13.691773965753214,0.12204950846870848,S5P_L2_CH4____20180503T194000_20180503T212328_02872,Microsoft PC
2018-05-03T20:31:46+00:00,38.5595,-121.878,Field-D,1819.8819580078125,1819.519775390625,0.11499382191845489,11.20308638142818,0.14113578671590005,S5P_L2_CH4____20180503T194000_20180503T212328_02872,Microsoft PC
2018-05-03T20:31:46+00:00,38.5596,-121.878,Field-A,1819.8819580078125,1819.953857421875,0.2787614748176074,27.367020149942697,0.21807782763502687,S5P_L2_CH4____20180503T194000_20180503T212328_02872,Microsoft PC
2018-05-03T20:31:46+00:00,38.5597,-121.878,Field-B,1819.8819580078125,1819.8375244140625,0.1944927015833236,25.07809929055384,0.11160862701885438,S5P_L2_CH4____20180503T194000_20180503T212328_02872,Microsoft PC
2018-05-03T20:31:46+00:00,38.5598,-121.878,Field-C,1819.8819580078125,1819.541748046875,0.7866943372603407,13.35388001520951,0.25763363359909236,S5P_L2_CH4____20180503T194000_20180503T212328_02872,Microsoft PC
2018-05-03T20:31:46+00:00,38.5599,-121.878,Field-D,1819.8819580078125,1819.638671875,0.4266469985428135,16.363411037667777,0.11590609638588972,S5P_L2_CH4____20180503T194000_20180503T212328_02872,Microsoft PC
2018-05-03T20:31:46+00:00,38.56,-121.878,Field-A,1819.8819580078125,1820.0830078125,0.5650006162494438,34.043712915015114,0.2765033153932603,S5P_L2_CH4____20180503T194000_20180503T212328_02872,Microsoft PC
2018-05-03T20:31:46+00:00,38.5601,-121.878,Field-B,1819.8819580078125,1819.5595703125,0.4771984063670155,14.524829476825154,0.38573454241902916,S5P_L2_CH4____20180503T194000_20180503T212328_02872,Microsoft PC
2018-05-03T20:31:46+00:00,38.5602,-121.878,Field-C,1819.8819580078125,1819.5997314453125,0.47419720222869,11.859854649989494,0.17720555340631167,S5P_L2_CH4____20180503T194000_20180503T212328_02872,Microsoft PC
2018-05-03T20:31:46+00:00,38.560300000000005,-121.878,Field-D,1819.8819580078125,1819.6751708984375,0.38189296768379877,20.043002564034207,0.2714528121883739,S5P_L2_CH4____20180503T194000_20180503T212328_02872,Microsoft PC
2018-05-03T20:31:46+00:00,38.5604,-121.878,Field-A,1819.8819580078125,1819.4674072265625,0.23610256253822007,12.419810458916924,0.3358370003452439,S5P_L2_CH4____20180503T194000_20180503T212328_02872,Microsoft PC
2018-05-03T20:31:46+00:00,38.560500000000005,-121.878,Field-B,1819.8819580078125,1820.093994140625,0.20445682796343917,30.947937124074112,0.37051565668484043,S5P_L2_CH4____20180503T194000_20180503T212328_02872,Microsoft PC
2018-05-03T20:31:46+00:00,38.5606,-121.878,Field-C,1819.8819580078125,1820.3128662109375,0.7511792089629349,39.22192229671675,0.3142900157710535,S5P_L2_CH4____20180503T194000_20180503T212328_02872,Microsoft PC
2018-05-03T20:31:46+00:00,38.560700000000004,-121.878,Field-D,1819.8819580078125,1819.723876953125,0.2818250366875384,17.999469838611834,0.10003116178497852,S5P_L2_CH4____20180503T194000_20180503T212328_02872,Microsoft PC
2018-05-03T20:31:46+00:00,38.5608,-121.878,Field-A,1819.8819580078125,1819.9178466796875,0.3565416295447177,25.738265951655855,0.28060560953252034,S5P_L2_CH4____20180503T194000_20180503T212328_02872,Microsoft PC
2018-05-03T20:31:46+00:00,38.560900000000004,-121.878,Field-B,1819.8819580078125,1819.746337890625,0.4495215295034002,19.702212006479606,0.3085145356799452,S5P_L2_CH4____20180503T194000_20180503T212328_02872,Microsoft PC
2018-05-03T20:31:46+00:00,38.561,-121.878,Field-C,1819.8819580078125,1819.8668212890625,0.5498375141126813,27.062883591601697,0.3932604026572962,S5P_L2_CH4____20180503T194000_20180503T212328_02872,Microsoft PC
2018-05-03T20:31:46+00:00,38.5611,-121.878,Field-D,1819.8819580078125,1820.03857421875,0.33024959105398843,26.93298065715507,0.1778478502729714,S5P_L2_CH4____20180503T194000_20180503T212328_02872,Microsoft PC
2018-05-03T20:31:46+00:00,38.5612,-121.878,Field-A,1819.8819580078125,1819.9986572265625,0.13006389510276892,28.539678414550323,0.1497081231421353,S5P_L2_CH4____20180503T194000_20180503T212328_02872,Microsoft PC
2018-05-03T20:31:46+00:00,38.5613,-121.878,Field-B,1819.8819580078125,1819.638427734375,0.21543558676288316,17.18961132859009,0.3102708218856249,S5P_L2_CH4____20180503T194000_20180503T212328_02872,Microsoft PC
2018-05-03T20:31:46+00:00,38.5614,-121.878,Field-C,1819.8819580078125,1819.9627685546875,0.7403391312566847,27.81786180103563,0.29861667431677574,S5P_L2_CH4____20180503T194000_20180503T212328_02872,Microsoft PC
2018-05-03T20:31:46+00:00,38.5615,-121.878,Field-D,1819.8819580078125,1819.5606689453125,0.3404938079457187,13.62175081788079,0.2802974294124182,S5P_L2_CH4____20180503T194000_20180503T212328_02872,Microsoft PC
2018-05-03T20:31:46+00:00,38.5616,-121.878,Field-A,1819.8819580078125,1820.021484375,0.18805134018315767,32.6398308011907,0.21726389650497888,S5P_L2_CH4____20180503T194000_20180503T212328_02872,Microsoft PC
2018-05-03T20:31:46+00:00,38.5617,-121.878,Field-B,1819.8819580078125,1819.4459228515625,0.1007632981727888,10.733372927009405,0.2109536405098654,S5P_L2_CH4____20180503T194000_20180503T212328_02872,Microsoft PC
2018-05-03T20:31:46+00:00,38.561800000000005,-121.878,Field-C,1819.8819580078125,1820.123291015625,0.7314576417567724,31.057552867601462,0.3292833991972919,S5P_L2_CH4____20180503T194000_20180503T212328_02872,Microsoft PC
2018-05-03T20:31:46+00:00,38.5619,-121.878,Field-D,1819.8819580078125,1819.9561767578125,0.730147927193608,30.45343678822493,0.11181595241242157,S5P_L2_CH4____20180503T194000_20180503T212328_02872,Microsoft PC
2018-05-03T20:31:46+00:00,38.562000000000005,-121.878,Field-A,1819.8819580078125,1819.5838623046875,0.24646356495273208,13.224939646855455,0.23668971405609604,S5P_L2_CH4____20180503T194000_20180503T212328_02872,Microsoft PC
2018-05-03T20:31:46+00:00,38.5621,-121.878,Field-B,1819.8819580078125,1819.783203125,0.17626898382252731,22.667098552244124,0.2146795181387944,S5P_L2_CH4____20180503T194000_20180503T212328_02872,Microsoft PC
2018-05-03T20:31:46+00:00,38.562200000000004,-121.878,Field-C,1819.8819580078125,1819.4735107421875,0.721074591175632,12.397937984613026,0.22665814371248488,S5P_L2_CH4____20180503T194000_20180503T212328_02872,Microsoft PC
2018-05-03T20:31:46+00:00,38.5623,-121.878,Field-D,1819.8819580078125,1820.0787353515625,0.4435093719913249,28.59020567706352,0.2963749194194085,S5P_L2_CH4____20180503T194000_20180503T212328_02872,Microsoft PC
2018-05-03T20:31:46+00:00,38.562400000000004,-121.878,Field-A,1819.8819580078125,1819.7874755859375,0.1934007251305105,20.635206274415992,0.1753757793463226,S5P_L2_CH4____20180503T194000_20180503T212328_02872,Microsoft PC
2018-05-03T20:31:46+00:00,38.5625,-121.878,Field-B,1819.8819580078125,1819.6805419921875,0.4280535395998748,12.398522708445974,0.16505558124328445,S5P_L2_CH4____20180503T194000_20180503T212328_02872,Microsoft PC
2018-05-03T20:31:46+00:00,38.5626,-121.878,Field-C,1819.8819580078125,1819.851806640625,0.6012496770541035,19.871974935963014,0.13216693470181892,S5P_L2_CH4____20180503T194000_20180503T212328_02872,Microsoft PC
2018-05-03T20:31:46+00:00,38.5627,-121.878,Field-D,1819.8819580078125,1819.511962890625,0.7373778253737157,13.051458684308965,0.3966270655738432,S5P_L2_CH4____20180503T194000_20180503T212328_02872,Microsoft PC
2018-05-03T20:31:46+00:00,38.5628,-121.878,Field-A,1819.8819580078125,1820.010498046875,0.47966387808470234,27.58216048565588,0.2377918885043552,S5P_L2_CH4____20180503T194000_20180503T212328_02872,Microsoft PC
2018-05-03T20:31:46+00:00,38.5629,-121.878,Field-B,1819.8819580078125,1820.0572509765625,0.7891892052837006,33.02371093279578,0.21231471995918727,S5P_L2_CH4____20180503T194000_20180503T212328_02872,Microsoft PC
2018-05-03T20:31:46+00:00,38.563,-121.878,Field-C,1819.8819580078125,1819.6214599609375,0.6204277351047723,14.088168732540893,0.14367697544735789,S5P_L2_CH4____20180503T194000_20180503T212328_02872,Microsoft PC
2018-05-03T20:31:46+00:00,38.5631,-121.878,Field-D,1819.8819580078125,1820.060302734375,0.15174386328999148,29.339075096043945,0.24125216659630142,S5P_L2_CH4____20180503T194000_20180503T212328_02872,Microsoft PC
2018-05-03T20:31:46+00:00,38.5632,-121.878,Field-A,1819.8819580078125,1819.6038818359375,0.7417473018962422,16.687985502357094,0.3832808135439062,S5P_L2_CH4____20180503T194000_20180503T212328_02872,Microsoft PC
2018-05-03T20:31:46+00:00,38.563300000000005,-121.878,Field-B,1819.8819580078125,1819.430419921875,0.598791341043738,10.702255580929096,0.1514158747389917,S5P_L2_CH4____20180503T194000_20180503T212328_02872,Microsoft PC
2018-05-03T20:31:46+00:00,38.5634,-121.878,Field-C,1819.8819580078125,1820.2784423828125,0.7778496569310954,38.78424620232251,0.29272810207265226,S5P_L2_CH4____20180503T194000_20180503T212328_02872,Microsoft PC
2018-05-03T20:31:46+00:00,38.563500000000005,-121.878,Field-D,1819.8819580078125,1819.62158203125,0.13686201299535183,14.938383958954793,0.30634684603170304,S5P_L2_CH4____20180503T194000_20180503T212328_02872,Microsoft PC
2018-05-03T20:31:46+00:00,38.5636,-121.878,Field-A,1819.8819580078125,1819.68603515625,0.6413426141731725,19.73137997653341,0.30296464694740644,S5P_L2_CH4____20180503T194000_20180503T212328_02872,Microsoft PC
2018-05-03T20:31:46+00:00,38.563700000000004,-121.878,Field-B,1819.8819580078125,1820.099853515625,0.10561873938049204,32.93391755887273,0.36629570871707584,S5P_L2_CH4____20180503T194000_20180503T212328_02872,Microsoft PC
2018-05-03T20:31:46+00:00,38.5638,-121.878,Field-C,1819.8819580078125,1819.8782958984375,0.63896460604006,23.22749000492783,0.232785643758214,S5P_L2_CH4____20180503T194000_20180503T212328_02872,Microsoft PC
2018-05-03T20:31:46+00:00,38.563900000000004,-121.878,Field-D,1819.8819580078125,1819.8277587890625,0.18750687334767757,21.948162339425355,0.363525029293443,S5P_L2_CH4____20180503T194000_20180503T212328_02872,Microsoft PC
2018-05-03T20:31:46+00:00,38.564,-121.878,Field-A,1819.8819580078125,1819.9901123046875,0.6114827703580843,32.4962215965587,0.31615390087099327,S5P_L2_CH4____20180503T194000_20180503T212328_02872,Microsoft PC
2018-05-03T20:31:46+00:00,38.5641,-121.878,Field-B,1819.8819580078125,1819.6168212890625,0.4200691367735575,12.536817264124462,0.24588997255570896,S5P_L2_CH4____20180503T194000_20180503T212328_02872,Microsoft PC
2018-05-03T20:31:46+00:00,38.5642,-121.878,Field-C,1819.8819580078125,1819.73388671875,0.5785653830105989,11.081826340751377,0.14015911558599053,S5P_L2_CH4____20180503T194000_20180503T212328_02872,Microsoft PC
2018-05-03T20:31:46+00:00,38.5643,-121.878,Field-D,1819.8819580078125,1820.291259765625,0.46921685260036305,38.34538325548149,0.2325026137010157,S5P_L2_CH4____20180503T194000_20180503T212328_02872,Microsoft PC
2018-05-03T20:31:46+00:00,38.5644,-121.878,Field-A,1819.8819580078125,1820.3067626953125,0.6315385548770452,37.24930122746734,0.16628293537552896,S5P_L2_CH4____20180503T194000_20180503T212328_02872,Microsoft PC
2018-05-03T20:31:46+00:00,38.5645,-121.878,Field-B,1819.8819580078125,1819.9437255859375,0.32358180942291365,27.438617214785577,0.341699751251907,S5P_L2_CH4____20180503T194000_20180503T212328_02872,Microsoft PC
2018-05-03T20:31:46+00:00,38.5646,-121.878,Field-C,1819.8819580078125,1819.9058837890625,0.271781163957749,25.79101876823949,0.22798841498455233,S5P_L2_CH4____20180503T194000_20180503T212328_02872,Microsoft PC
2018-05-03T20:31:46+00:00,38.5647,-121.878,Field-D,1819.8819580078125,1819.9691162109375,0.3874675729309227,25.50402085288738,0.37989770623175045,S5P_L2_CH4____20180503T194000_20180503T212328_02872,Microsoft PC
2018-05-03T20:31:46+00:00,38.564800000000005,-121.878,Field-A,1819.8819580078125,1819.689208984375,0.26143888338496346,19.692640556342443,0.29207386476756114,S5P_L2_CH4____20180503T194000_20180503T212328_02872,Microsoft PC
2018-05-03T20:31:46+00:00,38.5649,-121.878,Field-B,1819.8819580078125,1819.5948486328125,0.11666196574890803,13.720094989270375,0.11904668340932331,S5P_L2_CH4____20180503T194000_20180503T212328_02872,Microsoft PC
2018-05-03T20:31:46+00:00,38.565000000000005,-121.878,Field-C,1819.8819580078125,1819.9227294921875,0.5238110670358549,27.11886756565543,0.22967725154755836,S5P_L2_CH4____20180503T194000_20180503T212328_02872,Microsoft PC
2018-05-03T20:31:46+00:00,38.5651,-121.878,Field-D,1819.8819580078125,1819.8323974609375,0.33251993546572,23.751483624476222,0.23175037978538782,S5P_L2_CH4____20180503T194000_20180503T212328_02872,Microsoft PC
2018-05-03T20:31:46+00:00,38.565200000000004,-121.878,Field-A,1819.8819580078125,1819.943115234375,0.19612232550902714,30.375782794639274,0.21362941161324372,S5P_L2_CH4____20180503T194000_20180503T212328_02872,Microsoft PC
2018-05-03T20:31:46+00:00,38.5653,-121.878,Field-B,1819.8819580078125,1819.9384765625,0.6016535687319848,27.520014449048247,0.15671758429649585,S5P_L2_CH4____20180503T194000_20180503T212328_02872,Microsoft PC
2018-05-03T20:31:46+00:00,38.565400000000004,-121.878,Field-C,1819.8819580078125,1819.7196044921875,0.48300626288032,16.668717920419887,0.3635958340543406,S5P_L2_CH4____20180503T194000_20180503T212328_02872,Microsoft PC
2018-05-03T20:31:46+00:00,38.5655,-121.878,Field-D,1819.8819580078125,1819.9283447265625,0.11982501040686146,24.498152060690074,0.20469753073746633,S5P_L2_CH4____20180503T194000_20180503T212328_02872,Microsoft PC
2018-05-03T20:31:46+00:00,38.5656,-121.878,Field-A,1819.8819580078125,1819.7615966796875,0.5814996096456002,17.87271791081796,0.14307901165635664,S5P_L2_CH4____20180503T194000_20180503T212328_02872,Microsoft PC
2018-05-03T20:31:46+00:00,38.5657,-121.878,Field-B,1819.8819580078125,1820.3563232421875,0.5985798191568554,37.466269227298724,0.3669434055795944,S5P_L2_CH4____20180503T194000_20180503T212328_02872,Microsoft PC
2018-05-03T20:31:46+00:00,38.5658,-121.878,Field-C,1819.8819580078125,1819.897705078125,0.37508593489795106,27.784565306696717,0.13859436105675738,S5P_L2_CH4____20180503T194000_20180503T212328_02872,Microsoft PC
2018-05-03T20:31:46+00:00,38.5659,-121.878,Field-D,1819.8819580078125,1820.2813720703125,0.39386532498405424,36.79754308602229,0.3547942445638561,S5P_L2_CH4____20180503T194000_20180503T212328_02872,Microsoft PC
2018-05-03T20:31:46+00:00,38.566,-121.878,Field-A,1819.8819580078125,1819.6241455078125,0.5373012964621182,16.724365929986824,0.10431522495739948,S5P_L2_CH4____20180503T194000_20180503T212328_02872,Microsoft PC
2018-05-03T20:31:46+00:00,38.5661,-121.878,Field-B,1819.8819580078125,1819.826416015625,0.3847905116826156,22.70272702121104,0.16747000772443307,S5P_L2_CH4____20180503T194000_20180503T212328_02872,Microsoft PC
2018-05-03T20:31:46+00:00,38.5662,-121.878,Field-C,1819.8819580078125,1820.12744140625,0.572093645052724,29.87849019650318,0.2595446995210834,S5P_L2_CH4____20180503T194000_20180503T212328_02872,Microsoft PC
2018-05-03T20:31:46+00:00,38.566300000000005,-121.878,Field-D,1819.8819580078125,1819.5819091796875,0.6214452822497021,15.409459073083031,0.39427618802574893,S5P_L2_CH4____20180503T194000_20180503T212328_02872,Microsoft PC
2018-05-03T20:31:46+00:00,38.5664,-121.878,Field-A,1819.8819580078125,1820.1185302734375,0.4960895968022242,33.2499223339299,0.18085819610151035,S5P_L2_CH4____20180503T194000_20180503T212328_02872,Microsoft PC
2018-05-03T20:31:46+00:00,38.566500000000005,-121.878,Field-B,1819.8819580078125,1819.81640625,0.5500184273281271,20.028103415732932,0.3794076371018099,S5P_L2_CH4____20180503T194000_20180503T212328_02872,Microsoft PC
2018-05-03T20:31:46+00:00,38.5666,-121.878,Field-C,1819.8819580078125,1819.5819091796875,0.10659434189690306,15.033160062017698,0.100641874751417,S5P_L2_CH4____20180503T194000_20180503T212328_02872,Microsoft PC
2018-05-03T20:31:46+00:00,38.566700000000004,-121.878,Field-D,1819.8819580078125,1819.961669921875,0.3550134789223979,26.2089720767247,0.38543649010567815,S5P_L2_CH4____20180503T194000_20180503T212328_02872,Microsoft PC
2018-05-03T20:31:46+00:00,38.5668,-121.878,Field-A,1819.8819580078125,1820.0546875,0.6429836906245735,31.189426450042138,0.1901596967418821,S5P_L2_CH4____20180503T194000_20180503T212328_02872,Microsoft PC
2018-05-03T20:31:46+00:00,38.566900000000004,-121.878,Field-B,1819.8819580078125,1819.5128173828125,0.12082767039411432,14.85389751105567,0.1290851395701042,S5P_L2_CH4____20180503T194000_20180503T212328_02872,Microsoft PC
2018-05-03T20:31:46+00:00,38.567,-121.878,Field-C,1819.8819580078125,1820.221923828125,0.3643609849397337,37.16000814329043,0.38301793093163516,S5P_L2_CH4____20180503T194000_20180503T212328_02872,Microsoft PC
2018-05-03T20:31:46+00:00,38.5671,-121.878,Field-D,1819.8819580078125,1819.83740234375,0.47819949963673014,20.977923104163217,0.38455877521831416,S5P_L2_CH4____20180503T194000_20180503T212328_02872,Microsoft PC
2018-05-03T20:31:46+00:00,38.5672,-121.878,Field-A,1819.8819580078125,1819.8194580078125,0.5663201045716608,19.347952284880236,0.3338088645173678,S5P_L2_CH4____20180503T194000_20180503T212328_02872,Microsoft PC
2018-05-03T20:31:46+00:00,38.5673,-121.878,Field-B,1819.8819580078125,1819.8331298828125,0.283639419597341,23.993304052214793,0.3033938758630395,S5P_L2_CH4____20180503T194000_20180503T212328_02872,Microsoft PC
2018-05-03T20:31:46+00:00,38.5674,-121.878,Field-C,1819.8819580078125,1820.0301513671875,0.6958270856078571,30.056044812282522,0.24413226200602434,S5P_L2_CH4____20180503T194000_20180503T212328_02872,Microsoft PC
2018-05-03T20:31:46+00:00,38.5675,-121.878,Field-D,1819.8819580078125,1819.9046630859375,0.7631249427858662,26.83271840826172,0.2656624343961637,S5P_L2_CH4____20180503T194000_20180503T212328_02872,Microsoft PC
2018-05-03T20:31:46+00:00,38.5676,-121.878,Field-A,1819.8819580078125,1819.5623779296875,0.7806433617252998,13.865183231263646,0.19337692282378854,S5P_L2_CH4____20180503T194000_20180503T212328_02872,Microsoft PC
2018-05-03T20:31:46+00:00,38.5677,-121.878,Field-B,1819.8819580078125,1819.4649658203125,0.2461080324867694,10.671320811456896,0.3047845479342475,S5P_L2_CH4____20180503T194000_20180503T212328_02872,Microsoft PC
2018-05-03T20:31:46+00:00,38.5678,-121.878,Field-C,1819.8819580078125,1820.330078125,0.23153772735846814,38.589623470690114,0.10609845752198188,S5P_L2_CH4____20180503T194000_20180503T212328_02872,Microsoft PC
2018-05-03T20:31:46+00:00,38.5679,-121.878,Field-D,1819.8819580078125,1819.9556884765625,0.7794226656659307,25.972198336451036,0.28916525763596035,S5P_L2_CH4____20180503T194000_20180503T212328_02872,Microsoft PC
2018-05-03T20:31:46+00:00,38.568000000000005,-121.878,Field-A,1819.8819580078125,1819.8773193359375,0.5680263677583649,21.073734325799524,0.2676072042560148,S5P_L2_CH4____20180503T194000_20180503T212328_02872,Microsoft PC
2018-05-03T20:31:46+00:00,38.5681,-121.878,Field-B,1819.8819580078125,1819.78857421875,0.17507106211200346,22.897463794391474,0.1912707249598814,S5P_L2_CH4____20180503T194000_20180503T212328_02872,Microsoft PC
2018-05-03T20:31:46+00:00,38.568200000000004,-121.878,Field-C,1819.8819580078125,1820.038330078125,0.3192709787246152,30.378207523961176,0.13672914744944845,S5P_L2_CH4____20180503T194000_20180503T212328_02872,Microsoft PC
2018-05-03T20:31:46+00:00,38.5683,-121.878,Field-D,1819.8819580078125,1820.079833984375,0.38232276970104306,28.868867105185057,0.15305404422613228,S5P_L2_CH4____20180503T194000_20180503T212328_02872,Microsoft PC
2018-05-03T20:31:46+00:00,38.568400000000004,-121.878,Field-A,1819.8819580078125,1820.0003662109375,0.30181812970544075,29.714829890683635,0.3807118370594835,S5P_L2_CH4____20180503T194000_20180503T212328_02872,Microsoft PC
2018-05-03T20:31:46+00:00,38.5685,-121.878,Field-B,1819.8819580078125,1819.6343994140625,0.6950356611038976,12.271707918150323,0.12179270631976732,S5P_L2_CH4____20180503T194000_20180503T212328_02872,Microsoft PC
2018-05-03T20:31:46+00:00,38.5686,-121.878,Field-C,1819.8819580078125,1820.1954345703125,0.19752754161465058,34.684497204132455,0.14459984110577984,S5P_L2_CH4____20180503T194000_20180503T212328_02872,Microsoft PC
2018-05-03T20:31:46+00:00,38.5687,-121.878,Field-D,1819.8819580078125,1819.8125,0.12165071426340308,20.84114455880956,0.19384250352837018,S5P_L2_CH4____20180503T194000_20180503T212328_02872,Microsoft PC
2018-05-03T20:31:46+00:00,38.5688,-121.878,Field-A,1819.8819580078125,1820.3485107421875,0.3596063980473233,35.56475560489227,0.22377861911165253,S5P_L2_CH4____20180503T194000_20180503T212328_02872,Microsoft PC
2018-05-03T20:31:46+00:00,38.5689,-121.878,Field-B,1819.8819580078125,1819.648193359375,0.7214745507204504,11.221323296496513,0.16291350286993644,S5P_L2_CH4____20180503T194000_20180503T212328_02872,Microsoft PC
2018-05-03T20:31:46+00:00,38.569,-121.878,Field-C,1819.8819580078125,1819.4786376953125,0.7491599687742674,10.789211688732717,0.2539310223293661,S5P_L2_CH4____20180503T194000_20180503T212328_02872,Microsoft PC
2018-05-03T20:31:46+00:00,38.5691,-121.878,Field-D,1819.8819580078125,1820.038818359375,0.11902492616149701,30.47652368263928,0.37557317692116143,S5P_L2_CH4____20180503T194000_20180503T212328_02872,Microsoft PC
2018-05-03T20:31:46+00:00,38.5692,-121.878,Field-A,1819.8819580078125,1820.1690673828125,0.15080206674661228,30.60594109313748,0.2658377364166775,S5P_L2_CH4____20180503T194000_20180503T212328_02872,Microsoft PC
2018-05-03T20:31:46+00:00,38.5693,-121.878,Field-B,1819.8819580078125,1819.8114013671875,0.4442092609405719,21.771120985938083,0.27950395370866155,S5P_L2_CH4____20180503T194000_20180503T212328_02872,Microsoft PC
2018-05-03T20:31:46+00:00,38.5694,-121.878,Field-C,1819.8819580078125,1820.2117919921875,0.5736996436832043,38.188987390692574,0.37979906715910805,S5P_L2_CH4____20180503T194000_20180503T212328_02872,Microsoft PC
2018-05-03T20:31:46+00:00,38.569500000000005,-121.878,Field-D,1819.8819580078125,1820.21435546875,0.21143663927352846,35.581145048453074,0.3179806075357361,S5P_L2_CH4____20180503T194000_20180503T212328_02872,Microsoft PC
2018-05-03T20:31:46+00:00,38.5696,-121.878,Field-A,1819.8819580078125,1819.615478515625,0.6950329447653045,15.384367108062053,0.26687538810024075,S5P_L2_CH4____20180503T194000_20180503T212328_02872,Microsoft PC
2018-05-03T20:31:46+00:00,38.569700000000005,-121.878,Field-B,1819.8819580078125,1819.8853759765625,0.7200546130378026,22.69183161729427,0.20264903848503224,S5P_L2_CH4____20180503T194000_20180503T212328_02872,Microsoft PC
2018-05-03T20:31:46+00:00,38.5698,-121.878,Field-C,1819.8819580078125,1819.5364990234375,0.30739599134024653,12.265189435295467,0.3325904102150061,S5P_L2_CH4____20180503T194000_20180503T212328_02872,Microsoft PC
2018-05-03T20:31:46+00:00,38.569900000000004,-121.878,Field-D,1819.8819580078125,1819.9354248046875,0.16118640833772999,27.096504780892083,0.19199426975888206,S5P_L2_CH4____20180503T194000_20180503T212328_02872,Microsoft PC
2018-05-03T20:31:46+00:00,38.57,-121.878,Field-A,1819.8819580078125,1820.2325439453125,0.46080574302296784,39.72604492401908,0.23135754407413436,S5P_L2_CH4____20180503T194000_20180503T212328_02872,Microsoft PC
2018-05-03T20:31:46+00:00,38.570100000000004,-121.878,Field-B,1819.8819580078125,1819.6962890625,0.12171991802753902,17.55134079523036,0.3136570701576476,S5P_L2_CH4____20180503T194000_20180503T212328_02872,Microsoft PC
2018-05-03T20:31:46+00:00,38.5702,-121.878,Field-C,1819.8819580078125,1819.762451171875,0.6721661902317893,20.71175839945576,0.12174908999143644,S5P_L2_CH4____20180503T194000_20180503T212328_02872,Microsoft PC
2018-05-03T20:31:46+00:00,38.5703,-121.878,Field-D,1819.8819580078125,1819.6553955078125,0.12260503505236309,19.82088871105443,0.3650022216056852,S5P_L2_CH4____20180503T194000_20180503T212328_02872,Microsoft PC
2018-05-03T20:31:46+00:00,38.5704,-121.878,Field-A,1819.8819580078125,1819.8272705078125,0.7571708147536068,21.105602537938097,0.12705948840302994,S5P_L2_CH4____20180503T194000_20180503T212328_02872,Microsoft PC
2018-05-03T20:31:46+00:00,38.5705,-121.878,Field-B,1819.8819580078125,1820.06494140625,0.5002058008693591,30.423606335881598,0.2263425394970616,S5P_L2_CH4____20180503T194000_20180503T212328_02872,Microsoft PC
2018-05-03T20:31:46+00:00,38.5706,-121.878,Field-C,1819.8819580078125,1820.2476806640625,0.4042448179162712,39.61072642142058,0.10667801438345265,S5P_L2_CH4____20180503T194000_20180503T212328_02872,Microsoft PC
2018-05-03T20:31:46+00:00,38.5707,-121.878,Field-D,1819.8819580078125,1819.6187744140625,0.7828497712887171,17.210609266439455,0.3292126419227167,S5P_L2_CH4____20180503T194000_20180503T212328_02872,Microsoft PC
2018-05-03T20:31:46+00:00,38.5708,-121.878,Field-A,1819.8819580078125,1820.2406005859375,0.44339703798742025,38.42626077938305,0.1883898508214334,S5P_L2_CH4____20180503T194000_20180503T212328_02872,Microsoft PC
2018-05-03T20:31:46+00:00,38.5709,-121.878,Field-B,1819.8819580078125,1820.0347900390625,0.6077331205801163,27.6344342628712,0.15585419176854293,S5P_L2_CH4____20180503T194000_20180503T212328_02872,Microsoft PC
2018-05-03T20:31:46+00:00,38.571000000000005,-121.878,Field-C,1819.8819580078125,1819.905517578125,0.328657797059873,24.25126165519432,0.33847990133750305,S5P_L2_CH4____20180503T194000_20180503T212328_02872,Microsoft PC
2018-05-03T20:31:46+00:00,38.5711,-121.878,Field-D,1819.8819580078125,1820.0101318359375,0.5510361238201142,30.304247654497836,0.19275668984193317,S5P_L2_CH4____20180503T194000_20180503T212328_02872,Microsoft PC
2018-05-03T20:31:46+00:00,38.571200000000005,-121.878,Field-A,1819.8819580078125,1819.7874755859375,0.22228141621733488,22.169977840259673,0.2221105933640829,S5P_L2_CH4____20180503T194000_20180503T212328_02872,Microsoft PC
2018-05-03T20:31:46+00:00,38.5713,-121.878,Field-B,1819.8819580078125,1819.87353515625,0.77341734631016,21.924401672044453,0.34574941450930896,S5P_L2_CH4____20180503T194000_20180503T212328_02872,Microsoft PC
2018-05-03T20:31:46+00:00,38.571400000000004,-121.878,Field-C,1819.8819580078125,1819.802001953125,0.103030091150149,21.06431304266318,0.27390199692411626,S5P_L2_CH4____20180503T194000_20180503T212328_02872,Microsoft PC
2018-05-03T20:31:46+00:00,38.5715,-121.878,Field-D,1819.8819580078125,1819.5196533203125,0.46616570820003933,13.973497127440995,0.10681204325737718,S5P_L2_CH4____20180503T194000_20180503T212328_02872,Microsoft PC
2018-05-03T20:31:46+00:00,38.571600000000004,-121.878,Field-A,1819.8819580078125,1820.2164306640625,0.1007126227091163,34.79943493686399,0.2175308977799727,S5P_L2_CH4____20180503T194000_20180503T212328_02872,Microsoft PC
2018-05-03T20:31:46+00:00,38.5717,-121.878,Field-B,1819.8819580078125,1820.2847900390625,0.5475328699738046,34.352460486563174,0.3545444855811798,S5P_L2_CH4____20180503T194000_20180503T212328_02872,Microsoft PC
2018-05-03T20:31:46+00:00,38.5718,-121.878,Field-C,1819.8819580078125,1819.66552734375,0.2545670948201775,21.531450287581297,0.25295625014044254,S5P_L2_CH4____20180503T194000_20180503T212328_02872,Microsoft PC
2018-05-03T20:31:46+00:00,38.5719,-121.878,Field-D,1819.8819580078125,1820.149169921875,0.7621475161887526,33.61841303536127,0.19761512137394843,S5P_L2_CH4____20180503T194000_20180503T212328_02872,Microsoft PC
2018-05-03T20:31:46+00:00,38.572,-121.878,Field-A,1819.8819580078125,1819.7093505859375,0.4109840730991374,16.425280744023716,0.3940086182098682,S5P_L2_CH4____20180503T194000_20180503T212328_02872,Microsoft PC
2018-05-03T20:31:46+00:00,38.5721,-121.878,Field-B,1819.8819580078125,1820.134521484375,0.515359178905246,34.602615448311525,0.20361236549196526,S5P_L2_CH4____20180503T194000_20180503T212328_02872,Microsoft PC
2018-05-03T20:31:46+00:00,38.5722,-121.878,Field-C,1819.8819580078125,1819.45654296875,0.5080067373997141,10.314097660473355,0.38224650278126715,S5P_L2_CH4____20180503T194000_20180503T212328_02872,Microsoft PC
2018-05-03T20:31:46+00:00,38.5723,-121.878,Field-D,1819.8819580078125,1820.1934814453125,0.6421359315083117,38.87084998892239,0.13490432816481399,S5P_L2_CH4____20180503T194000_20180503T212328_02872,Microsoft PC
2018-05-03T20:31:46+00:00,38.5724,-121.878,Field-A,1819.8819580078125,1819.6715087890625,0.2627117365686531,18.712588323792758,0.350333269082594,S5P_L2_CH4____20180503T194000_20180503T212328_02872,Microsoft PC
2018-05-03T20:31:46+00:00,38.572500000000005,-121.878,Field-B,1819.8819580078125,1819.9268798828125,0.36559624776583166,26.939025951525412,0.10716856390416063,S5P_L2_CH4____20180503T194000_20180503T212328_02872,Microsoft PC
2018-05-03T20:31:46+00:00,38.5726,-121.878,Field-C,1819.8819580078125,1819.750244140625,0.3454035889373077,22.845172158109676,0.3693407755296829,S5P_L2_CH4____20180503T194000_20180503T212328_02872,Microsoft PC
2018-05-03T20:31:46+00:00,38.572700000000005,-121.878,Field-D,1819.8819580078125,1820.1483154296875,0.7980084549570712,34.80113848648269,0.26410271014317754,S5P_L2_CH4____20180503T194000_20180503T212328_02872,Microsoft PC
2018-05-03T20:31:46+00:00,38.5728,-121.878,Field-A,1819.8819580078125,1819.7894287109375,0.5204228496318358,21.878313776524994,0.28301633283938377,S5P_L2_CH4____20180503T194000_20180503T212328_02872,Microsoft PC
2018-05-03T20:31:46+00:00,38.572900000000004,-121.878,Field-B,1819.8819580078125,1819.59423828125,0.5914814974842931,18.038466804316695,0.18216897501883358,S5P_L2_CH4____20180503T194000_20180503T212328_02872,Microsoft PC
2018-05-03T20:31:46+00:00,38.573,-121.878,Field-C,1819.8819580078125,1819.476806640625,0.6092047621906359,11.366468502146471,0.28330443081706247,S5P_L2_CH4____20180503T194000_20180503T212328_02872,Microsoft PC
2018-05-03T20:31:46+00:00,38.573100000000004,-121.878,Field-D,1819.8819580078125,1820.0855712890625,0.10066893090984018,29.922561762390803,0.35231523945562937,S5P_L2_CH4____20180503T194000_20180503T212328_02872,Microsoft PC
2018-05-03T20:31:46+00:00,38.5732,-121.878,Field-A,1819.8819580078125,1819.917236328125,0.7040307344630313,29.64789600298275,0.23310445295781282,S5P_L2_CH4____20180503T194000_20180503T212328_02872,Microsoft PC
2018-05-03T20:31:46+00:00,38.5733,-121.878,Field-B,1819.8819580078125,1820.0,0.7918725643080935,26.522642140680965,0.2866620445432647,S5P_L2_CH4____20180503T194000_20180503T212328_02872,Microsoft PC
2018-05-03T20:31:46+00:00,38.5734,-121.878,Field-C,1819.8819580078125,1820.2520751953125,0.42858248276193833,38.65525834545837,0.15587995226024398,S5P_L2_CH4____20180503T194000_20180503T212328_02872,Microsoft PC
2018-05-03T20:31:46+00:00,38.5735,-121.878,Field-D,1819.8819580078125,1819.777099609375,0.3206137507232327,21.915689811954717,0.25291962248863675,S5P_L2_CH4____20180503T194000_20180503T212328_02872,Microsoft PC
2018-05-02T20:50:44+00:00,38.548,-121.878,Field-A,1815.191650390625,1815.3203125,0.5205879046513558,26.809339523195664,0.13793664707443923,S5P_L2_CH4____20180502T195858_20180502T214226_02858,Microsoft PC
2018-05-02T20:50:44+00:00,38.548100000000005,-121.878,Field-B,1815.191650390625,1815.2872314453125,0.6576595467672323,26.93536082397803,0.1482027210749725,S5P_L2_CH4____20180502T195858_20180502T214226_02858,Microsoft PC
2018-05-02T20:50:44+00:00,38.5482,-121.878,Field-C,1815.191650390625,1815.3123779296875,0.7169116743540624,26.9537955494783,0.32814420282599766,S5P_L2_CH4____20180502T195858_20180502T214226_02858,Microsoft PC
2018-05-02T20:50:44+00:00,38.548300000000005,-121.878,Field-D,1815.191650390625,1815.412353515625,0.30008693984418117,29.43397827568183,0.302456033532468,S5P_L2_CH4____20180502T195858_20180502T214226_02858,Microsoft PC
2018-05-02T20:50:44+00:00,38.5484,-121.878,Field-A,1815.191650390625,1815.6243896484375,0.1914792417181409,33.13900408927378,0.22973632052006987,S5P_L2_CH4____20180502T195858_20180502T214226_02858,Microsoft PC
2018-05-02T20:50:44+00:00,38.548500000000004,-121.878,Field-B,1815.191650390625,1814.731689453125,0.43480849792858967,15.681693109486208,0.35384789020943286,S5P_L2_CH4____20180502T195858_20180502T214226_02858,Microsoft PC
2018-05-02T20:50:44+00:00,38.5486,-121.878,Field-C,1815.191650390625,1815.602294921875,0.7084723606233768,32.85942684776534,0.3261051558036341,S5P_L2_CH4____20180502T195858_20180502T214226_02858,Microsoft PC
2018-05-02T20:50:44+00:00,38.548700000000004,-121.878,Field-D,1815.191650390625,1815.6986083984375,0.343491413960871,34.48276543445215,0.19876867941125365,S5P_L2_CH4____20180502T195858_20180502T214226_02858,Microsoft PC
2018-05-02T20:50:44+00:00,38.5488,-121.878,Field-A,1815.191650390625,1814.7122802734375,0.5502318736763444,14.131573633412922,0.2977448914890016,S5P_L2_CH4____20180502T195858_20180502T214226_02858,Microsoft PC
2018-05-02T20:50:44+00:00,38.5489,-121.878,Field-B,1815.191650390625,1814.960205078125,0.4337941437064039,20.030240950794102,0.20947380613886146,S5P_L2_CH4____20180502T195858_20180502T214226_02858,Microsoft PC
2018-05-02T20:50:44+00:00,38.549,-121.878,Field-C,1815.191650390625,1815.7027587890625,0.32129854385515255,34.607985504654394,0.23547509156415727,S5P_L2_CH4____20180502T195858_20180502T214226_02858,Microsoft PC
2018-05-02T20:50:44+00:00,38.5491,-121.878,Field-D,1815.191650390625,1814.65625,0.11647784858135934,13.19081107762399,0.11791672070496764,S5P_L2_CH4____20180502T195858_20180502T214226_02858,Microsoft PC
2018-05-02T20:50:44+00:00,38.5492,-121.878,Field-A,1815.191650390625,1814.7083740234375,0.3207147454966747,14.723646929293878,0.2429698563600952,S5P_L2_CH4____20180502T195858_20180502T214226_02858,Microsoft PC
2018-05-02T20:50:44+00:00,38.5493,-121.878,Field-B,1815.191650390625,1814.836181640625,0.33763521548418957,17.761918877981273,0.38581408618142843,S5P_L2_CH4____20180502T195858_20180502T214226_02858,Microsoft PC
2018-05-02T20:50:44+00:00,38.5494,-121.878,Field-C,1815.191650390625,1815.5489501953125,0.4886602484630853,31.69707034354679,0.24752248785011338,S5P_L2_CH4____20180502T195858_20180502T214226_02858,Microsoft PC
2018-05-02T20:50:44+00:00,38.5495,-121.878,Field-D,1815.191650390625,1815.1815185546875,0.3264954562275221,24.669710786642362,0.1631081099496458,S5P_L2_CH4____20180502T195858_20180502T214226_02858,Microsoft PC
2018-05-02T20:50:44+00:00,38.549600000000005,-121.878,Field-A,1815.191650390625,1814.82958984375,0.5193527473469899,17.537165099274354,0.23386337781734767,S5P_L2_CH4____20180502T195858_20180502T214226_02858,Microsoft PC
2018-05-02T20:50:44+00:00,38.5497,-121.878,Field-B,1815.191650390625,1815.317138671875,0.24882952498846073,27.91568689245278,0.3270729217586636,S5P_L2_CH4____20180502T195858_20180502T214226_02858,Microsoft PC
2018-05-02T20:50:44+00:00,38.549800000000005,-121.878,Field-C,1815.191650390625,1815.4188232421875,0.6936646845902312,29.253415257934368,0.15918837081224835,S5P_L2_CH4____20180502T195858_20180502T214226_02858,Microsoft PC
2018-05-02T20:50:44+00:00,38.5499,-121.878,Field-D,1815.191650390625,1815.71044921875,0.7823982224527914,36.41220709501749,0.29422118668327735,S5P_L2_CH4____20180502T195858_20180502T214226_02858,Microsoft PC
2018-05-02T20:50:44+00:00,38.550000000000004,-121.878,Field-A,1815.191650390625,1814.9056396484375,0.3433878907289941,19.217177066950413,0.37930450802236915,S5P_L2_CH4____20180502T195858_20180502T214226_02858,Microsoft PC
2018-05-02T20:50:44+00:00,38.5501,-121.878,Field-B,1815.191650390625,1814.677978515625,0.35168581158355794,14.774928683224598,0.22130806324380609,S5P_L2_CH4____20180502T195858_20180502T214226_02858,Microsoft PC
2018-05-02T20:50:44+00:00,38.550200000000004,-121.878,Field-C,1815.191650390625,1815.893310546875,0.25426186171824183,38.92722905062938,0.1529286190105959,S5P_L2_CH4____20180502T195858_20180502T214226_02858,Microsoft PC
2018-05-02T20:50:44+00:00,38.5503,-121.878,Field-D,1815.191650390625,1814.672119140625,0.6437170100074011,13.58858026624614,0.2125725275191369,S5P_L2_CH4____20180502T195858_20180502T214226_02858,Microsoft PC
2018-05-02T20:50:44+00:00,38.5504,-121.878,Field-A,1815.191650390625,1815.0430908203125,0.5469682455929853,21.822998342635167,0.1297238888325084,S5P_L2_CH4____20180502T195858_20180502T214226_02858,Microsoft PC
2018-05-02T20:50:44+00:00,38.5505,-121.878,Field-B,1815.191650390625,1815.095703125,0.11535958904004005,22.704891901134786,0.10200875702175216,S5P_L2_CH4____20180502T195858_20180502T214226_02858,Microsoft PC
2018-05-02T20:50:44+00:00,38.5506,-121.878,Field-C,1815.191650390625,1815.6259765625,0.3595367383752366,34.01752175438873,0.11901585685235844,S5P_L2_CH4____20180502T195858_20180502T214226_02858,Microsoft PC
2018-05-02T20:50:44+00:00,38.5507,-121.878,Field-D,1815.191650390625,1815.8638916015625,0.569864943986232,38.240454084982794,0.3976869721545496,S5P_L2_CH4____20180502T195858_20180502T214226_02858,Microsoft PC
2018-05-02T20:50:44+00:00,38.5508,-121.878,Field-A,1815.191650390625,1814.7906494140625,0.3552180238837883,16.51955255061379,0.1700183193330267,S5P_L2_CH4____20180502T195858_20180502T214226_02858,Microsoft PC
2018-05-02T20:50:44+00:00,38.5509,-121.878,Field-B,1815.191650390625,1815.5689697265625,0.21686362554412875,32.96454762878671,0.36537422123046315,S5P_L2_CH4____20180502T195858_20180502T214226_02858,Microsoft PC
2018-05-02T20:50:44+00:00,38.551,-121.878,Field-C,1815.191650390625,1814.9722900390625,0.23118430412722318,19.823643746905383,0.31329459299715035,S5P_L2_CH4____20180502T195858_20180502T214226_02858,Microsoft PC
2018-05-02T20:50:44+00:00,38.551100000000005,-121.878,Field-D,1815.191650390625,1814.8148193359375,0.6177370627930133,16.968387710137822,0.2901288097380289,S5P_L2_CH4____20180502T195858_20180502T214226_02858,Microsoft PC
2018-05-02T20:50:44+00:00,38.5512,-121.878,Field-A,1815.191650390625,1814.691650390625,0.7203613893257997,14.800163774967105,0.14677249359830102,S5P_L2_CH4____20180502T195858_20180502T214226_02858,Microsoft PC
2018-05-02T20:50:44+00:00,38.551300000000005,-121.878,Field-B,1815.191650390625,1814.75048828125,0.7958791344749744,15.678297326812896,0.12297001756182517,S5P_L2_CH4____20180502T195858_20180502T214226_02858,Microsoft PC
2018-05-02T20:50:44+00:00,38.5514,-121.878,Field-C,1815.191650390625,1814.8646240234375,0.7288245825084526,17.970545775268512,0.11248784210366775,S5P_L2_CH4____20180502T195858_20180502T214226_02858,Microsoft PC
2018-05-02T20:50:44+00:00,38.551500000000004,-121.878,Field-D,1815.191650390625,1815.4605712890625,0.6204062667589075,30.03664530407912,0.3214039495412402,S5P_L2_CH4____20180502T195858_20180502T214226_02858,Microsoft PC
2018-05-02T20:50:44+00:00,38.5516,-121.878,Field-A,1815.191650390625,1815.9454345703125,0.24607140430199448,39.729196094375126,0.12082422323407963,S5P_L2_CH4____20180502T195858_20180502T214226_02858,Microsoft PC
2018-05-02T20:50:44+00:00,38.551700000000004,-121.878,Field-B,1815.191650390625,1814.67138671875,0.5115267555510068,13.596174709309416,0.11556129945764877,S5P_L2_CH4____20180502T195858_20180502T214226_02858,Microsoft PC
2018-05-02T20:50:44+00:00,38.5518,-121.878,Field-C,1815.191650390625,1814.85595703125,0.5457357781836923,18.136804352570103,0.15237478869112284,S5P_L2_CH4____20180502T195858_20180502T214226_02858,Microsoft PC
2018-05-02T20:50:44+00:00,38.5519,-121.878,Field-D,1815.191650390625,1814.6571044921875,0.5414486745229902,14.426522543163115,0.29101460211317326,S5P_L2_CH4____20180502T195858_20180502T214226_02858,Microsoft PC
2018-05-02T20:50:44+00:00,38.552,-121.878,Field-A,1815.191650390625,1814.625732421875,0.740292911840267,12.804715261918401,0.2084262264145546,S5P_L2_CH4____20180502T195858_20180502T214226_02858,Microsoft PC
2018-05-02T20:50:44+00:00,38.5521,-121.878,Field-B,1815.191650390625,1815.1802978515625,0.6575754262301471,24.73786086819659,0.33312668034586196,S5P_L2_CH4____20180502T195858_20180502T214226_02858,Microsoft PC
2018-05-02T20:50:44+00:00,38.5522,-121.878,Field-C,1815.191650390625,1815.157958984375,0.32243684182337173,24.27153622829221,0.3236463963024543,S5P_L2_CH4____20180502T195858_20180502T214226_02858,Microsoft PC
2018-05-02T20:50:44+00:00,38.5523,-121.878,Field-D,1815.191650390625,1814.724853515625,0.7978425867314101,13.108660554251465,0.24986007695074028,S5P_L2_CH4____20180502T195858_20180502T214226_02858,Microsoft PC
2018-05-02T20:50:44+00:00,38.5524,-121.878,Field-A,1815.191650390625,1815.9517822265625,0.4125558826495406,39.95469146745283,0.3346920434813391,S5P_L2_CH4____20180502T195858_20180502T214226_02858,Microsoft PC
2018-05-02T20:50:44+00:00,38.5525,-121.878,Field-B,1815.191650390625,1814.7049560546875,0.7762758731563759,14.981390928970427,0.24843042534538115,S5P_L2_CH4____20180502T195858_20180502T214226_02858,Microsoft PC
2018-05-02T20:50:44+00:00,38.552600000000005,-121.878,Field-C,1815.191650390625,1814.54833984375,0.40466401982234856,11.277277823599265,0.11122084598275661,S5P_L2_CH4____20180502T195858_20180502T214226_02858,Microsoft PC
2018-05-02T20:50:44+00:00,38.5527,-121.878,Field-D,1815.191650390625,1815.8505859375,0.5867792552324064,37.67594465639074,0.191931581349565,S5P_L2_CH4____20180502T195858_20180502T214226_02858,Microsoft PC
2018-05-02T20:50:44+00:00,38.552800000000005,-121.878,Field-A,1815.191650390625,1815.8935546875,0.6212361090642325,38.57422993056109,0.2940913751397479,S5P_L2_CH4____20180502T195858_20180502T214226_02858,Microsoft PC
2018-05-02T20:50:44+00:00,38.5529,-121.878,Field-B,1815.191650390625,1815.4134521484375,0.1470551807864059,28.46263043783112,0.1853306180820089,S5P_L2_CH4____20180502T195858_20180502T214226_02858,Microsoft PC
2018-05-02T20:50:44+00:00,38.553000000000004,-121.878,Field-C,1815.191650390625,1815.1597900390625,0.7764560040067977,23.878986390158808,0.3781323816824457,S5P_L2_CH4____20180502T195858_20180502T214226_02858,Microsoft PC
2018-05-02T20:50:44+00:00,38.5531,-121.878,Field-D,1815.191650390625,1815.6221923828125,0.1677958225090275,34.03134763869686,0.20299047574343582,S5P_L2_CH4____20180502T195858_20180502T214226_02858,Microsoft PC
2018-05-02T20:50:44+00:00,38.553200000000004,-121.878,Field-A,1815.191650390625,1814.76123046875,0.18986959076968823,16.952524900931905,0.2697497566420746,S5P_L2_CH4____20180502T195858_20180502T214226_02858,Microsoft PC
2018-05-02T20:50:44+00:00,38.5533,-121.878,Field-B,1815.191650390625,1815.15234375,0.5768350334877909,25.02636375935002,0.1178784851736803,S5P_L2_CH4____20180502T195858_20180502T214226_02858,Microsoft PC
2018-05-02T20:50:44+00:00,38.5534,-121.878,Field-C,1815.191650390625,1815.8511962890625,0.2619238792959421,38.3775529360839,0.13551116533449237,S5P_L2_CH4____20180502T195858_20180502T214226_02858,Microsoft PC
2018-05-02T20:50:44+00:00,38.5535,-121.878,Field-D,1815.191650390625,1815.685791015625,0.12722529855409587,35.61364868044175,0.1589781574555875,S5P_L2_CH4____20180502T195858_20180502T214226_02858,Microsoft PC
2018-05-02T20:50:44+00:00,38.5536,-121.878,Field-A,1815.191650390625,1815.5150146484375,0.7705517472152249,31.191400635381733,0.2726812637954237,S5P_L2_CH4____20180502T195858_20180502T214226_02858,Microsoft PC
2018-05-02T20:50:44+00:00,38.5537,-121.878,Field-B,1815.191650390625,1815.8248291015625,0.16287550444043528,38.633784530462876,0.39090736227281864,S5P_L2_CH4____20180502T195858_20180502T214226_02858,Microsoft PC
2018-05-02T20:50:44+00:00,38.5538,-121.878,Field-C,1815.191650390625,1815.1097412109375,0.5539814915090769,23.509221500137357,0.34089624255412254,S5P_L2_CH4____20180502T195858_20180502T214226_02858,Microsoft PC
2018-05-02T20:50:44+00:00,38.5539,-121.878,Field-D,1815.191650390625,1814.6754150390625,0.349049462732384,14.163553186098543,0.19294879063976678,S5P_L2_CH4____20180502T195858_20180502T214226_02858,Microsoft PC
2018-05-02T20:50:44+00:00,38.554,-121.878,Field-A,1815.191650390625,1815.02783203125,0.1068918846732963,20.833978043121547,0.233513555878973,S5P_L2_CH4____20180502T195858_20180502T214226_02858,Microsoft PC
2018-05-02T20:50:44+00:00,38.554100000000005,-121.878,Field-B,1815.191650390625,1814.697021484375,0.7546951582082245,14.643400745577244,0.19753150311477408,S5P_L2_CH4____20180502T195858_20180502T214226_02858,Microsoft PC
2018-05-02T20:50:44+00:00,38.5542,-121.878,Field-C,1815.191650390625,1814.97412109375,0.6832815969517329,20.224681400835387,0.17380576000377485,S5P_L2_CH4____20180502T195858_20180502T214226_02858,Microsoft PC
2018-05-02T20:50:44+00:00,38.554300000000005,-121.878,Field-D,1815.191650390625,1814.9267578125,0.6576905738606005,19.344170476578086,0.3667658652111445,S5P_L2_CH4____20180502T195858_20180502T214226_02858,Microsoft PC
2018-05-02T20:50:44+00:00,38.5544,-121.878,Field-A,1815.191650390625,1815.165771484375,0.24892397114896067,24.488342370747915,0.2953660014049167,S5P_L2_CH4____20180502T195858_20180502T214226_02858,Microsoft PC
2018-05-02T20:50:44+00:00,38.554500000000004,-121.878,Field-B,1815.191650390625,1814.720703125,0.5603372082169451,15.940912669643232,0.3878020499508986,S5P_L2_CH4____20180502T195858_20180502T214226_02858,Microsoft PC
2018-05-02T20:50:44+00:00,38.5546,-121.878,Field-C,1815.191650390625,1814.6943359375,0.6888581168632573,14.441557312837972,0.1848157567095578,S5P_L2_CH4____20180502T195858_20180502T214226_02858,Microsoft PC
2018-05-02T20:50:44+00:00,38.554700000000004,-121.878,Field-D,1815.191650390625,1815.3453369140625,0.49843554452282124,27.52360065760299,0.1501503717992701,S5P_L2_CH4____20180502T195858_20180502T214226_02858,Microsoft PC
2018-05-02T20:50:44+00:00,38.5548,-121.878,Field-A,1815.191650390625,1815.1314697265625,0.36440872065846186,23.827134123838245,0.34675011585027654,S5P_L2_CH4____20180502T195858_20180502T214226_02858,Microsoft PC
2018-05-02T20:50:44+00:00,38.5549,-121.878,Field-B,1815.191650390625,1815.296142578125,0.7837092467179909,27.75168744594043,0.2542606753923947,S5P_L2_CH4____20180502T195858_20180502T214226_02858,Microsoft PC
2018-05-02T20:50:44+00:00,38.555,-121.878,Field-C,1815.191650390625,1815.0888671875,0.7628364841370215,22.318017946573857,0.10651331412795076,S5P_L2_CH4____20180502T195858_20180502T214226_02858,Microsoft PC
2018-05-02T20:50:44+00:00,38.5551,-121.878,Field-D,1815.191650390625,1815.344482421875,0.6112321653579149,27.837177048911848,0.2001842806264003,S5P_L2_CH4____20180502T195858_20180502T214226_02858,Microsoft PC
2018-05-02T20:50:44+00:00,38.5552,-121.878,Field-A,1815.191650390625,1814.709716796875,0.7289592601529732,14.976073965832391,0.1812868554920749,S5P_L2_CH4____20180502T195858_20180502T214226_02858,Microsoft PC
2018-05-02T20:50:44+00:00,38.5553,-121.878,Field-B,1815.191650390625,1814.9349365234375,0.20726750736236343,20.726995294416866,0.32285357253071423,S5P_L2_CH4____20180502T195858_20180502T214226_02858,Microsoft PC
2018-05-02T20:50:44+00:00,38.5554,-121.878,Field-C,1815.191650390625,1815.529052734375,0.59407692714512,31.27071394585225,0.38915438699800964,S5P_L2_CH4____20180502T195858_20180502T214226_02858,Microsoft PC
2018-05-02T20:50:44+00:00,38.5555,-121.878,Field-D,1815.191650390625,1814.88134765625,0.5666494587639506,18.6501027552333,0.22015027929970898,S5P_L2_CH4____20180502T195858_20180502T214226_02858,Microsoft PC
2018-05-02T20:50:44+00:00,38.5556,-121.878,Field-A,1815.191650390625,1815.15869140625,0.7437441771110577,24.65791855182122,0.2699594145155526,S5P_L2_CH4____20180502T195858_20180502T214226_02858,Microsoft PC
2018-05-02T20:50:44+00:00,38.5557,-121.878,Field-B,1815.191650390625,1815.2183837890625,0.3899179593964518,26.01174637217097,0.11945512975260979,S5P_L2_CH4____20180502T195858_20180502T214226_02858,Microsoft PC
2018-05-02T20:50:44+00:00,38.555800000000005,-121.878,Field-C,1815.191650390625,1814.82958984375,0.1662606321968696,16.316927734427697,0.2272511825773446,S5P_L2_CH4____20180502T195858_20180502T214226_02858,Microsoft PC
2018-05-02T20:50:44+00:00,38.5559,-121.878,Field-D,1815.191650390625,1814.8807373046875,0.4160616005867246,18.116687682922848,0.16041535948059435,S5P_L2_CH4____20180502T195858_20180502T214226_02858,Microsoft PC
2018-05-02T20:50:44+00:00,38.556000000000004,-121.878,Field-A,1815.191650390625,1815.864501953125,0.13729971060601312,38.36265331099496,0.3749370297575152,S5P_L2_CH4____20180502T195858_20180502T214226_02858,Microsoft PC
2018-05-02T20:50:44+00:00,38.5561,-121.878,Field-B,1815.191650390625,1815.690185546875,0.15287077085439443,34.82166395946772,0.19605138438638964,S5P_L2_CH4____20180502T195858_20180502T214226_02858,Microsoft PC
2018-05-02T20:50:44+00:00,38.556200000000004,-121.878,Field-C,1815.191650390625,1814.90673828125,0.1915147844379565,18.963251170352926,0.17232332887878132,S5P_L2_CH4____20180502T195858_20180502T214226_02858,Microsoft PC
2018-05-02T20:50:44+00:00,38.5563,-121.878,Field-D,1815.191650390625,1815.8153076171875,0.3089539845032866,37.0834629116976,0.12751840891354263,S5P_L2_CH4____20180502T195858_20180502T214226_02858,Microsoft PC
2018-05-02T20:50:44+00:00,38.556400000000004,-121.878,Field-A,1815.191650390625,1814.738037109375,0.11280783418055719,16.318062541566984,0.3403180024925352,S5P_L2_CH4____20180502T195858_20180502T214226_02858,Microsoft PC
2018-05-02T20:50:44+00:00,38.5565,-121.878,Field-B,1815.191650390625,1815.5374755859375,0.15201521685581987,31.900502530785378,0.2948063103838668,S5P_L2_CH4____20180502T195858_20180502T214226_02858,Microsoft PC
2018-05-02T20:50:44+00:00,38.5566,-121.878,Field-C,1815.191650390625,1814.7493896484375,0.12771909947915783,15.780191202063701,0.20386293031686323,S5P_L2_CH4____20180502T195858_20180502T214226_02858,Microsoft PC
2018-05-02T20:50:44+00:00,38.5567,-121.878,Field-D,1815.191650390625,1814.64501953125,0.6567003267903533,13.445876382051715,0.3683394874645707,S5P_L2_CH4____20180502T195858_20180502T214226_02858,Microsoft PC
2018-05-02T20:50:44+00:00,38.5568,-121.878,Field-A,1815.191650390625,1815.796875,0.6105203450796606,37.823090975527634,0.3228859176472757,S5P_L2_CH4____20180502T195858_20180502T214226_02858,Microsoft PC
2018-05-02T20:50:44+00:00,38.5569,-121.878,Field-B,1815.191650390625,1815.60888671875,0.2744409061259838,33.883570378058224,0.304056030331972,S5P_L2_CH4____20180502T195858_20180502T214226_02858,Microsoft PC
2018-05-02T20:50:44+00:00,38.557,-121.878,Field-C,1815.191650390625,1815.746826171875,0.770433999820298,35.879260540223584,0.33662476385830603,S5P_L2_CH4____20180502T195858_20180502T214226_02858,Microsoft PC
2018-05-02T20:50:44+00:00,38.5571,-121.878,Field-D,1815.191650390625,1815.552490234375,0.2597159958265049,32.27519272670452,0.2684415034846933,S5P_L2_CH4____20180502T195858_20180502T214226_02858,Microsoft PC
2018-05-02T20:50:44+00:00,38.5572,-121.878,Field-A,1815.191650390625,1814.679443359375,0.27919884873607076,14.126009886503178,0.3658849044486582,S5P_L2_CH4____20180502T195858_20180502T214226_02858,Microsoft PC
2018-05-02T20:50:44+00:00,38.557300000000005,-121.878,Field-B,1815.191650390625,1814.58056640625,0.6189213816505278,12.623156093095243,0.3647570585833385,S5P_L2_CH4____20180502T195858_20180502T214226_02858,Microsoft PC
2018-05-02T20:50:44+00:00,38.5574,-121.878,Field-C,1815.191650390625,1815.087158203125,0.18599354576231614,23.512853329534316,0.3561999186510274,S5P_L2_CH4____20180502T195858_20180502T214226_02858,Microsoft PC
2018-05-02T20:50:44+00:00,38.557500000000005,-121.878,Field-D,1815.191650390625,1814.76025390625,0.6573078740016332,16.741351597803316,0.27020751463845927,S5P_L2_CH4____20180502T195858_20180502T214226_02858,Microsoft PC
2018-05-02T20:50:44+00:00,38.5576,-121.878,Field-A,1815.191650390625,1815.5758056640625,0.1452579139574378,32.30115849983845,0.3528105161081878,S5P_L2_CH4____20180502T195858_20180502T214226_02858,Microsoft PC
2018-05-02T20:50:44+00:00,38.557700000000004,-121.878,Field-B,1815.191650390625,1815.74072265625,0.7070575293032442,35.127625291364396,0.2698918704588398,S5P_L2_CH4____20180502T195858_20180502T214226_02858,Microsoft PC
2018-05-02T20:50:44+00:00,38.5578,-121.878,Field-C,1815.191650390625,1814.6231689453125,0.2909803235693582,13.020492917486727,0.3084142310671775,S5P_L2_CH4____20180502T195858_20180502T214226_02858,Microsoft PC
2018-05-02T20:50:44+00:00,38.557900000000004,-121.878,Field-D,1815.191650390625,1815.1302490234375,0.606974784695524,24.17095249586393,0.3621405759040258,S5P_L2_CH4____20180502T195858_20180502T214226_02858,Microsoft PC
2018-05-02T20:50:44+00:00,38.558,-121.878,Field-A,1815.191650390625,1815.1080322265625,0.48253903408700816,23.143884280337552,0.28567389224668027,S5P_L2_CH4____20180502T195858_20180502T214226_02858,Microsoft PC
2018-05-02T20:50:44+00:00,38.5581,-121.878,Field-B,1815.191650390625,1815.6580810546875,0.6166696081022345,34.14140679086557,0.33818496270512377,S5P_L2_CH4____20180502T195858_20180502T214226_02858,Microsoft PC
2018-05-02T20:50:44+00:00,38.5582,-121.878,Field-C,1815.191650390625,1815.0753173828125,0.49697019605618853,23.131823879774473,0.3323956306012763,S5P_L2_CH4____20180502T195858_20180502T214226_02858,Microsoft PC
2018-05-02T20:50:44+00:00,38.5583,-121.878,Field-D,1815.191650390625,1814.9896240234375,0.2974528557960967,21.067009717717262,0.3598555090937826,S5P_L2_CH4____20180502T195858_20180502T214226_02858,Microsoft PC
2018-05-02T20:50:44+00:00,38.5584,-121.878,Field-A,1815.191650390625,1815.771728515625,0.3367579276888265,36.32031704374195,0.10609589222882196,S5P_L2_CH4____20180502T195858_20180502T214226_02858,Microsoft PC
2018-05-02T20:50:44+00:00,38.5585,-121.878,Field-B,1815.191650390625,1814.8984375,0.3625718873246131,15.536840095924262,0.39055299232353025,S5P_L2_CH4____20180502T195858_20180502T214226_02858,Microsoft PC
2018-05-02T20:50:44+00:00,38.5586,-121.878,Field-C,1815.191650390625,1815.7880859375,0.18640170399996409,36.93589075519998,0.12400956721877304,S5P_L2_CH4____20180502T195858_20180502T214226_02858,Microsoft PC
2018-05-02T20:50:44+00:00,38.5587,-121.878,Field-D,1815.191650390625,1814.6173095703125,0.2619095070447354,12.822603813389218,0.2948649615056877,S5P_L2_CH4____20180502T195858_20180502T214226_02858,Microsoft PC
2018-05-02T20:50:44+00:00,38.558800000000005,-121.878,Field-A,1815.191650390625,1814.9105224609375,0.2235787546960041,18.569598950320888,0.15745837085326014,S5P_L2_CH4____20180502T195858_20180502T214226_02858,Microsoft PC
2018-05-02T20:50:44+00:00,38.5589,-121.878,Field-B,1815.191650390625,1815.3577880859375,0.13576758831000904,29.407906980258904,0.23521543330184286,S5P_L2_CH4____20180502T195858_20180502T214226_02858,Microsoft PC
2018-05-02T20:50:44+00:00,38.559000000000005,-121.878,Field-C,1815.191650390625,1814.5830078125,0.4624126809298874,11.47882794716746,0.14618281145883893,S5P_L2_CH4____20180502T195858_20180502T214226_02858,Microsoft PC
2018-05-02T20:50:44+00:00,38.5591,-121.878,Field-D,1815.191650390625,1815.7816162109375,0.2526925701800696,37.04775206156778,0.18702793948913743,S5P_L2_CH4____20180502T195858_20180502T214226_02858,Microsoft PC
2018-05-02T20:50:44+00:00,38.559200000000004,-121.878,Field-A,1815.191650390625,1814.7337646484375,0.5431009544603934,14.991462522006302,0.29434822246038805,S5P_L2_CH4____20180502T195858_20180502T214226_02858,Microsoft PC
2018-05-02T20:50:44+00:00,38.5593,-121.878,Field-B,1815.191650390625,1815.422607421875,0.738202320123072,29.567967716681345,0.27738786040399366,S5P_L2_CH4____20180502T195858_20180502T214226_02858,Microsoft PC
2018-05-02T20:50:44+00:00,38.559400000000004,-121.878,Field-C,1815.191650390625,1814.80126953125,0.7372088216419417,17.750961216059515,0.23658302024175376,S5P_L2_CH4____20180502T195858_20180502T214226_02858,Microsoft PC
2018-05-02T20:50:44+00:00,38.5595,-121.878,Field-D,1815.191650390625,1814.574951171875,0.6249255537904712,12.352641927046323,0.36787230478301525,S5P_L2_CH4____20180502T195858_20180502T214226_02858,Microsoft PC
2018-05-02T20:50:44+00:00,38.5596,-121.878,Field-A,1815.191650390625,1814.7933349609375,0.7674617924406367,16.23486976028094,0.1812826507529649,S5P_L2_CH4____20180502T195858_20180502T214226_02858,Microsoft PC
2018-05-02T20:50:44+00:00,38.5597,-121.878,Field-B,1815.191650390625,1815.430908203125,0.41793741806883833,29.508951470791605,0.11749488948737619,S5P_L2_CH4____20180502T195858_20180502T214226_02858,Microsoft PC
2018-05-02T20:50:44+00:00,38.5598,-121.878,Field-C,1815.191650390625,1815.745361328125,0.761757817258652,36.92836056923049,0.31203707262791813,S5P_L2_CH4____20180502T195858_20180502T214226_02858,Microsoft PC
2018-05-02T20:50:44+00:00,38.5599,-121.878,Field-D,1815.191650390625,1815.4173583984375,0.6709601753529788,29.24697394859447,0.17988650724848781,S5P_L2_CH4____20180502T195858_20180502T214226_02858,Microsoft PC
2018-05-02T20:50:44+00:00,38.56,-121.878,Field-A,1815.191650390625,1815.5167236328125,0.22104840784862126,32.610023873784016,0.3707574120764525,S5P_L2_CH4____20180502T195858_20180502T214226_02858,Microsoft PC
2018-05-02T20:50:44+00:00,38.5601,-121.878,Field-B,1815.191650390625,1814.755859375,0.2816096148774675,13.526362907596226,0.3021578860681253,S5P_L2_CH4____20180502T195858_20180502T214226_02858,Microsoft PC
2018-05-02T20:50:44+00:00,38.5602,-121.878,Field-C,1815.191650390625,1814.9586181640625,0.7967947701517721,21.2428158902839,0.2471627416544568,S5P_L2_CH4____20180502T195858_20180502T214226_02858,Microsoft PC
2018-05-02T20:50:44+00:00,38.560300000000005,-121.878,Field-D,1815.191650390625,1815.5511474609375,0.5759322776016649,32.88841239075185,0.3816377023838232,S5P_L2_CH4____20180502T195858_20180502T214226_02858,Microsoft PC
2018-05-02T20:50:44+00:00,38.5604,-121.878,Field-A,1815.191650390625,1814.6055908203125,0.6403360258956149,11.34148941793448,0.14506016038662103,S5P_L2_CH4____20180502T195858_20180502T214226_02858,Microsoft PC
2018-05-02T20:50:44+00:00,38.560500000000005,-121.878,Field-B,1815.191650390625,1815.3653564453125,0.7714397789926911,27.5549629930061,0.19130527314024104,S5P_L2_CH4____20180502T195858_20180502T214226_02858,Microsoft PC
2018-05-02T20:50:44+00:00,38.5606,-121.878,Field-C,1815.191650390625,1815.12890625,0.4928120068690316,23.216151513146123,0.29785422476722057,S5P_L2_CH4____20180502T195858_20180502T214226_02858,Microsoft PC
2018-05-02T20:50:44+00:00,38.560700000000004,-121.878,Field-D,1815.191650390625,1814.895751953125,0.5133031097710277,17.620204417231534,0.11022992080724682,S5P_L2_CH4____20180502T195858_20180502T214226_02858,Microsoft PC
2018-05-02T20:50:44+00:00,38.5608,-121.878,Field-A,1815.191650390625,1814.973876953125,0.5304373985055694,21.31134680844913,0.28109459991330044,S5P_L2_CH4____20180502T195858_20180502T214226_02858,Microsoft PC
2018-05-02T20:50:44+00:00,38.560900000000004,-121.878,Field-B,1815.191650390625,1814.767578125,0.7235343649789994,16.50786847304228,0.3233513285221552,S5P_L2_CH4____20180502T195858_20180502T214226_02858,Microsoft PC
2018-05-02T20:50:44+00:00,38.561,-121.878,Field-C,1815.191650390625,1815.5152587890625,0.3018014884747253,31.235579427614887,0.2841007795192624,S5P_L2_CH4____20180502T195858_20180502T214226_02858,Microsoft PC
2018-05-02T20:50:44+00:00,38.5611,-121.878,Field-D,1815.191650390625,1814.939453125,0.5811599930747721,19.850166917755168,0.29189316380876495,S5P_L2_CH4____20180502T195858_20180502T214226_02858,Microsoft PC
2018-05-02T20:50:44+00:00,38.5612,-121.878,Field-A,1815.191650390625,1814.778076171875,0.2421958499457412,16.127910611131295,0.34995261167256336,S5P_L2_CH4____20180502T195858_20180502T214226_02858,Microsoft PC
2018-05-02T20:50:44+00:00,38.5613,-121.878,Field-B,1815.191650390625,1814.459716796875,0.5493123313629288,10.127623157003232,0.3984405371490026,S5P_L2_CH4____20180502T195858_20180502T214226_02858,Microsoft PC
2018-05-02T20:50:44+00:00,38.5614,-121.878,Field-C,1815.191650390625,1815.2952880859375,0.17221745048964127,27.44390343306794,0.3695582567141116,S5P_L2_CH4____20180502T195858_20180502T214226_02858,Microsoft PC
2018-05-02T20:50:44+00:00,38.5615,-121.878,Field-D,1815.191650390625,1815.2401123046875,0.18251991496071762,26.38967724847423,0.3244676272418813,S5P_L2_CH4____20180502T195858_20180502T214226_02858,Microsoft PC
2018-05-02T20:50:44+00:00,38.5616,-121.878,Field-A,1815.191650390625,1814.9178466796875,0.3168018299717057,19.10966397783779,0.18150161677426652,S5P_L2_CH4____20180502T195858_20180502T214226_02858,Microsoft PC
2018-05-02T20:50:44+00:00,38.5617,-121.878,Field-B,1815.191650390625,1814.595703125,0.2541785629938749,12.780715854234291,0.28066117176830585,S5P_L2_CH4____20180502T195858_20180502T214226_02858,Microsoft PC
2018-05-02T20:50:44+00:00,38.561800000000005,-121.878,Field-C,1815.191650390625,1815.4398193359375,0.5278804532681315,29.58874826846735,0.17552437161656936,S5P_L2_CH4____20180502T195858_20180502T214226_02858,Microsoft PC
2018-05-02T20:50:44+00:00,38.5619,-121.878,Field-D,1815.191650390625,1815.688232421875,0.2196154677593816,35.33255159699159,0.16690803027547352,S5P_L2_CH4____20180502T195858_20180502T214226_02858,Microsoft PC
2018-05-02T20:50:44+00:00,38.562000000000005,-121.878,Field-A,1815.191650390625,1814.74951171875,0.6637419221332841,16.081185847518896,0.3132179453648698,S5P_L2_CH4____20180502T195858_20180502T214226_02858,Microsoft PC
2018-05-02T20:50:44+00:00,38.5621,-121.878,Field-B,1815.191650390625,1815.68310546875,0.23491030118467235,35.47396818351817,0.29785502275465425,S5P_L2_CH4____20180502T195858_20180502T214226_02858,Microsoft PC
2018-05-02T20:50:44+00:00,38.562200000000004,-121.878,Field-C,1815.191650390625,1815.577392578125,0.6689209560851545,32.998861332806854,0.307475307279961,S5P_L2_CH4____20180502T195858_20180502T214226_02858,Microsoft PC
2018-05-02T20:50:44+00:00,38.5623,-121.878,Field-D,1815.191650390625,1815.4405517578125,0.5537857907094952,30.29798071372919,0.10241384250933638,S5P_L2_CH4____20180502T195858_20180502T214226_02858,Microsoft PC
2018-05-02T20:50:44+00:00,38.562400000000004,-121.878,Field-A,1815.191650390625,1815.7449951171875,0.2013580243655741,35.64350779155072,0.2741981081188408,S5P_L2_CH4____20180502T195858_20180502T214226_02858,Microsoft PC
2018-05-02T20:50:44+00:00,38.5625,-121.878,Field-B,1815.191650390625,1815.522216796875,0.19673516716851436,31.540024430009822,0.24667744677443845,S5P_L2_CH4____20180502T195858_20180502T214226_02858,Microsoft PC
2018-05-02T20:50:44+00:00,38.5626,-121.878,Field-C,1815.191650390625,1815.50537109375,0.7127411905705034,30.612988162635766,0.20451766031094407,S5P_L2_CH4____20180502T195858_20180502T214226_02858,Microsoft PC
2018-05-02T20:50:44+00:00,38.5627,-121.878,Field-D,1815.191650390625,1815.5416259765625,0.29785396775910306,31.993534298626617,0.23601443070272568,S5P_L2_CH4____20180502T195858_20180502T214226_02858,Microsoft PC
2018-05-02T20:50:44+00:00,38.5628,-121.878,Field-A,1815.191650390625,1814.756591796875,0.16197245076499234,16.384094009448265,0.11696167363071705,S5P_L2_CH4____20180502T195858_20180502T214226_02858,Microsoft PC
2018-05-02T20:50:44+00:00,38.5629,-121.878,Field-B,1815.191650390625,1814.719970703125,0.23651005415790363,11.566466621195804,0.2940081098498172,S5P_L2_CH4____20180502T195858_20180502T214226_02858,Microsoft PC
2018-05-02T20:50:44+00:00,38.563,-121.878,Field-C,1815.191650390625,1814.9075927734375,0.24551333017914465,18.476859776722918,0.19969683231458396,S5P_L2_CH4____20180502T195858_20180502T214226_02858,Microsoft PC
2018-05-02T20:50:44+00:00,38.5631,-121.878,Field-D,1815.191650390625,1815.4110107421875,0.18778884079489555,28.82756988362163,0.21358850839485677,S5P_L2_CH4____20180502T195858_20180502T214226_02858,Microsoft PC
2018-05-02T20:50:44+00:00,38.5632,-121.878,Field-A,1815.191650390625,1815.58935546875,0.4280065378090706,32.793034141054555,0.22328571492840085,S5P_L2_CH4____20180502T195858_20180502T214226_02858,Microsoft PC
2018-05-02T20:50:44+00:00,38.563300000000005,-121.878,Field-B,1815.191650390625,1815.1492919921875,0.7952518007226121,24.21119708287796,0.12511569159653718,S5P_L2_CH4____20180502T195858_20180502T214226_02858,Microsoft PC
2018-05-02T20:50:44+00:00,38.5634,-121.878,Field-C,1815.191650390625,1815.354248046875,0.12807353092464957,27.691337222372795,0.22162268506733135,S5P_L2_CH4____20180502T195858_20180502T214226_02858,Microsoft PC
2018-05-02T20:50:44+00:00,38.563500000000005,-121.878,Field-D,1815.191650390625,1814.9571533203125,0.6438760306050014,20.565645465461266,0.28973071180211263,S5P_L2_CH4____20180502T195858_20180502T214226_02858,Microsoft PC
2018-05-02T20:50:44+00:00,38.5636,-121.878,Field-A,1815.191650390625,1815.8262939453125,0.11608161484971442,37.958479500733944,0.18123328846542613,S5P_L2_CH4____20180502T195858_20180502T214226_02858,Microsoft PC
2018-05-02T20:50:44+00:00,38.563700000000004,-121.878,Field-B,1815.191650390625,1815.0172119140625,0.2410307239636273,21.174888472924444,0.24090295840153578,S5P_L2_CH4____20180502T195858_20180502T214226_02858,Microsoft PC
2018-05-02T20:50:44+00:00,38.5638,-121.878,Field-C,1815.191650390625,1815.015380859375,0.2422501284280726,21.80912802673587,0.3138487120456621,S5P_L2_CH4____20180502T195858_20180502T214226_02858,Microsoft PC
2018-05-02T20:50:44+00:00,38.563900000000004,-121.878,Field-D,1815.191650390625,1815.347900390625,0.2777332027111509,27.774671967283602,0.34372401344437675,S5P_L2_CH4____20180502T195858_20180502T214226_02858,Microsoft PC
2018-05-02T20:50:44+00:00,38.564,-121.878,Field-A,1815.191650390625,1815.43115234375,0.683018266585673,29.105811757631304,0.19572478051158027,S5P_L2_CH4____20180502T195858_20180502T214226_02858,Microsoft PC
2018-05-02T20:50:44+00:00,38.5641,-121.878,Field-B,1815.191650390625,1815.4501953125,0.527841018439416,29.695177582739095,0.21568846427722077,S5P_L2_CH4____20180502T195858_20180502T214226_02858,Microsoft PC
2018-05-02T20:50:44+00:00,38.5642,-121.878,Field-C,1815.191650390625,1815.392333984375,0.6767088478903536,28.555821406616772,0.1410848540816158,S5P_L2_CH4____20180502T195858_20180502T214226_02858,Microsoft PC
2018-05-02T20:50:44+00:00,38.5643,-121.878,Field-D,1815.191650390625,1815.9239501953125,0.6050153207279284,39.40389562820832,0.19780772986271594,S5P_L2_CH4____20180502T195858_20180502T214226_02858,Microsoft PC
2018-05-02T20:50:44+00:00,38.5644,-121.878,Field-A,1815.191650390625,1814.722900390625,0.7675852303623205,15.349520368348514,0.19253076178170464,S5P_L2_CH4____20180502T195858_20180502T214226_02858,Microsoft PC
2018-05-02T20:50:44+00:00,38.5645,-121.878,Field-B,1815.191650390625,1815.1646728515625,0.742025308920224,25.127017364984425,0.3125454692085064,S5P_L2_CH4____20180502T195858_20180502T214226_02858,Microsoft PC
2018-05-02T20:50:44+00:00,38.5646,-121.878,Field-C,1815.191650390625,1815.8736572265625,0.24375860061278654,38.496019671850966,0.33972190479307995,S5P_L2_CH4____20180502T195858_20180502T214226_02858,Microsoft PC
2018-05-02T20:50:44+00:00,38.5647,-121.878,Field-D,1815.191650390625,1814.968017578125,0.6955547961609804,20.021720474880954,0.17423350472119908,S5P_L2_CH4____20180502T195858_20180502T214226_02858,Microsoft PC
2018-05-02T20:50:44+00:00,38.564800000000005,-121.878,Field-A,1815.191650390625,1815.7025146484375,0.1957044002093145,35.740528228417716,0.2565060989650013,S5P_L2_CH4____20180502T195858_20180502T214226_02858,Microsoft PC
2018-05-02T20:50:44+00:00,38.5649,-121.878,Field-B,1815.191650390625,1815.018310546875,0.66967582938668,21.448157141464765,0.3007137638003179,S5P_L2_CH4____20180502T195858_20180502T214226_02858,Microsoft PC
2018-05-02T20:50:44+00:00,38.565000000000005,-121.878,Field-C,1815.191650390625,1815.41162109375,0.7553649937796093,29.617267472241934,0.3770083434428484,S5P_L2_CH4____20180502T195858_20180502T214226_02858,Microsoft PC
2018-05-02T20:50:44+00:00,38.5651,-121.878,Field-D,1815.191650390625,1815.078857421875,0.10684819891104871,22.02892851776414,0.23512803214520242,S5P_L2_CH4____20180502T195858_20180502T214226_02858,Microsoft PC
2018-05-02T20:50:44+00:00,38.565200000000004,-121.878,Field-A,1815.191650390625,1815.5791015625,0.4849216930566803,32.7270786880912,0.3245111280001062,S5P_L2_CH4____20180502T195858_20180502T214226_02858,Microsoft PC
2018-05-02T20:50:44+00:00,38.5653,-121.878,Field-B,1815.191650390625,1815.1976318359375,0.576808439362265,25.29699465934841,0.2696195731360288,S5P_L2_CH4____20180502T195858_20180502T214226_02858,Microsoft PC
2018-05-02T20:50:44+00:00,38.565400000000004,-121.878,Field-C,1815.191650390625,1815.328369140625,0.2236168870693968,27.367749530476004,0.3717797165005372,S5P_L2_CH4____20180502T195858_20180502T214226_02858,Microsoft PC
2018-05-02T20:50:44+00:00,38.5655,-121.878,Field-D,1815.191650390625,1814.5521240234375,0.38736919568866246,12.370274334000317,0.3956467787676867,S5P_L2_CH4____20180502T195858_20180502T214226_02858,Microsoft PC
2018-05-02T20:50:44+00:00,38.5656,-121.878,Field-A,1815.191650390625,1814.5274658203125,0.63647367499493,11.098122638445112,0.3895533682155029,S5P_L2_CH4____20180502T195858_20180502T214226_02858,Microsoft PC
2018-05-02T20:50:44+00:00,38.5657,-121.878,Field-B,1815.191650390625,1814.6669921875,0.4035996210249345,13.225219941308719,0.11670335203757182,S5P_L2_CH4____20180502T195858_20180502T214226_02858,Microsoft PC
2018-05-02T20:50:44+00:00,38.5658,-121.878,Field-C,1815.191650390625,1814.5352783203125,0.6125255581696094,11.366980283845168,0.22790710382395493,S5P_L2_CH4____20180502T195858_20180502T214226_02858,Microsoft PC
2018-05-02T20:50:44+00:00,38.5659,-121.878,Field-D,1815.191650390625,1814.62744140625,0.5450452282285544,13.258744357070832,0.3997923929506729,S5P_L2_CH4____20180502T195858_20180502T214226_02858,Microsoft PC
2018-05-02T20:50:44+00:00,38.566,-121.878,Field-A,1815.191650390625,1814.59619140625,0.4223707320867863,10.89613953624596,0.2758714704518711,S5P_L2_CH4____20180502T195858_20180502T214226_02858,Microsoft PC
2018-05-02T20:50:44+00:00,38.5661,-121.878,Field-B,1815.191650390625,1815.90869140625,0.11826713679179833,39.36237951735521,0.13003667007665415,S5P_L2_CH4____20180502T195858_20180502T214226_02858,Microsoft PC
2018-05-02T20:50:44+00:00,38.5662,-121.878,Field-C,1815.191650390625,1814.6318359375,0.6696512390110064,11.98694640034098,0.22772580155165079,S5P_L2_CH4____20180502T195858_20180502T214226_02858,Microsoft PC
2018-05-02T20:50:44+00:00,38.566300000000005,-121.878,Field-D,1815.191650390625,1815.7315673828125,0.22211877869781552,35.26851247255395,0.30282428077184353,S5P_L2_CH4____20180502T195858_20180502T214226_02858,Microsoft PC
2018-05-02T20:50:44+00:00,38.5664,-121.878,Field-A,1815.191650390625,1814.5328369140625,0.7671879632589355,10.986928202671631,0.3475984190820805,S5P_L2_CH4____20180502T195858_20180502T214226_02858,Microsoft PC
2018-05-02T20:50:44+00:00,38.566500000000005,-121.878,Field-B,1815.191650390625,1815.626220703125,0.32723681259239956,34.926912535209794,0.36379020248447613,S5P_L2_CH4____20180502T195858_20180502T214226_02858,Microsoft PC
2018-05-02T20:50:44+00:00,38.5666,-121.878,Field-C,1815.191650390625,1815.660888671875,0.6537387520874853,35.07692062020551,0.3946079435950993,S5P_L2_CH4____20180502T195858_20180502T214226_02858,Microsoft PC
2018-05-02T20:50:44+00:00,38.566700000000004,-121.878,Field-D,1815.191650390625,1815.453857421875,0.33294372333418276,29.913226198251582,0.17180934488488514,S5P_L2_CH4____20180502T195858_20180502T214226_02858,Microsoft PC
2018-05-02T20:50:44+00:00,38.5668,-121.878,Field-A,1815.191650390625,1815.638671875,0.3000267814323563,35.15566212567455,0.3263240330682482,S5P_L2_CH4____20180502T195858_20180502T214226_02858,Microsoft PC
2018-05-02T20:50:44+00:00,38.566900000000004,-121.878,Field-B,1815.191650390625,1815.607666015625,0.7998045440906698,34.42761415626974,0.39961223983678873,S5P_L2_CH4____20180502T195858_20180502T214226_02858,Microsoft PC
2018-05-02T20:50:44+00:00,38.567,-121.878,Field-C,1815.191650390625,1815.9312744140625,0.5240705761445176,38.99065703155358,0.13482254570776406,S5P_L2_CH4____20180502T195858_20180502T214226_02858,Microsoft PC
2018-05-02T20:50:44+00:00,38.5671,-121.878,Field-D,1815.191650390625,1815.50634765625,0.6132567028227348,31.101436441252165,0.2423909191059259,S5P_L2_CH4____20180502T195858_20180502T214226_02858,Microsoft PC
2018-05-02T20:50:44+00:00,38.5672,-121.878,Field-A,1815.191650390625,1815.5980224609375,0.17149674914403487,32.35547571057452,0.23479163044025816,S5P_L2_CH4____20180502T195858_20180502T214226_02858,Microsoft PC
2018-05-02T20:50:44+00:00,38.5673,-121.878,Field-B,1815.191650390625,1815.8035888671875,0.7750918326284124,36.98131032211243,0.15580355360961934,S5P_L2_CH4____20180502T195858_20180502T214226_02858,Microsoft PC
2018-05-02T20:50:44+00:00,38.5674,-121.878,Field-C,1815.191650390625,1815.3800048828125,0.5358421136034157,28.829313413304178,0.34330322489850895,S5P_L2_CH4____20180502T195858_20180502T214226_02858,Microsoft PC
2018-05-02T20:50:44+00:00,38.5675,-121.878,Field-D,1815.191650390625,1815.3785400390625,0.5347839413440882,28.900096775764304,0.2514808796930382,S5P_L2_CH4____20180502T195858_20180502T214226_02858,Microsoft PC
2018-05-02T20:50:44+00:00,38.5676,-121.878,Field-A,1815.191650390625,1815.1141357421875,0.3443620861903467,23.196136856066417,0.366659645926387,S5P_L2_CH4____20180502T195858_20180502T214226_02858,Microsoft PC
2018-05-02T20:50:44+00:00,38.5677,-121.878,Field-B,1815.191650390625,1815.33740234375,0.7825614226415636,28.23541727829824,0.250826804283767,S5P_L2_CH4____20180502T195858_20180502T214226_02858,Microsoft PC
2018-05-02T20:50:44+00:00,38.5678,-121.878,Field-C,1815.191650390625,1815.9393310546875,0.48221881160867264,39.13452586510077,0.17098640035520685,S5P_L2_CH4____20180502T195858_20180502T214226_02858,Microsoft PC
2018-05-02T20:50:44+00:00,38.5679,-121.878,Field-D,1815.191650390625,1815.120361328125,0.6299972752728904,23.414288419720574,0.27779423048626173,S5P_L2_CH4____20180502T195858_20180502T214226_02858,Microsoft PC
2018-05-02T20:50:44+00:00,38.568000000000005,-121.878,Field-A,1815.191650390625,1814.9937744140625,0.7568435674960692,21.338915139513073,0.15469492160856604,S5P_L2_CH4____20180502T195858_20180502T214226_02858,Microsoft PC
2018-05-02T20:50:44+00:00,38.5681,-121.878,Field-B,1815.191650390625,1814.8731689453125,0.39093911795815217,18.3636501819786,0.39695176187397596,S5P_L2_CH4____20180502T195858_20180502T214226_02858,Microsoft PC
2018-05-02T20:50:44+00:00,38.568200000000004,-121.878,Field-C,1815.191650390625,1815.3023681640625,0.23364053130712634,28.328809361005142,0.3871733728628597,S5P_L2_CH4____20180502T195858_20180502T214226_02858,Microsoft PC
2018-05-02T20:50:44+00:00,38.5683,-121.878,Field-D,1815.191650390625,1814.920166015625,0.7651440901967749,18.859527594202184,0.3267065889494214,S5P_L2_CH4____20180502T195858_20180502T214226_02858,Microsoft PC
2018-05-02T20:50:44+00:00,38.568400000000004,-121.878,Field-A,1815.191650390625,1815.3245849609375,0.4480281063018763,27.672338718714258,0.19833861078493573,S5P_L2_CH4____20180502T195858_20180502T214226_02858,Microsoft PC
2018-05-02T20:50:44+00:00,38.5685,-121.878,Field-B,1815.191650390625,1815.4293212890625,0.41558181436837816,30.37532640524135,0.18902885007506773,S5P_L2_CH4____20180502T195858_20180502T214226_02858,Microsoft PC
2018-05-02T20:50:44+00:00,38.5686,-121.878,Field-C,1815.191650390625,1814.8038330078125,0.5123005421265947,17.02636813648346,0.33381902016930715,S5P_L2_CH4____20180502T195858_20180502T214226_02858,Microsoft PC
2018-05-02T20:50:44+00:00,38.5687,-121.878,Field-D,1815.191650390625,1815.481201171875,0.4812842990969344,29.878610325507154,0.11403047826398134,S5P_L2_CH4____20180502T195858_20180502T214226_02858,Microsoft PC
2018-05-02T20:50:44+00:00,38.5688,-121.878,Field-A,1815.191650390625,1815.270263671875,0.3321844621008007,26.929509257254114,0.3375522357137708,S5P_L2_CH4____20180502T195858_20180502T214226_02858,Microsoft PC
2018-05-02T20:50:44+00:00,38.5689,-121.878,Field-B,1815.191650390625,1815.019775390625,0.5276099903593428,21.695045714217482,0.358538174934973,S5P_L2_CH4____20180502T195858_20180502T214226_02858,Microsoft PC
2018-05-02T20:50:44+00:00,38.569,-121.878,Field-C,1815.191650390625,1815.1015625,0.3926780754930487,23.398542262655635,0.34518932228306465,S5P_L2_CH4____20180502T195858_20180502T214226_02858,Microsoft PC
2018-05-02T20:50:44+00:00,38.5691,-121.878,Field-D,1815.191650390625,1814.8197021484375,0.3251305883439076,17.063257663829177,0.33796402493017075,S5P_L2_CH4____20180502T195858_20180502T214226_02858,Microsoft PC
2018-05-02T20:50:44+00:00,38.5692,-121.878,Field-A,1815.191650390625,1815.53076171875,0.7977317909720215,31.251757600040026,0.11727809320902266,S5P_L2_CH4____20180502T195858_20180502T214226_02858,Microsoft PC
2018-05-02T20:50:44+00:00,38.5693,-121.878,Field-B,1815.191650390625,1815.1209716796875,0.660079041505701,23.028048633737363,0.10197336987072186,S5P_L2_CH4____20180502T195858_20180502T214226_02858,Microsoft PC
2018-05-02T20:50:44+00:00,38.5694,-121.878,Field-C,1815.191650390625,1815.184814453125,0.35811676383177404,25.162180591287473,0.31979923770342356,S5P_L2_CH4____20180502T195858_20180502T214226_02858,Microsoft PC
2018-05-02T20:50:44+00:00,38.569500000000005,-121.878,Field-D,1815.191650390625,1815.1121826171875,0.4838624429785322,22.699074450766762,0.17996031041347393,S5P_L2_CH4____20180502T195858_20180502T214226_02858,Microsoft PC
2018-05-02T20:50:44+00:00,38.5696,-121.878,Field-A,1815.191650390625,1815.0714111328125,0.5670278445255249,22.77976005581474,0.2136918524848905,S5P_L2_CH4____20180502T195858_20180502T214226_02858,Microsoft PC
2018-05-02T20:50:44+00:00,38.569700000000005,-121.878,Field-B,1815.191650390625,1815.462646484375,0.7693563318341902,31.023169016820273,0.3847187753375465,S5P_L2_CH4____20180502T195858_20180502T214226_02858,Microsoft PC
2018-05-02T20:50:44+00:00,38.5698,-121.878,Field-C,1815.191650390625,1815.1302490234375,0.7810650956931185,23.192258154155624,0.18943437872630647,S5P_L2_CH4____20180502T195858_20180502T214226_02858,Microsoft PC
2018-05-02T20:50:44+00:00,38.569900000000004,-121.878,Field-D,1815.191650390625,1815.71337890625,0.6702028120903251,35.04756668603518,0.12537598159109803,S5P_L2_CH4____20180502T195858_20180502T214226_02858,Microsoft PC
2018-05-02T20:50:44+00:00,38.57,-121.878,Field-A,1815.191650390625,1815.548828125,0.4276851065867239,32.56846891096827,0.2445850822288744,S5P_L2_CH4____20180502T195858_20180502T214226_02858,Microsoft PC
2018-05-02T20:50:44+00:00,38.570100000000004,-121.878,Field-B,1815.191650390625,1815.41259765625,0.2410971200119372,30.654401313551205,0.1989766532737774,S5P_L2_CH4____20180502T195858_20180502T214226_02858,Microsoft PC
2018-05-02T20:50:44+00:00,38.5702,-121.878,Field-C,1815.191650390625,1814.60400390625,0.29362982567316664,12.429504407736562,0.3007108040231874,S5P_L2_CH4____20180502T195858_20180502T214226_02858,Microsoft PC
2018-05-02T20:50:44+00:00,38.5703,-121.878,Field-D,1815.191650390625,1814.619384765625,0.2642924472244591,13.621185472374673,0.3523311016724683,S5P_L2_CH4____20180502T195858_20180502T214226_02858,Microsoft PC
2018-05-02T20:50:44+00:00,38.5704,-121.878,Field-A,1815.191650390625,1815.3817138671875,0.42935814219974,28.13861680493703,0.10109274381402897,S5P_L2_CH4____20180502T195858_20180502T214226_02858,Microsoft PC
2018-05-02T20:50:44+00:00,38.5705,-121.878,Field-B,1815.191650390625,1814.6268310546875,0.7550478894754922,13.25333491289766,0.30204849972461345,S5P_L2_CH4____20180502T195858_20180502T214226_02858,Microsoft PC
2018-05-02T20:50:44+00:00,38.5706,-121.878,Field-C,1815.191650390625,1815.38525390625,0.15897648537842227,29.29491435865012,0.39365574215009946,S5P_L2_CH4____20180502T195858_20180502T214226_02858,Microsoft PC
2018-05-02T20:50:44+00:00,38.5707,-121.878,Field-D,1815.191650390625,1814.6265869140625,0.6577692299785423,10.757658421829024,0.10645750598704244,S5P_L2_CH4____20180502T195858_20180502T214226_02858,Microsoft PC
2018-05-02T20:50:44+00:00,38.5708,-121.878,Field-A,1815.191650390625,1814.7908935546875,0.7620951047236032,16.956233195415365,0.1983110693276408,S5P_L2_CH4____20180502T195858_20180502T214226_02858,Microsoft PC
2018-05-02T20:50:44+00:00,38.5709,-121.878,Field-B,1815.191650390625,1815.6712646484375,0.3176356328101849,34.39333037018996,0.3674314685875003,S5P_L2_CH4____20180502T195858_20180502T214226_02858,Microsoft PC
2018-05-02T20:50:44+00:00,38.571000000000005,-121.878,Field-C,1815.191650390625,1815.1876220703125,0.517861194331349,25.640334348764657,0.10791417813980064,S5P_L2_CH4____20180502T195858_20180502T214226_02858,Microsoft PC
2018-05-02T20:50:44+00:00,38.5711,-121.878,Field-D,1815.191650390625,1815.6663818359375,0.48659214060476774,33.910458042524084,0.13611578723688028,S5P_L2_CH4____20180502T195858_20180502T214226_02858,Microsoft PC
2018-05-02T20:50:44+00:00,38.571200000000005,-121.878,Field-A,1815.191650390625,1815.5478515625,0.1975695395196467,31.769890811032795,0.20883147024863663,S5P_L2_CH4____20180502T195858_20180502T214226_02858,Microsoft PC
2018-05-02T20:50:44+00:00,38.5713,-121.878,Field-B,1815.191650390625,1815.6951904296875,0.5174329786487368,34.77980039820724,0.2912470556343373,S5P_L2_CH4____20180502T195858_20180502T214226_02858,Microsoft PC
2018-05-02T20:50:44+00:00,38.571400000000004,-121.878,Field-C,1815.191650390625,1814.602294921875,0.30427828883965913,12.662031966433563,0.3284474317505011,S5P_L2_CH4____20180502T195858_20180502T214226_02858,Microsoft PC
2018-05-02T20:50:44+00:00,38.5715,-121.878,Field-D,1815.191650390625,1815.468505859375,0.24599072648506437,30.230820618421948,0.2762817884104612,S5P_L2_CH4____20180502T195858_20180502T214226_02858,Microsoft PC
2018-05-02T20:50:44+00:00,38.571600000000004,-121.878,Field-A,1815.191650390625,1815.8822021484375,0.6756490413532649,38.43012762682933,0.18577969440721862,S5P_L2_CH4____20180502T195858_20180502T214226_02858,Microsoft PC
2018-05-02T20:50:44+00:00,38.5717,-121.878,Field-B,1815.191650390625,1814.8218994140625,0.458217944000635,17.651570052221217,0.37468349214992236,S5P_L2_CH4____20180502T195858_20180502T214226_02858,Microsoft PC
2018-05-02T20:50:44+00:00,38.5718,-121.878,Field-C,1815.191650390625,1815.0843505859375,0.48437056804862266,22.193764818338536,0.2339235101741222,S5P_L2_CH4____20180502T195858_20180502T214226_02858,Microsoft PC
2018-05-02T20:50:44+00:00,38.5719,-121.878,Field-D,1815.191650390625,1814.618896484375,0.13284406126150308,11.604378905743362,0.12155046362758976,S5P_L2_CH4____20180502T195858_20180502T214226_02858,Microsoft PC
2018-05-02T20:50:44+00:00,38.572,-121.878,Field-A,1815.191650390625,1814.926025390625,0.6665951788398742,19.848843782613642,0.20877816804851762,S5P_L2_CH4____20180502T195858_20180502T214226_02858,Microsoft PC
2018-05-02T20:50:44+00:00,38.5721,-121.878,Field-B,1815.191650390625,1815.1312255859375,0.654459036445819,24.285536964355167,0.36621808017050406,S5P_L2_CH4____20180502T195858_20180502T214226_02858,Microsoft PC
2018-05-02T20:50:44+00:00,38.5722,-121.878,Field-C,1815.191650390625,1814.79931640625,0.2024254302367252,17.239237506001537,0.3778849089662981,S5P_L2_CH4____20180502T195858_20180502T214226_02858,Microsoft PC
2018-05-02T20:50:44+00:00,38.5723,-121.878,Field-D,1815.191650390625,1814.8709716796875,0.4703195468307453,18.88554856799758,0.23783784963459711,S5P_L2_CH4____20180502T195858_20180502T214226_02858,Microsoft PC
2018-05-02T20:50:44+00:00,38.5724,-121.878,Field-A,1815.191650390625,1815.836669921875,0.7177450446624773,37.403628160017966,0.3239828661070604,S5P_L2_CH4____20180502T195858_20180502T214226_02858,Microsoft PC
2018-05-02T20:50:44+00:00,38.572500000000005,-121.878,Field-B,1815.191650390625,1814.9580078125,0.5120567759704716,19.682190932387623,0.2687342506811786,S5P_L2_CH4____20180502T195858_20180502T214226_02858,Microsoft PC
2018-05-02T20:50:44+00:00,38.5726,-121.878,Field-C,1815.191650390625,1815.2742919921875,0.6269597952682459,26.770912658935966,0.22783090728388908,S5P_L2_CH4____20180502T195858_20180502T214226_02858,Microsoft PC
2018-05-02T20:50:44+00:00,38.572700000000005,-121.878,Field-D,1815.191650390625,1815.82763671875,0.3263941567541493,37.69008364481042,0.38086267335902224,S5P_L2_CH4____20180502T195858_20180502T214226_02858,Microsoft PC
2018-05-02T20:50:44+00:00,38.5728,-121.878,Field-A,1815.191650390625,1815.7158203125,0.5941345148150273,34.95976651017765,0.11472344969447333,S5P_L2_CH4____20180502T195858_20180502T214226_02858,Microsoft PC
2018-05-02T20:50:44+00:00,38.572900000000004,-121.878,Field-B,1815.191650390625,1814.6597900390625,0.7007246692146342,14.237266544132662,0.252403802223776,S5P_L2_CH4____20180502T195858_20180502T214226_02858,Microsoft PC
2018-05-02T20:50:44+00:00,38.573,-121.878,Field-C,1815.191650390625,1815.5826416015625,0.43968794864473937,32.54939208863537,0.3016654987740668,S5P_L2_CH4____20180502T195858_20180502T214226_02858,Microsoft PC
2018-05-02T20:50:44+00:00,38.573100000000004,-121.878,Field-D,1815.191650390625,1814.752685546875,0.12681409427439047,15.671335668952391,0.39816817133843174,S5P_L2_CH4____20180502T195858_20180502T214226_02858,Microsoft PC
2018-05-02T20:50:44+00:00,38.5732,-121.878,Field-A,1815.191650390625,1814.4974365234375,0.38512717833227994,10.571921872897077,0.3993851804091606,S5P_L2_CH4____20180502T195858_20180502T214226_02858,Microsoft PC
2018-05-02T20:50:44+00:00,38.5733,-121.878,Field-B,1815.191650390625,1815.2222900390625,0.5800653911023571,24.908225231872414,0.18122973554801125,S5P_L2_CH4____20180502T195858_20180502T214226_02858,Microsoft PC
2018-05-02T20:50:44+00:00,38.5734,-121.878,Field-C,1815.191650390625,1815.7718505859375,0.20605170544772156,37.68941096639564,0.3937601396217838,S5P_L2_CH4____20180502T195858_20180502T214226_02858,Microsoft PC
2018-05-02T20:50:44+00:00,38.5735,-121.878,Field-D,1815.191650390625,1814.82568359375,0.6907554911435466,17.406993316057434,0.38889826801815897,S5P_L2_CH4____20180502T195858_20180502T214226_02858,Microsoft PC
2018-05-03T20:31:46+00:00,38.548,-121.878,Field-A,1819.8819580078125,1820.458740234375,0.2270837856643641,38.907130194606296,0.16574921437851747,S5P_L2_CH4____20180503T194000_20180503T212328_02872,Microsoft PC
2018-05-03T20:31:46+00:00,38.548100000000005,-121.878,Field-B,1819.8819580078125,1820.2393798828125,0.6459434485559367,33.4551719021361,0.15856942741859184,S5P_L2_CH4____20180503T194000_20180503T212328_02872,Microsoft PC
2018-05-03T20:31:46+00:00,38.5482,-121.878,Field-C,1819.8819580078125,1819.3968505859375,0.38028261275243924,14.917274216425124,0.39501198802334536,S5P_L2_CH4____20180503T194000_20180503T212328_02872,Microsoft PC
2018-05-03T20:31:46+00:00,38.548300000000005,-121.878,Field-D,1819.8819580078125,1820.3822021484375,0.5900629623600221,36.41091435739506,0.14135988908576314,S5P_L2_CH4____20180503T194000_20180503T212328_02872,Microsoft PC
2018-05-03T20:31:46+00:00,38.5484,-121.878,Field-A,1819.8819580078125,1819.4276123046875,0.6586009706465922,14.904099974140514,0.2589048333978462,S5P_L2_CH4____20180503T194000_20180503T212328_02872,Microsoft PC
2018-05-03T20:31:46+00:00,38.548500000000004,-121.878,Field-B,1819.8819580078125,1819.686279296875,0.11317197127757171,18.955569072539145,0.2693207149432795,S5P_L2_CH4____20180503T194000_20180503T212328_02872,Microsoft PC
2018-05-03T20:31:46+00:00,38.5486,-121.878,Field-C,1819.8819580078125,1820.3533935546875,0.5363131272661029,35.411063149329266,0.10493005189430898,S5P_L2_CH4____20180503T194000_20180503T212328_02872,Microsoft PC
2018-05-03T20:31:46+00:00,38.548700000000004,-121.878,Field-D,1819.8819580078125,1820.13232421875,0.7235451007749111,30.30938473684946,0.3010303379548361,S5P_L2_CH4____20180503T194000_20180503T212328_02872,Microsoft PC
2018-05-03T20:31:46+00:00,38.5488,-121.878,Field-A,1819.8819580078125,1819.3040771484375,0.6689902286259226,12.256263401616785,0.1621569819379738,S5P_L2_CH4____20180503T194000_20180503T212328_02872,Microsoft PC
2018-05-03T20:31:46+00:00,38.5489,-121.878,Field-B,1819.8819580078125,1820.109375,0.5670746676817586,27.872634150519254,0.18367656848973374,S5P_L2_CH4____20180503T194000_20180503T212328_02872,Microsoft PC
2018-05-03T20:31:46+00:00,38.549,-121.878,Field-C,1819.8819580078125,1819.9776611328125,0.7451471603718169,25.00338109814325,0.18781637944499563,S5P_L2_CH4____20180503T194000_20180503T212328_02872,Microsoft PC
2018-05-03T20:31:46+00:00,38.5491,-121.878,Field-D,1819.8819580078125,1819.256591796875,0.7308172497423286,11.36955035828257,0.36529780338116424,S5P_L2_CH4____20180503T194000_20180503T212328_02872,Microsoft PC
2018-05-03T20:31:46+00:00,38.5492,-121.878,Field-A,1819.8819580078125,1820.3701171875,0.31168568650513806,36.1571438651541,0.252452031618566,S5P_L2_CH4____20180503T194000_20180503T212328_02872,Microsoft PC
2018-05-03T20:31:46+00:00,38.5493,-121.878,Field-B,1819.8819580078125,1820.587646484375,0.40585388012460655,39.01052379747121,0.17318964286072952,S5P_L2_CH4____20180503T194000_20180503T212328_02872,Microsoft PC
2018-05-03T20:31:46+00:00,38.5494,-121.878,Field-C,1819.8819580078125,1819.9088134765625,0.7414908911043095,24.045894444166343,0.27450006455756304,S5P_L2_CH4____20180503T194000_20180503T212328_02872,Microsoft PC
2018-05-03T20:31:46+00:00,38.5495,-121.878,Field-D,1819.8819580078125,1820.59423828125,0.36750371861455644,39.57126638496728,0.3271772448940295,S5P_L2_CH4____20180503T194000_20180503T212328_02872,Microsoft PC
2018-05-03T20:31:46+00:00,38.549600000000005,-121.878,Field-A,1819.8819580078125,1819.3924560546875,0.16856080793307757,14.016906254431998,0.3463434666022297,S5P_L2_CH4____20180503T194000_20180503T212328_02872,Microsoft PC
2018-05-03T20:31:46+00:00,38.5497,-121.878,Field-B,1819.8819580078125,1819.2545166015625,0.41985251707453064,12.368007009429492,0.21773374135134918,S5P_L2_CH4____20180503T194000_20180503T212328_02872,Microsoft PC
2018-05-03T20:31:46+00:00,38.549800000000005,-121.878,Field-C,1819.8819580078125,1819.533447265625,0.34497276569957125,16.66598699138136,0.36208872186341723,S5P_L2_CH4____20180503T194000_20180503T212328_02872,Microsoft PC
2018-05-03T20:31:46+00:00,38.5499,-121.878,Field-D,1819.8819580078125,1819.6524658203125,0.17758637334113378,18.757068936490207,0.35936701077951916,S5P_L2_CH4____20180503T194000_20180503T212328_02872,Microsoft PC
2018-05-03T20:31:46+00:00,38.550000000000004,-121.878,Field-A,1819.8819580078125,1820.425537109375,0.5272356382969525,35.19667145305084,0.20444666327434735,S5P_L2_CH4____20180503T194000_20180503T212328_02872,Microsoft PC
2018-05-03T20:31:46+00:00,38.5501,-121.878,Field-B,1819.8819580078125,1820.3829345703125,0.7179503896383113,35.97126659770757,0.22388520783815863,S5P_L2_CH4____20180503T194000_20180503T212328_02872,Microsoft PC
2018-05-03T20:31:46+00:00,38.550200000000004,-121.878,Field-C,1819.8819580078125,1819.5469970703125,0.7001404261320682,18.65335322269692,0.2758224019459532,S5P_L2_CH4____20180503T194000_20180503T212328_02872,Microsoft PC
2018-05-03T20:31:46+00:00,38.5503,-121.878,Field-D,1819.8819580078125,1819.398681640625,0.5342304944702378,14.375934827237588,0.18401724703523517,S5P_L2_CH4____20180503T194000_20180503T212328_02872,Microsoft PC
2018-05-03T20:31:46+00:00,38.5504,-121.878,Field-A,1819.8819580078125,1820.366943359375,0.7255676706572227,36.83787114492467,0.28294244176278105,S5P_L2_CH4____20180503T194000_20180503T212328_02872,Microsoft PC
2018-05-03T20:31:46+00:00,38.5505,-121.878,Field-B,1819.8819580078125,1819.3939208984375,0.1984211434995996,14.925046727102592,0.22257635675025988,S5P_L2_CH4____20180503T194000_20180503T212328_02872,Microsoft PC
2018-05-03T20:31:46+00:00,38.5506,-121.878,Field-C,1819.8819580078125,1820.3118896484375,0.7823080195341877,33.57682482485235,0.17830879699940183,S5P_L2_CH4____20180503T194000_20180503T212328_02872,Microsoft PC
2018-05-03T20:31:46+00:00,38.5507,-121.878,Field-D,1819.8819580078125,1820.425537109375,0.453665254465909,35.41118489124665,0.30454980529343345,S5P_L2_CH4____20180503T194000_20180503T212328_02872,Microsoft PC
2018-05-03T20:31:46+00:00,38.5508,-121.878,Field-A,1819.8819580078125,1820.0633544921875,0.5770690872533797,29.818457218341415,0.3131385279561828,S5P_L2_CH4____20180503T194000_20180503T212328_02872,Microsoft PC
2018-05-03T20:31:46+00:00,38.5509,-121.878,Field-B,1819.8819580078125,1820.0662841796875,0.3980805196361602,29.552621698407094,0.19844094498961423,S5P_L2_CH4____20180503T194000_20180503T212328_02872,Microsoft PC
2018-05-03T20:31:46+00:00,38.551,-121.878,Field-C,1819.8819580078125,1819.4923095703125,0.24611653041820158,17.527940389192533,0.11825948123847094,S5P_L2_CH4____20180503T194000_20180503T212328_02872,Microsoft PC
2018-05-03T20:31:46+00:00,38.551100000000005,-121.878,Field-D,1819.8819580078125,1819.65576171875,0.23323550927195297,18.28992910615482,0.3920997956517476,S5P_L2_CH4____20180503T194000_20180503T212328_02872,Microsoft PC
2018-05-03T20:31:46+00:00,38.5512,-121.878,Field-A,1819.8819580078125,1819.756591796875,0.7085455395576439,20.8377968756599,0.19547139350413256,S5P_L2_CH4____20180503T194000_20180503T212328_02872,Microsoft PC
2018-05-03T20:31:46+00:00,38.551300000000005,-121.878,Field-B,1819.8819580078125,1820.046142578125,0.1589085337407428,27.841573266599106,0.19316582853797692,S5P_L2_CH4____20180503T194000_20180503T212328_02872,Microsoft PC
2018-05-03T20:31:46+00:00,38.5514,-121.878,Field-C,1819.8819580078125,1820.05517578125,0.11503504119899188,29.97387497477883,0.21805108604701262,S5P_L2_CH4____20180503T194000_20180503T212328_02872,Microsoft PC
2018-05-03T20:31:46+00:00,38.551500000000004,-121.878,Field-D,1819.8819580078125,1819.3616943359375,0.4510306891562881,10.492307192844711,0.3640621064815758,S5P_L2_CH4____20180503T194000_20180503T212328_02872,Microsoft PC
2018-05-03T20:31:46+00:00,38.5516,-121.878,Field-A,1819.8819580078125,1819.9766845703125,0.4814831578773898,25.98467707933094,0.3899303773392856,S5P_L2_CH4____20180503T194000_20180503T212328_02872,Microsoft PC
2018-05-03T20:31:46+00:00,38.551700000000004,-121.878,Field-B,1819.8819580078125,1819.6357421875,0.3460574304492835,20.188825506165223,0.22903383762534626,S5P_L2_CH4____20180503T194000_20180503T212328_02872,Microsoft PC
2018-05-03T20:31:46+00:00,38.5518,-121.878,Field-C,1819.8819580078125,1819.8817138671875,0.21318485344340146,25.904939553339858,0.10046759201998763,S5P_L2_CH4____20180503T194000_20180503T212328_02872,Microsoft PC
2018-05-03T20:31:46+00:00,38.5519,-121.878,Field-D,1819.8819580078125,1820.13037109375,0.518007804087095,30.84320392226916,0.2587656848439288,S5P_L2_CH4____20180503T194000_20180503T212328_02872,Microsoft PC
2018-05-03T20:31:46+00:00,38.552,-121.878,Field-A,1819.8819580078125,1819.57177734375,0.6419760551835777,15.666180179617541,0.2721244590559339,S5P_L2_CH4____20180503T194000_20180503T212328_02872,Microsoft PC
2018-05-03T20:31:46+00:00,38.5521,-121.878,Field-B,1819.8819580078125,1819.8297119140625,0.30216972564037436,22.801990674271494,0.2426666666497383,S5P_L2_CH4____20180503T194000_20180503T212328_02872,Microsoft PC
2018-05-03T20:31:46+00:00,38.5522,-121.878,Field-C,1819.8819580078125,1819.3701171875,0.49680100787517356,13.86754138815582,0.15540857835324673,S5P_L2_CH4____20180503T194000_20180503T212328_02872,Microsoft PC
2018-05-03T20:31:46+00:00,38.5523,-121.878,Field-D,1819.8819580078125,1819.406005859375,0.514840693061769,15.40664134088923,0.15969892829805576,S5P_L2_CH4____20180503T194000_20180503T212328_02872,Microsoft PC
2018-05-03T20:31:46+00:00,38.5524,-121.878,Field-A,1819.8819580078125,1819.40576171875,0.7112319168211257,14.57985656761151,0.1610835870433186,S5P_L2_CH4____20180503T194000_20180503T212328_02872,Microsoft PC
2018-05-03T20:31:46+00:00,38.5525,-121.878,Field-B,1819.8819580078125,1820.4404296875,0.5818845187591021,35.200121829933565,0.3321030761524382,S5P_L2_CH4____20180503T194000_20180503T212328_02872,Microsoft PC
2018-05-03T20:31:46+00:00,38.552600000000005,-121.878,Field-C,1819.8819580078125,1819.8665771484375,0.5545964291169915,25.07602217650333,0.31031389063707027,S5P_L2_CH4____20180503T194000_20180503T212328_02872,Microsoft PC
2018-05-03T20:31:46+00:00,38.5527,-121.878,Field-D,1819.8819580078125,1820.058837890625,0.5344687072810712,28.25354548081501,0.19107489506878123,S5P_L2_CH4____20180503T194000_20180503T212328_02872,Microsoft PC
2018-05-03T20:31:46+00:00,38.552800000000005,-121.878,Field-A,1819.8819580078125,1819.7286376953125,0.6077489495836025,22.119717939422046,0.2953429976309349,S5P_L2_CH4____20180503T194000_20180503T212328_02872,Microsoft PC
2018-05-03T20:31:46+00:00,38.5529,-121.878,Field-B,1819.8819580078125,1820.435302734375,0.23020737162723207,36.826258066083746,0.22430579341024487,S5P_L2_CH4____20180503T194000_20180503T212328_02872,Microsoft PC
2018-05-03T20:31:46+00:00,38.553000000000004,-121.878,Field-C,1819.8819580078125,1820.2647705078125,0.648123509135742,31.62008473295551,0.23977768275189396,S5P_L2_CH4____20180503T194000_20180503T212328_02872,Microsoft PC
2018-05-03T20:31:46+00:00,38.5531,-121.878,Field-D,1819.8819580078125,1820.5126953125,0.5019246148380327,38.7224244720425,0.2521406766418446,S5P_L2_CH4____20180503T194000_20180503T212328_02872,Microsoft PC
2018-05-03T20:31:46+00:00,38.553200000000004,-121.878,Field-A,1819.8819580078125,1819.7314453125,0.7315680768521261,22.425070286125933,0.35042482702812106,S5P_L2_CH4____20180503T194000_20180503T212328_02872,Microsoft PC
2018-05-03T20:31:46+00:00,38.5533,-121.878,Field-B,1819.8819580078125,1819.7503662109375,0.7068740385402122,20.425396817282966,0.23665609926142647,S5P_L2_CH4____20180503T194000_20180503T212328_02872,Microsoft PC
2018-05-03T20:31:46+00:00,38.5534,-121.878,Field-C,1819.8819580078125,1819.9661865234375,0.2313138879326701,25.16743048850038,0.16051902397124165,S5P_L2_CH4____20180503T194000_20180503T212328_02872,Microsoft PC
2018-05-03T20:31:46+00:00,38.5535,-121.878,Field-D,1819.8819580078125,1819.3668212890625,0.7389134501732673,12.43705834947365,0.1787806803424864,S5P_L2_CH4____20180503T194000_20180503T212328_02872,Microsoft PC
2018-05-03T20:31:46+00:00,38.5536,-121.878,Field-A,1819.8819580078125,1819.85546875,0.5900926194582286,24.728971504506298,0.3101561647779715,S5P_L2_CH4____20180503T194000_20180503T212328_02872,Microsoft PC
2018-05-03T20:31:46+00:00,38.5537,-121.878,Field-B,1819.8819580078125,1820.00732421875,0.4799910008009397,27.382880239475398,0.3621133520035168,S5P_L2_CH4____20180503T194000_20180503T212328_02872,Microsoft PC
2018-05-03T20:31:46+00:00,38.5538,-121.878,Field-C,1819.8819580078125,1820.139892578125,0.19703629157757876,31.666406398273562,0.17265546967321466,S5P_L2_CH4____20180503T194000_20180503T212328_02872,Microsoft PC
2018-05-03T20:31:46+00:00,38.5539,-121.878,Field-D,1819.8819580078125,1819.9993896484375,0.6577203178861801,27.081857093676557,0.3643294563613423,S5P_L2_CH4____20180503T194000_20180503T212328_02872,Microsoft PC
2018-05-03T20:31:46+00:00,38.554,-121.878,Field-A,1819.8819580078125,1820.4150390625,0.16253554287509236,36.06476212563549,0.3978833559454228,S5P_L2_CH4____20180503T194000_20180503T212328_02872,Microsoft PC
2018-05-03T20:31:46+00:00,38.554100000000005,-121.878,Field-B,1819.8819580078125,1819.7669677734375,0.18116437743886402,20.279315433037652,0.19531207839193537,S5P_L2_CH4____20180503T194000_20180503T212328_02872,Microsoft PC
2018-05-03T20:31:46+00:00,38.5542,-121.878,Field-C,1819.8819580078125,1819.950927734375,0.35798891042919034,26.659133586496154,0.20599057836843654,S5P_L2_CH4____20180503T194000_20180503T212328_02872,Microsoft PC
2018-05-03T20:31:46+00:00,38.554300000000005,-121.878,Field-D,1819.8819580078125,1820.4820556640625,0.5429462466802121,38.38851588861728,0.3084585680422687,S5P_L2_CH4____20180503T194000_20180503T212328_02872,Microsoft PC
2018-05-03T20:31:46+00:00,38.5544,-121.878,Field-A,1819.8819580078125,1820.5103759765625,0.4296291677111116,37.96726990668107,0.10913216271908588,S5P_L2_CH4____20180503T194000_20180503T212328_02872,Microsoft PC
2018-05-03T20:31:46+00:00,38.554500000000004,-121.878,Field-B,1819.8819580078125,1819.7342529296875,0.33604380190705346,22.03553957468332,0.20316815935448046,S5P_L2_CH4____20180503T194000_20180503T212328_02872,Microsoft PC
2018-05-03T20:31:46+00:00,38.5546,-121.878,Field-C,1819.8819580078125,1819.5828857421875,0.5728810545813585,17.285371763826248,0.338940525975825,S5P_L2_CH4____20180503T194000_20180503T212328_02872,Microsoft PC
2018-05-03T20:31:46+00:00,38.554700000000004,-121.878,Field-D,1819.8819580078125,1819.8416748046875,0.47330707478963807,24.78972065482465,0.37366101339968827,S5P_L2_CH4____20180503T194000_20180503T212328_02872,Microsoft PC
2018-05-03T20:31:46+00:00,38.5548,-121.878,Field-A,1819.8819580078125,1819.8074951171875,0.6327436447441563,21.955353353852495,0.375409941864299,S5P_L2_CH4____20180503T194000_20180503T212328_02872,Microsoft PC
2018-05-03T20:31:46+00:00,38.5549,-121.878,Field-B,1819.8819580078125,1820.366943359375,0.6143100044709496,33.493256855180874,0.1852647348916149,S5P_L2_CH4____20180503T194000_20180503T212328_02872,Microsoft PC
2018-05-03T20:31:46+00:00,38.555,-121.878,Field-C,1819.8819580078125,1819.300048828125,0.6157538508889769,12.26507201432316,0.13182703689255332,S5P_L2_CH4____20180503T194000_20180503T212328_02872,Microsoft PC
2018-05-03T20:31:46+00:00,38.5551,-121.878,Field-D,1819.8819580078125,1819.80078125,0.2979259556791362,21.519362544148898,0.24347640558215156,S5P_L2_CH4____20180503T194000_20180503T212328_02872,Microsoft PC
2018-05-03T20:31:46+00:00,38.5552,-121.878,Field-A,1819.8819580078125,1819.6082763671875,0.6938159221120329,18.867180408938488,0.2257519087929203,S5P_L2_CH4____20180503T194000_20180503T212328_02872,Microsoft PC
2018-05-03T20:31:46+00:00,38.5553,-121.878,Field-B,1819.8819580078125,1820.083740234375,0.5717539413024703,30.912185764284402,0.10939422386734893,S5P_L2_CH4____20180503T194000_20180503T212328_02872,Microsoft PC
2018-05-03T20:31:46+00:00,38.5554,-121.878,Field-C,1819.8819580078125,1819.97265625,0.5988009048750376,25.63278054699263,0.3732442984361203,S5P_L2_CH4____20180503T194000_20180503T212328_02872,Microsoft PC
2018-05-03T20:31:46+00:00,38.5555,-121.878,Field-D,1819.8819580078125,1819.438720703125,0.5043542479878905,13.314513619133962,0.30318667820370876,S5P_L2_CH4____20180503T194000_20180503T212328_02872,Microsoft PC
2018-05-03T20:31:46+00:00,38.5556,-121.878,Field-A,1819.8819580078125,1819.7574462890625,0.2112272005534625,22.443710987629927,0.253225973532668,S5P_L2_CH4____20180503T194000_20180503T212328_02872,Microsoft PC
2018-05-03T20:31:46+00:00,38.5557,-121.878,Field-B,1819.8819580078125,1819.658203125,0.4657260173175748,19.199108436699987,0.3131192685506915,S5P_L2_CH4____20180503T194000_20180503T212328_02872,Microsoft PC
2018-05-03T20:31:46+00:00,38.555800000000005,-121.878,Field-C,1819.8819580078125,1819.481689453125,0.5191822859634273,16.05709994588644,0.31596479821492396,S5P_L2_CH4____20180503T194000_20180503T212328_02872,Microsoft PC
2018-05-03T20:31:46+00:00,38.5559,-121.878,Field-D,1819.8819580078125,1819.3795166015625,0.34180638604460134,13.29217050835727,0.17238589119800096,S5P_L2_CH4____20180503T194000_20180503T212328_02872,Microsoft PC
2018-05-03T20:31:46+00:00,38.556000000000004,-121.878,Field-A,1819.8819580078125,1820.419921875,0.5203321980777899,37.97840344136358,0.2851165377276934,S5P_L2_CH4____20180503T194000_20180503T212328_02872,Microsoft PC
2018-05-03T20:31:46+00:00,38.5561,-121.878,Field-B,1819.8819580078125,1819.69775390625,0.6977354902473843,21.08531010031573,0.3575921859803156,S5P_L2_CH4____20180503T194000_20180503T212328_02872,Microsoft PC
2018-05-03T20:31:46+00:00,38.556200000000004,-121.878,Field-C,1819.8819580078125,1820.1015625,0.38412150401711287,28.34101253145513,0.1786805064343322,S5P_L2_CH4____20180503T194000_20180503T212328_02872,Microsoft PC
2018-05-03T20:31:46+00:00,38.5563,-121.878,Field-D,1819.8819580078125,1820.2783203125,0.5227240452916319,32.575675482270505,0.23904555882958517,S5P_L2_CH4____20180503T194000_20180503T212328_02872,Microsoft PC
2018-05-03T20:31:46+00:00,38.556400000000004,-121.878,Field-A,1819.8819580078125,1819.2584228515625,0.5256355274330142,10.333510455079475,0.1665868317301165,S5P_L2_CH4____20180503T194000_20180503T212328_02872,Microsoft PC
2018-05-03T20:31:46+00:00,38.5565,-121.878,Field-B,1819.8819580078125,1819.5472412109375,0.6016692166238521,15.997756826122881,0.2213578812738381,S5P_L2_CH4____20180503T194000_20180503T212328_02872,Microsoft PC
2018-05-03T20:31:46+00:00,38.5566,-121.878,Field-C,1819.8819580078125,1820.1719970703125,0.1111469600458653,31.153730912031612,0.3375402779156573,S5P_L2_CH4____20180503T194000_20180503T212328_02872,Microsoft PC
2018-05-03T20:31:46+00:00,38.5567,-121.878,Field-D,1819.8819580078125,1820.1396484375,0.756464734840157,30.618444766205553,0.2531074802392119,S5P_L2_CH4____20180503T194000_20180503T212328_02872,Microsoft PC
2018-05-03T20:31:46+00:00,38.5568,-121.878,Field-A,1819.8819580078125,1819.4366455078125,0.25729124086690147,14.205961085662743,0.23162164129723037,S5P_L2_CH4____20180503T194000_20180503T212328_02872,Microsoft PC
2018-05-03T20:31:46+00:00,38.5569,-121.878,Field-B,1819.8819580078125,1819.66064453125,0.10879960491259172,18.879253588157624,0.3834198685235054,S5P_L2_CH4____20180503T194000_20180503T212328_02872,Microsoft PC
2018-05-03T20:31:46+00:00,38.557,-121.878,Field-C,1819.8819580078125,1820.0008544921875,0.12522084443673595,28.249399452850298,0.29841829531708075,S5P_L2_CH4____20180503T194000_20180503T212328_02872,Microsoft PC
2018-05-03T20:31:46+00:00,38.5571,-121.878,Field-D,1819.8819580078125,1820.2493896484375,0.1340368947631958,33.26547394686236,0.13258821327505868,S5P_L2_CH4____20180503T194000_20180503T212328_02872,Microsoft PC
2018-05-03T20:31:46+00:00,38.5572,-121.878,Field-A,1819.8819580078125,1819.99951171875,0.6224887319220527,28.19233274820816,0.24887984773228242,S5P_L2_CH4____20180503T194000_20180503T212328_02872,Microsoft PC
2018-05-03T20:31:46+00:00,38.557300000000005,-121.878,Field-B,1819.8819580078125,1820.2274169921875,0.13531852228695956,31.169363443647494,0.1070829160595346,S5P_L2_CH4____20180503T194000_20180503T212328_02872,Microsoft PC
2018-05-03T20:31:46+00:00,38.5574,-121.878,Field-C,1819.8819580078125,1819.9398193359375,0.4621510095027953,27.300055451495464,0.35614891320455555,S5P_L2_CH4____20180503T194000_20180503T212328_02872,Microsoft PC
2018-05-03T20:31:46+00:00,38.557500000000005,-121.878,Field-D,1819.8819580078125,1819.336669921875,0.1688584104843435,10.441601493664454,0.19437381084651753,S5P_L2_CH4____20180503T194000_20180503T212328_02872,Microsoft PC
2018-05-03T20:31:46+00:00,38.5576,-121.878,Field-A,1819.8819580078125,1820.37255859375,0.17145208631535488,37.06069213354962,0.11023329752673444,S5P_L2_CH4____20180503T194000_20180503T212328_02872,Microsoft PC
2018-05-03T20:31:46+00:00,38.557700000000004,-121.878,Field-B,1819.8819580078125,1820.0618896484375,0.36058707331031314,27.47806910443301,0.14316570265917453,S5P_L2_CH4____20180503T194000_20180503T212328_02872,Microsoft PC
2018-05-03T20:31:46+00:00,38.5578,-121.878,Field-C,1819.8819580078125,1820.2685546875,0.2658237663495535,34.61356555005746,0.3900177586143002,S5P_L2_CH4____20180503T194000_20180503T212328_02872,Microsoft PC
2018-05-03T20:31:46+00:00,38.557900000000004,-121.878,Field-D,1819.8819580078125,1819.99462890625,0.21653661002090485,25.75875330259504,0.2626578189641511,S5P_L2_CH4____20180503T194000_20180503T212328_02872,Microsoft PC
2018-05-03T20:31:46+00:00,38.558,-121.878,Field-A,1819.8819580078125,1820.1927490234375,0.24618424894115665,31.8871037172403,0.18893360728763287,S5P_L2_CH4____20180503T194000_20180503T212328_02872,Microsoft PC
2018-05-03T20:31:46+00:00,38.5581,-121.878,Field-B,1819.8819580078125,1820.2216796875,0.38406865217123554,31.465611253125598,0.15689156028093632,S5P_L2_CH4____20180503T194000_20180503T212328_02872,Microsoft PC
2018-05-03T20:31:46+00:00,38.5582,-121.878,Field-C,1819.8819580078125,1819.202392578125,0.35522337717551433,11.109476250065475,0.1881360362882858,S5P_L2_CH4____20180503T194000_20180503T212328_02872,Microsoft PC
2018-05-03T20:31:46+00:00,38.5583,-121.878,Field-D,1819.8819580078125,1819.2392578125,0.5270569245342687,10.393526015688916,0.23016058716752014,S5P_L2_CH4____20180503T194000_20180503T212328_02872,Microsoft PC
2018-05-03T20:31:46+00:00,38.5584,-121.878,Field-A,1819.8819580078125,1820.631103515625,0.5033585937007629,39.502237408134576,0.1423036554846858,S5P_L2_CH4____20180503T194000_20180503T212328_02872,Microsoft PC
2018-05-03T20:31:46+00:00,38.5585,-121.878,Field-B,1819.8819580078125,1819.5887451171875,0.356523799098745,18.615753839347228,0.35531878181913623,S5P_L2_CH4____20180503T194000_20180503T212328_02872,Microsoft PC
2018-05-03T20:31:46+00:00,38.5586,-121.878,Field-C,1819.8819580078125,1820.041015625,0.7945471969053228,26.595456760994466,0.28670750350648383,S5P_L2_CH4____20180503T194000_20180503T212328_02872,Microsoft PC
2018-05-03T20:31:46+00:00,38.5587,-121.878,Field-D,1819.8819580078125,1819.422119140625,0.21414199961249658,15.333218725335053,0.3454491494101965,S5P_L2_CH4____20180503T194000_20180503T212328_02872,Microsoft PC
2018-05-03T20:31:46+00:00,38.558800000000005,-121.878,Field-A,1819.8819580078125,1820.48779296875,0.27700728970030064,37.4844910723403,0.14950935072890723,S5P_L2_CH4____20180503T194000_20180503T212328_02872,Microsoft PC
2018-05-03T20:31:46+00:00,38.5589,-121.878,Field-B,1819.8819580078125,1819.3189697265625,0.22218833353928602,10.862750720437473,0.11363641972139438,S5P_L2_CH4____20180503T194000_20180503T212328_02872,Microsoft PC
2018-05-03T20:31:46+00:00,38.559000000000005,-121.878,Field-C,1819.8819580078125,1819.404296875,0.3000677330630458,15.016016949913526,0.14635387691867674,S5P_L2_CH4____20180503T194000_20180503T212328_02872,Microsoft PC
2018-05-03T20:31:46+00:00,38.5591,-121.878,Field-D,1819.8819580078125,1819.9959716796875,0.7910896851984549,28.12969063334402,0.20655879842664393,S5P_L2_CH4____20180503T194000_20180503T212328_02872,Microsoft PC
2018-05-03T20:31:46+00:00,38.559200000000004,-121.878,Field-A,1819.8819580078125,1820.308837890625,0.4231981495037519,35.563379261093154,0.29750440451567095,S5P_L2_CH4____20180503T194000_20180503T212328_02872,Microsoft PC
2018-05-03T20:31:46+00:00,38.5593,-121.878,Field-B,1819.8819580078125,1819.3656005859375,0.49599290946728025,12.955434685282762,0.18893227637395782,S5P_L2_CH4____20180503T194000_20180503T212328_02872,Microsoft PC
2018-05-03T20:31:46+00:00,38.559400000000004,-121.878,Field-C,1819.8819580078125,1819.7559814453125,0.5844601495871314,19.998942034954748,0.24099129564490598,S5P_L2_CH4____20180503T194000_20180503T212328_02872,Microsoft PC
2018-05-03T20:31:46+00:00,38.5595,-121.878,Field-D,1819.8819580078125,1819.674560546875,0.12320688187151242,21.19914617032009,0.3616997933263516,S5P_L2_CH4____20180503T194000_20180503T212328_02872,Microsoft PC
2018-05-03T20:31:46+00:00,38.5596,-121.878,Field-A,1819.8819580078125,1820.3365478515625,0.7816862790908642,33.74561987079477,0.23791083999926305,S5P_L2_CH4____20180503T194000_20180503T212328_02872,Microsoft PC
2018-05-03T20:31:46+00:00,38.5597,-121.878,Field-B,1819.8819580078125,1819.4910888671875,0.6246974538837083,16.879463683726424,0.11046102158312954,S5P_L2_CH4____20180503T194000_20180503T212328_02872,Microsoft PC
2018-05-03T20:31:46+00:00,38.5598,-121.878,Field-C,1819.8819580078125,1820.4322509765625,0.22554281927167005,36.447404101149914,0.20294507848849813,S5P_L2_CH4____20180503T194000_20180503T212328_02872,Microsoft PC
2018-05-03T20:31:46+00:00,38.5599,-121.878,Field-D,1819.8819580078125,1820.03759765625,0.7713384417099929,27.044601222521216,0.39468692815948725,S5P_L2_CH4____20180503T194000_20180503T212328_02872,Microsoft PC
2018-05-03T20:31:46+00:00,38.56,-121.878,Field-A,1819.8819580078125,1819.7696533203125,0.5667349053387033,21.224171960061863,0.20328965939807025,S5P_L2_CH4____20180503T194000_20180503T212328_02872,Microsoft PC
2018-05-03T20:31:46+00:00,38.5601,-121.878,Field-B,1819.8819580078125,1820.4945068359375,0.47242412757183283,36.94466095830205,0.35770577247601054,S5P_L2_CH4____20180503T194000_20180503T212328_02872,Microsoft PC
2018-05-03T20:31:46+00:00,38.5602,-121.878,Field-C,1819.8819580078125,1820.0247802734375,0.7619304644542729,26.902315032485376,0.3762896620911258,S5P_L2_CH4____20180503T194000_20180503T212328_02872,Microsoft PC
2018-05-03T20:31:46+00:00,38.560300000000005,-121.878,Field-D,1819.8819580078125,1820.114501953125,0.22829365665280338,30.68236476724769,0.13943874998863728,S5P_L2_CH4____20180503T194000_20180503T212328_02872,Microsoft PC
2018-05-03T20:31:46+00:00,38.5604,-121.878,Field-A,1819.8819580078125,1819.690185546875,0.2116319704328758,21.620785435613612,0.11459005157870054,S5P_L2_CH4____20180503T194000_20180503T212328_02872,Microsoft PC
2018-05-03T20:31:46+00:00,38.560500000000005,-121.878,Field-B,1819.8819580078125,1819.4132080078125,0.18137936132704244,11.728713679646086,0.25823186655449,S5P_L2_CH4____20180503T194000_20180503T212328_02872,Microsoft PC
2018-05-03T20:31:46+00:00,38.5606,-121.878,Field-C,1819.8819580078125,1819.703857421875,0.45154087561323,19.957154633537208,0.3072636480681171,S5P_L2_CH4____20180503T194000_20180503T212328_02872,Microsoft PC
2018-05-03T20:31:46+00:00,38.560700000000004,-121.878,Field-D,1819.8819580078125,1819.6910400390625,0.698326663846342,18.384716424952927,0.10375198208852127,S5P_L2_CH4____20180503T194000_20180503T212328_02872,Microsoft PC
2018-05-03T20:31:46+00:00,38.5608,-121.878,Field-A,1819.8819580078125,1819.43310546875,0.14901744778908826,15.650963220539776,0.3739629801467498,S5P_L2_CH4____20180503T194000_20180503T212328_02872,Microsoft PC
2018-05-03T20:31:46+00:00,38.560900000000004,-121.878,Field-B,1819.8819580078125,1820.302734375,0.5870422498625768,35.09974591928398,0.3261904941542222,S5P_L2_CH4____20180503T194000_20180503T212328_02872,Microsoft PC
2018-05-03T20:31:46+00:00,38.561,-121.878,Field-C,1819.8819580078125,1819.4810791015625,0.339716397163769,14.118612446658624,0.11471775858435912,S5P_L2_CH4____20180503T194000_20180503T212328_02872,Microsoft PC
2018-05-03T20:31:46+00:00,38.5611,-121.878,Field-D,1819.8819580078125,1820.1917724609375,0.16122233754239965,31.404771774887354,0.3712504738744601,S5P_L2_CH4____20180503T194000_20180503T212328_02872,Microsoft PC
2018-05-03T20:31:46+00:00,38.5612,-121.878,Field-A,1819.8819580078125,1819.200439453125,0.5956068404228637,10.354783134170773,0.18945646673210148,S5P_L2_CH4____20180503T194000_20180503T212328_02872,Microsoft PC
2018-05-03T20:31:46+00:00,38.5613,-121.878,Field-B,1819.8819580078125,1819.4652099609375,0.6351967089607772,12.830393627559939,0.2688445054798254,S5P_L2_CH4____20180503T194000_20180503T212328_02872,Microsoft PC
2018-05-03T20:31:46+00:00,38.5614,-121.878,Field-C,1819.8819580078125,1820.2335205078125,0.6267481324319527,33.082791572164744,0.2632997609331119,S5P_L2_CH4____20180503T194000_20180503T212328_02872,Microsoft PC
2018-05-03T20:31:46+00:00,38.5615,-121.878,Field-D,1819.8819580078125,1819.8834228515625,0.7597900327289977,23.064607400338293,0.31255542594793273,S5P_L2_CH4____20180503T194000_20180503T212328_02872,Microsoft PC
2018-05-03T20:31:46+00:00,38.5616,-121.878,Field-A,1819.8819580078125,1820.060546875,0.10257556437455057,27.82218216339489,0.15818448747539676,S5P_L2_CH4____20180503T194000_20180503T212328_02872,Microsoft PC
2018-05-03T20:31:46+00:00,38.5617,-121.878,Field-B,1819.8819580078125,1820.13818359375,0.4493691253594755,29.038506702070197,0.16806428837561155,S5P_L2_CH4____20180503T194000_20180503T212328_02872,Microsoft PC
2018-05-03T20:31:46+00:00,38.561800000000005,-121.878,Field-C,1819.8819580078125,1819.8162841796875,0.7332200717695218,20.953299385676644,0.155428104341126,S5P_L2_CH4____20180503T194000_20180503T212328_02872,Microsoft PC
2018-05-03T20:31:46+00:00,38.5619,-121.878,Field-D,1819.8819580078125,1819.9228515625,0.3214245677975476,24.873318058793338,0.2502705338643034,S5P_L2_CH4____20180503T194000_20180503T212328_02872,Microsoft PC
2018-05-03T20:31:46+00:00,38.562000000000005,-121.878,Field-A,1819.8819580078125,1819.7066650390625,0.42414820305497614,19.332227507514933,0.26848652835092324,S5P_L2_CH4____20180503T194000_20180503T212328_02872,Microsoft PC
2018-05-03T20:31:46+00:00,38.5621,-121.878,Field-B,1819.8819580078125,1819.369140625,0.7135446836135294,12.263948256377038,0.3373220257834735,S5P_L2_CH4____20180503T194000_20180503T212328_02872,Microsoft PC
2018-05-03T20:31:46+00:00,38.562200000000004,-121.878,Field-C,1819.8819580078125,1820.266357421875,0.1193797369152525,35.123194625640565,0.3603479897379209,S5P_L2_CH4____20180503T194000_20180503T212328_02872,Microsoft PC
2018-05-03T20:31:46+00:00,38.5623,-121.878,Field-D,1819.8819580078125,1819.79296875,0.6819749245464758,22.585268945391178,0.22388371132180718,S5P_L2_CH4____20180503T194000_20180503T212328_02872,Microsoft PC
2018-05-03T20:31:46+00:00,38.562400000000004,-121.878,Field-A,1819.8819580078125,1820.503662109375,0.25179088870958993,39.57680003566669,0.2571024433128013,S5P_L2_CH4____20180503T194000_20180503T212328_02872,Microsoft PC
2018-05-03T20:31:46+00:00,38.5625,-121.878,Field-B,1819.8819580078125,1819.394287109375,0.6260630186556738,14.279600711279265,0.10668273468356756,S5P_L2_CH4____20180503T194000_20180503T212328_02872,Microsoft PC
2018-05-03T20:31:46+00:00,38.5626,-121.878,Field-C,1819.8819580078125,1820.0943603515625,0.1727987461410719,30.897161471998654,0.1741854396979195,S5P_L2_CH4____20180503T194000_20180503T212328_02872,Microsoft PC
2018-05-03T20:31:46+00:00,38.5627,-121.878,Field-D,1819.8819580078125,1819.48974609375,0.7246865863719386,15.306554305461246,0.2971580214617322,S5P_L2_CH4____20180503T194000_20180503T212328_02872,Microsoft PC
2018-05-03T20:31:46+00:00,38.5628,-121.878,Field-A,1819.8819580078125,1820.536376953125,0.7006983287051904,38.1332541192113,0.22058282377290578,S5P_L2_CH4____20180503T194000_20180503T212328_02872,Microsoft PC
2018-05-03T20:31:46+00:00,38.5629,-121.878,Field-B,1819.8819580078125,1820.098876953125,0.38669409920360065,30.12217309342003,0.1026978157680552,S5P_L2_CH4____20180503T194000_20180503T212328_02872,Microsoft PC
2018-05-03T20:31:46+00:00,38.563,-121.878,Field-C,1819.8819580078125,1819.591796875,0.7502231956604654,17.79426838202104,0.25494001269637534,S5P_L2_CH4____20180503T194000_20180503T212328_02872,Microsoft PC
2018-05-03T20:31:46+00:00,38.5631,-121.878,Field-D,1819.8819580078125,1819.520263671875,0.2008147933866231,14.133058217341421,0.3848295050054018,S5P_L2_CH4____20180503T194000_20180503T212328_02872,Microsoft PC
2018-05-03T20:31:46+00:00,38.5632,-121.878,Field-A,1819.8819580078125,1819.5147705078125,0.5588619939816388,16.50428612933058,0.36741478774794767,S5P_L2_CH4____20180503T194000_20180503T212328_02872,Microsoft PC
2018-05-03T20:31:46+00:00,38.563300000000005,-121.878,Field-B,1819.8819580078125,1819.359130859375,0.44313518070695057,14.089845163882938,0.18521106113109653,S5P_L2_CH4____20180503T194000_20180503T212328_02872,Microsoft PC
2018-05-03T20:31:46+00:00,38.5634,-121.878,Field-C,1819.8819580078125,1819.9393310546875,0.4674264673977786,24.205515122821417,0.3041010995564326,S5P_L2_CH4____20180503T194000_20180503T212328_02872,Microsoft PC
2018-05-03T20:31:46+00:00,38.563500000000005,-121.878,Field-D,1819.8819580078125,1820.427001953125,0.4903490669479127,36.315202536574645,0.1263445573545592,S5P_L2_CH4____20180503T194000_20180503T212328_02872,Microsoft PC
2018-05-03T20:31:46+00:00,38.5636,-121.878,Field-A,1819.8819580078125,1819.3358154296875,0.6338486765481792,10.012842396005464,0.38216191124742005,S5P_L2_CH4____20180503T194000_20180503T212328_02872,Microsoft PC
2018-05-03T20:31:46+00:00,38.563700000000004,-121.878,Field-B,1819.8819580078125,1820.251220703125,0.46937028899895905,32.97136300378573,0.3611586654138974,S5P_L2_CH4____20180503T194000_20180503T212328_02872,Microsoft PC
2018-05-03T20:31:46+00:00,38.5638,-121.878,Field-C,1819.8819580078125,1820.1536865234375,0.4246018376390136,29.88616232905625,0.13043627689941975,S5P_L2_CH4____20180503T194000_20180503T212328_02872,Microsoft PC
2018-05-03T20:31:46+00:00,38.563900000000004,-121.878,Field-D,1819.8819580078125,1819.2249755859375,0.4021858777328675,10.679806960893668,0.30050426149139453,S5P_L2_CH4____20180503T194000_20180503T212328_02872,Microsoft PC
2018-05-03T20:31:46+00:00,38.564,-121.878,Field-A,1819.8819580078125,1820.02880859375,0.731143976244725,29.230880192199773,0.15345131255976635,S5P_L2_CH4____20180503T194000_20180503T212328_02872,Microsoft PC
2018-05-03T20:31:46+00:00,38.5641,-121.878,Field-B,1819.8819580078125,1819.6400146484375,0.537392246332362,19.82483271807733,0.2170593584235901,S5P_L2_CH4____20180503T194000_20180503T212328_02872,Microsoft PC
2018-05-03T20:31:46+00:00,38.5642,-121.878,Field-C,1819.8819580078125,1820.66845703125,0.7964453992237298,39.98557024988098,0.2451137699621894,S5P_L2_CH4____20180503T194000_20180503T212328_02872,Microsoft PC
2018-05-03T20:31:46+00:00,38.5643,-121.878,Field-D,1819.8819580078125,1820.124267578125,0.3845114710562999,28.60676563155386,0.3023081055877539,S5P_L2_CH4____20180503T194000_20180503T212328_02872,Microsoft PC
2018-05-03T20:31:46+00:00,38.5644,-121.878,Field-A,1819.8819580078125,1819.987060546875,0.18965716052885978,27.30345813819235,0.286555453363537,S5P_L2_CH4____20180503T194000_20180503T212328_02872,Microsoft PC
2018-05-03T20:31:46+00:00,38.5645,-121.878,Field-B,1819.8819580078125,1819.392333984375,0.7027837305981454,14.468748491065435,0.3898296141736667,S5P_L2_CH4____20180503T194000_20180503T212328_02872,Microsoft PC
2018-05-03T20:31:46+00:00,38.5646,-121.878,Field-C,1819.8819580078125,1819.6842041015625,0.46258516980266073,20.2391113407466,0.3872586874985581,S5P_L2_CH4____20180503T194000_20180503T212328_02872,Microsoft PC
2018-05-03T20:31:46+00:00,38.5647,-121.878,Field-D,1819.8819580078125,1820.1436767578125,0.47299732298537434,29.728740643232847,0.36485336570821825,S5P_L2_CH4____20180503T194000_20180503T212328_02872,Microsoft PC
2018-05-03T20:31:46+00:00,38.564800000000005,-121.878,Field-A,1819.8819580078125,1819.8487548828125,0.1981007170779729,25.65309982108284,0.37141798535831316,S5P_L2_CH4____20180503T194000_20180503T212328_02872,Microsoft PC
2018-05-03T20:31:46+00:00,38.5649,-121.878,Field-B,1819.8819580078125,1819.7864990234375,0.5863740128028071,20.878718558555878,0.18474068945496563,S5P_L2_CH4____20180503T194000_20180503T212328_02872,Microsoft PC
2018-05-03T20:31:46+00:00,38.565000000000005,-121.878,Field-C,1819.8819580078125,1819.4130859375,0.28004489690844314,16.110999293374984,0.16969013765534874,S5P_L2_CH4____20180503T194000_20180503T212328_02872,Microsoft PC
2018-05-03T20:31:46+00:00,38.5651,-121.878,Field-D,1819.8819580078125,1820.1112060546875,0.3550142170348676,28.20477867425299,0.2685734306067745,S5P_L2_CH4____20180503T194000_20180503T212328_02872,Microsoft PC
2018-05-03T20:31:46+00:00,38.565200000000004,-121.878,Field-A,1819.8819580078125,1820.2462158203125,0.33603687800012016,33.686538330136635,0.3634039453166146,S5P_L2_CH4____20180503T194000_20180503T212328_02872,Microsoft PC
2018-05-03T20:31:46+00:00,38.5653,-121.878,Field-B,1819.8819580078125,1819.3746337890625,0.7328802077556782,13.317526546201893,0.3244007028752508,S5P_L2_CH4____20180503T194000_20180503T212328_02872,Microsoft PC
2018-05-03T20:31:46+00:00,38.565400000000004,-121.878,Field-C,1819.8819580078125,1819.6138916015625,0.24457224977672434,19.64697158831813,0.32632272577170585,S5P_L2_CH4____20180503T194000_20180503T212328_02872,Microsoft PC
2018-05-03T20:31:46+00:00,38.5655,-121.878,Field-D,1819.8819580078125,1820.0458984375,0.1412128729743995,29.324432879775674,0.3753844039115848,S5P_L2_CH4____20180503T194000_20180503T212328_02872,Microsoft PC
2018-05-03T20:31:46+00:00,38.5656,-121.878,Field-A,1819.8819580078125,1820.112060546875,0.15137735251013906,28.436788700094468,0.3781915819285864,S5P_L2_CH4____20180503T194000_20180503T212328_02872,Microsoft PC
2018-05-03T20:31:46+00:00,38.5657,-121.878,Field-B,1819.8819580078125,1820.44189453125,0.5896645064824263,35.6649875621283,0.3628176912651163,S5P_L2_CH4____20180503T194000_20180503T212328_02872,Microsoft PC
2018-05-03T20:31:46+00:00,38.5658,-121.878,Field-C,1819.8819580078125,1820.2828369140625,0.3839766944074716,34.6866295111473,0.39270491413536524,S5P_L2_CH4____20180503T194000_20180503T212328_02872,Microsoft PC
2018-05-03T20:31:46+00:00,38.5659,-121.878,Field-D,1819.8819580078125,1819.5064697265625,0.41867010089462176,14.070534826805561,0.39948066624568346,S5P_L2_CH4____20180503T194000_20180503T212328_02872,Microsoft PC
2018-05-03T20:31:46+00:00,38.566,-121.878,Field-A,1819.8819580078125,1819.29638671875,0.27210139432448854,10.962998161716694,0.23773363824865504,S5P_L2_CH4____20180503T194000_20180503T212328_02872,Microsoft PC
2018-05-03T20:31:46+00:00,38.5661,-121.878,Field-B,1819.8819580078125,1819.528076171875,0.7784569714705909,17.304636020666713,0.39229385799291927,S5P_L2_CH4____20180503T194000_20180503T212328_02872,Microsoft PC
2018-05-03T20:31:46+00:00,38.5662,-121.878,Field-C,1819.8819580078125,1819.98388671875,0.7204461506373945,27.50410893872476,0.14668792416226828,S5P_L2_CH4____20180503T194000_20180503T212328_02872,Microsoft PC
2018-05-03T20:31:46+00:00,38.566300000000005,-121.878,Field-D,1819.8819580078125,1820.0316162109375,0.5277643037813226,26.997556236710118,0.21028653591154808,S5P_L2_CH4____20180503T194000_20180503T212328_02872,Microsoft PC
2018-05-03T20:31:46+00:00,38.5664,-121.878,Field-A,1819.8819580078125,1820.5030517578125,0.2959711855966411,39.73274621698019,0.2591798389561193,S5P_L2_CH4____20180503T194000_20180503T212328_02872,Microsoft PC
2018-05-03T20:31:46+00:00,38.566500000000005,-121.878,Field-B,1819.8819580078125,1819.9998779296875,0.15245050244172334,27.091550335670416,0.10257236472744519,S5P_L2_CH4____20180503T194000_20180503T212328_02872,Microsoft PC
2018-05-03T20:31:46+00:00,38.5666,-121.878,Field-C,1819.8819580078125,1819.98291015625,0.4138028897248912,25.7658436425972,0.17554529447377526,S5P_L2_CH4____20180503T194000_20180503T212328_02872,Microsoft PC
2018-05-03T20:31:46+00:00,38.566700000000004,-121.878,Field-D,1819.8819580078125,1819.998779296875,0.30610619046625587,26.84452750826191,0.13253625189498866,S5P_L2_CH4____20180503T194000_20180503T212328_02872,Microsoft PC
2018-05-03T20:31:46+00:00,38.5668,-121.878,Field-A,1819.8819580078125,1819.5550537109375,0.32453487469651277,15.501616419439872,0.22168514082085755,S5P_L2_CH4____20180503T194000_20180503T212328_02872,Microsoft PC
2018-05-03T20:31:46+00:00,38.566900000000004,-121.878,Field-B,1819.8819580078125,1819.5689697265625,0.6798394107470265,17.736695850370936,0.3965673264713663,S5P_L2_CH4____20180503T194000_20180503T212328_02872,Microsoft PC
2018-05-03T20:31:46+00:00,38.567,-121.878,Field-C,1819.8819580078125,1820.4073486328125,0.47371526932551744,34.71740616385445,0.21518990611525246,S5P_L2_CH4____20180503T194000_20180503T212328_02872,Microsoft PC
2018-05-03T20:31:46+00:00,38.5671,-121.878,Field-D,1819.8819580078125,1820.6588134765625,0.7564139164821875,39.87805093569329,0.32194900965993595,S5P_L2_CH4____20180503T194000_20180503T212328_02872,Microsoft PC
2018-05-03T20:31:46+00:00,38.5672,-121.878,Field-A,1819.8819580078125,1819.5040283203125,0.27565519933781046,14.749645839342435,0.35871163250515137,S5P_L2_CH4____20180503T194000_20180503T212328_02872,Microsoft PC
2018-05-03T20:31:46+00:00,38.5673,-121.878,Field-B,1819.8819580078125,1819.6251220703125,0.6747873389375992,18.87445630539938,0.19134341365620056,S5P_L2_CH4____20180503T194000_20180503T212328_02872,Microsoft PC
2018-05-03T20:31:46+00:00,38.5674,-121.878,Field-C,1819.8819580078125,1819.4847412109375,0.7349847990349792,15.661701495995167,0.2040122857505096,S5P_L2_CH4____20180503T194000_20180503T212328_02872,Microsoft PC
2018-05-03T20:31:46+00:00,38.5675,-121.878,Field-D,1819.8819580078125,1819.41650390625,0.3026001767705362,14.029663132509194,0.10800348328810731,S5P_L2_CH4____20180503T194000_20180503T212328_02872,Microsoft PC
2018-05-03T20:31:46+00:00,38.5676,-121.878,Field-A,1819.8819580078125,1819.6812744140625,0.1183089204082822,19.99079379174147,0.18863216331396987,S5P_L2_CH4____20180503T194000_20180503T212328_02872,Microsoft PC
2018-05-03T20:31:46+00:00,38.5677,-121.878,Field-B,1819.8819580078125,1820.568603515625,0.1855907939915799,39.19446809303729,0.3406128787122634,S5P_L2_CH4____20180503T194000_20180503T212328_02872,Microsoft PC
2018-05-03T20:31:46+00:00,38.5678,-121.878,Field-C,1819.8819580078125,1820.13525390625,0.5617414607926898,30.136313041596768,0.18494422932772506,S5P_L2_CH4____20180503T194000_20180503T212328_02872,Microsoft PC
2018-05-03T20:31:46+00:00,38.5679,-121.878,Field-D,1819.8819580078125,1820.2705078125,0.3851005929012602,34.689544302482346,0.10579891260107539,S5P_L2_CH4____20180503T194000_20180503T212328_02872,Microsoft PC
2018-05-03T20:31:46+00:00,38.568000000000005,-121.878,Field-A,1819.8819580078125,1819.9908447265625,0.1146505539131853,25.9453948003858,0.2178970615112489,S5P_L2_CH4____20180503T194000_20180503T212328_02872,Microsoft PC
2018-05-03T20:31:46+00:00,38.5681,-121.878,Field-B,1819.8819580078125,1820.06298828125,0.44813216237841336,30.597524786670224,0.14810116617364433,S5P_L2_CH4____20180503T194000_20180503T212328_02872,Microsoft PC
2018-05-03T20:31:46+00:00,38.568200000000004,-121.878,Field-C,1819.8819580078125,1820.4222412109375,0.3140801793063618,35.047261541375136,0.2262752447824869,S5P_L2_CH4____20180503T194000_20180503T212328_02872,Microsoft PC
2018-05-03T20:31:46+00:00,38.5683,-121.878,Field-D,1819.8819580078125,1820.450439453125,0.7282262205384074,37.5640652723734,0.3700281688912266,S5P_L2_CH4____20180503T194000_20180503T212328_02872,Microsoft PC
2018-05-03T20:31:46+00:00,38.568400000000004,-121.878,Field-A,1819.8819580078125,1820.0552978515625,0.18151749960397678,27.63771242789816,0.23226027355659196,S5P_L2_CH4____20180503T194000_20180503T212328_02872,Microsoft PC
2018-05-03T20:31:46+00:00,38.5685,-121.878,Field-B,1819.8819580078125,1820.054443359375,0.30956494820924607,28.331989519342105,0.14548477998825748,S5P_L2_CH4____20180503T194000_20180503T212328_02872,Microsoft PC
2018-05-03T20:31:46+00:00,38.5686,-121.878,Field-C,1819.8819580078125,1819.5341796875,0.7913031568151593,17.827577553389276,0.35775817433216517,S5P_L2_CH4____20180503T194000_20180503T212328_02872,Microsoft PC
2018-05-03T20:31:46+00:00,38.5687,-121.878,Field-D,1819.8819580078125,1819.38916015625,0.3573982024607838,14.575182869007023,0.2598997136033353,S5P_L2_CH4____20180503T194000_20180503T212328_02872,Microsoft PC
2018-05-03T20:31:46+00:00,38.5688,-121.878,Field-A,1819.8819580078125,1820.468994140625,0.6442910786093776,36.05436201395939,0.29103238606666687,S5P_L2_CH4____20180503T194000_20180503T212328_02872,Microsoft PC
2018-05-03T20:31:46+00:00,38.5689,-121.878,Field-B,1819.8819580078125,1819.579833984375,0.33947734443252087,17.416842512146758,0.1603030247521396,S5P_L2_CH4____20180503T194000_20180503T212328_02872,Microsoft PC
2018-05-03T20:31:46+00:00,38.569,-121.878,Field-C,1819.8819580078125,1820.3031005859375,0.654249580042313,34.40968179963755,0.39073871838156793,S5P_L2_CH4____20180503T194000_20180503T212328_02872,Microsoft PC
2018-05-03T20:31:46+00:00,38.5691,-121.878,Field-D,1819.8819580078125,1820.1634521484375,0.5907841791861956,29.07283056589959,0.11774882404369752,S5P_L2_CH4____20180503T194000_20180503T212328_02872,Microsoft PC
2018-05-03T20:31:46+00:00,38.5692,-121.878,Field-A,1819.8819580078125,1819.704345703125,0.7252536305083873,19.001820026891398,0.20777365871325576,S5P_L2_CH4____20180503T194000_20180503T212328_02872,Microsoft PC
2018-05-03T20:31:46+00:00,38.5693,-121.878,Field-B,1819.8819580078125,1820.545654296875,0.6201036238995296,37.575000987554546,0.29921308943846675,S5P_L2_CH4____20180503T194000_20180503T212328_02872,Microsoft PC
2018-05-03T20:31:46+00:00,38.5694,-121.878,Field-C,1819.8819580078125,1819.2506103515625,0.6254684846057978,11.576487915303733,0.19038125326067967,S5P_L2_CH4____20180503T194000_20180503T212328_02872,Microsoft PC
2018-05-03T20:31:46+00:00,38.569500000000005,-121.878,Field-D,1819.8819580078125,1819.91162109375,0.715694253688242,24.62879571462006,0.2222943434294886,S5P_L2_CH4____20180503T194000_20180503T212328_02872,Microsoft PC
2018-05-03T20:31:46+00:00,38.5696,-121.878,Field-A,1819.8819580078125,1820.3768310546875,0.43553308158714865,35.4492132227887,0.23188071042346245,S5P_L2_CH4____20180503T194000_20180503T212328_02872,Microsoft PC
2018-05-03T20:31:46+00:00,38.569700000000005,-121.878,Field-B,1819.8819580078125,1819.4757080078125,0.716338295447977,16.88910190796723,0.19313390415702814,S5P_L2_CH4____20180503T194000_20180503T212328_02872,Microsoft PC
2018-05-03T20:31:46+00:00,38.5698,-121.878,Field-C,1819.8819580078125,1819.5611572265625,0.16611134734532146,18.356741178074742,0.3351516972865357,S5P_L2_CH4____20180503T194000_20180503T212328_02872,Microsoft PC
2018-05-03T20:31:46+00:00,38.569900000000004,-121.878,Field-D,1819.8819580078125,1819.317626953125,0.593337311148955,13.100817600830103,0.26352958933144677,S5P_L2_CH4____20180503T194000_20180503T212328_02872,Microsoft PC
2018-05-03T20:31:46+00:00,38.57,-121.878,Field-A,1819.8819580078125,1820.165283203125,0.7940946518093417,29.180073617944693,0.34745133049034493,S5P_L2_CH4____20180503T194000_20180503T212328_02872,Microsoft PC
2018-05-03T20:31:46+00:00,38.570100000000004,-121.878,Field-B,1819.8819580078125,1819.4932861328125,0.17675945650002484,16.039672429879538,0.37706107245308607,S5P_L2_CH4____20180503T194000_20180503T212328_02872,Microsoft PC
2018-05-03T20:31:46+00:00,38.5702,-121.878,Field-C,1819.8819580078125,1820.0533447265625,0.188909073231659,26.928490652000463,0.33935708963249367,S5P_L2_CH4____20180503T194000_20180503T212328_02872,Microsoft PC
2018-05-03T20:31:46+00:00,38.5703,-121.878,Field-D,1819.8819580078125,1820.439697265625,0.6045186612673162,34.90659554568848,0.15064469681739906,S5P_L2_CH4____20180503T194000_20180503T212328_02872,Microsoft PC
2018-05-03T20:31:46+00:00,38.5704,-121.878,Field-A,1819.8819580078125,1819.302490234375,0.12930032527824334,12.68673795545844,0.18043513046917742,S5P_L2_CH4____20180503T194000_20180503T212328_02872,Microsoft PC
2018-05-03T20:31:46+00:00,38.5705,-121.878,Field-B,1819.8819580078125,1819.4544677734375,0.5352836525820305,13.474920551629445,0.27186304323159644,S5P_L2_CH4____20180503T194000_20180503T212328_02872,Microsoft PC
2018-05-03T20:31:46+00:00,38.5706,-121.878,Field-C,1819.8819580078125,1819.5438232421875,0.3562028377823747,15.250296829046007,0.35518576343554864,S5P_L2_CH4____20180503T194000_20180503T212328_02872,Microsoft PC
2018-05-03T20:31:46+00:00,38.5707,-121.878,Field-D,1819.8819580078125,1820.1319580078125,0.31110859273666536,30.752889286419766,0.30659138825945287,S5P_L2_CH4____20180503T194000_20180503T212328_02872,Microsoft PC
2018-05-03T20:31:46+00:00,38.5708,-121.878,Field-A,1819.8819580078125,1819.3668212890625,0.38484230381625306,10.210894307801897,0.1835498791497514,S5P_L2_CH4____20180503T194000_20180503T212328_02872,Microsoft PC
2018-05-03T20:31:46+00:00,38.5709,-121.878,Field-B,1819.8819580078125,1819.7720947265625,0.3113241437011637,21.794650779335193,0.1906948322196983,S5P_L2_CH4____20180503T194000_20180503T212328_02872,Microsoft PC
2018-05-03T20:31:46+00:00,38.571000000000005,-121.878,Field-C,1819.8819580078125,1820.398193359375,0.6894697440670456,34.52644217620153,0.12600237490191712,S5P_L2_CH4____20180503T194000_20180503T212328_02872,Microsoft PC
2018-05-03T20:31:46+00:00,38.5711,-121.878,Field-D,1819.8819580078125,1820.386962890625,0.47499371710743765,36.61746821722484,0.17579991595563715,S5P_L2_CH4____20180503T194000_20180503T212328_02872,Microsoft PC
2018-05-03T20:31:46+00:00,38.571200000000005,-121.878,Field-A,1819.8819580078125,1819.8175048828125,0.5365326053079019,22.405969009962973,0.3471564002732419,S5P_L2_CH4____20180503T194000_20180503T212328_02872,Microsoft PC
2018-05-03T20:31:46+00:00,38.5713,-121.878,Field-B,1819.8819580078125,1820.542724609375,0.11516142575395945,38.22162182363231,0.2643369518710531,S5P_L2_CH4____20180503T194000_20180503T212328_02872,Microsoft PC
2018-05-03T20:31:46+00:00,38.571400000000004,-121.878,Field-C,1819.8819580078125,1819.2138671875,0.6471113102339134,10.688916535282447,0.22546471067681365,S5P_L2_CH4____20180503T194000_20180503T212328_02872,Microsoft PC
2018-05-03T20:31:46+00:00,38.5715,-121.878,Field-D,1819.8819580078125,1819.402099609375,0.47479465712370394,10.703942698793359,0.18071724580435333,S5P_L2_CH4____20180503T194000_20180503T212328_02872,Microsoft PC
2018-05-03T20:31:46+00:00,38.571600000000004,-121.878,Field-A,1819.8819580078125,1819.6171875,0.26785342923982547,17.246868497898255,0.15830025789190533,S5P_L2_CH4____20180503T194000_20180503T212328_02872,Microsoft PC
2018-05-03T20:31:46+00:00,38.5717,-121.878,Field-B,1819.8819580078125,1819.239990234375,0.5448278550066042,10.486596413816894,0.16169497332157184,S5P_L2_CH4____20180503T194000_20180503T212328_02872,Microsoft PC
2018-05-03T20:31:46+00:00,38.5718,-121.878,Field-C,1819.8819580078125,1819.7481689453125,0.5876281936074897,20.470182717123855,0.2393950160964835,S5P_L2_CH4____20180503T194000_20180503T212328_02872,Microsoft PC
2018-05-03T20:31:46+00:00,38.5719,-121.878,Field-D,1819.8819580078125,1819.58447265625,0.5928312284943038,15.780662920153947,0.10061913130222136,S5P_L2_CH4____20180503T194000_20180503T212328_02872,Microsoft PC
2018-05-03T20:31:46+00:00,38.572,-121.878,Field-A,1819.8819580078125,1819.2603759765625,0.7932900629738423,11.188710442774715,0.2190758188196174,S5P_L2_CH4____20180503T194000_20180503T212328_02872,Microsoft PC
2018-05-03T20:31:46+00:00,38.5721,-121.878,Field-B,1819.8819580078125,1819.8778076171875,0.7206222986538631,24.910816980976485,0.17518709111735215,S5P_L2_CH4____20180503T194000_20180503T212328_02872,Microsoft PC
2018-05-03T20:31:46+00:00,38.5722,-121.878,Field-C,1819.8819580078125,1820.31396484375,0.5637766138395534,34.639917334526075,0.1938303465193586,S5P_L2_CH4____20180503T194000_20180503T212328_02872,Microsoft PC
2018-05-03T20:31:46+00:00,38.5723,-121.878,Field-D,1819.8819580078125,1820.3743896484375,0.7742090707401345,35.9870097707746,0.35025842874038804,S5P_L2_CH4____20180503T194000_20180503T212328_02872,Microsoft PC
2018-05-03T20:31:46+00:00,38.5724,-121.878,Field-A,1819.8819580078125,1819.828369140625,0.41455393806988927,22.594841620475577,0.14120211458316348,S5P_L2_CH4____20180503T194000_20180503T212328_02872,Microsoft PC
2018-05-03T20:31:46+00:00,38.572500000000005,-121.878,Field-B,1819.8819580078125,1819.5452880859375,0.7625660024433317,18.06639573059065,0.26127913136434644,S5P_L2_CH4____20180503T194000_20180503T212328_02872,Microsoft PC
2018-05-03T20:31:46+00:00,38.5726,-121.878,Field-C,1819.8819580078125,1820.405517578125,0.6530974318978746,35.115243922496106,0.3316509989386941,S5P_L2_CH4____20180503T194000_20180503T212328_02872,Microsoft PC
2018-05-03T20:31:46+00:00,38.572700000000005,-121.878,Field-D,1819.8819580078125,1819.632568359375,0.7350366825730708,20.009623755656712,0.2668866452188829,S5P_L2_CH4____20180503T194000_20180503T212328_02872,Microsoft PC
2018-05-03T20:31:46+00:00,38.5728,-121.878,Field-A,1819.8819580078125,1819.7042236328125,0.277378303548033,21.23928504536901,0.19324763734347458,S5P_L2_CH4____20180503T194000_20180503T212328_02872,Microsoft PC
2018-05-03T20:31:46+00:00,38.572900000000004,-121.878,Field-B,1819.8819580078125,1819.53759765625,0.5532318673350752,16.025524097014355,0.35912382309752944,S5P_L2_CH4____20180503T194000_20180503T212328_02872,Microsoft PC
2018-05-03T20:31:46+00:00,38.573,-121.878,Field-C,1819.8819580078125,1819.6295166015625,0.6663370468062506,18.248119236369774,0.28669417144040366,S5P_L2_CH4____20180503T194000_20180503T212328_02872,Microsoft PC
2018-05-03T20:31:46+00:00,38.573100000000004,-121.878,Field-D,1819.8819580078125,1820.4425048828125,0.6251372845970312,36.930293521244806,0.12430015622413026,S5P_L2_CH4____20180503T194000_20180503T212328_02872,Microsoft PC
2018-05-03T20:31:46+00:00,38.5732,-121.878,Field-A,1819.8819580078125,1819.705078125,0.5851262889261727,20.971902574527434,0.3116799886040117,S5P_L2_CH4____20180503T194000_20180503T212328_02872,Microsoft PC
2018-05-03T20:31:46+00:00,38.5733,-121.878,Field-B,1819.8819580078125,1819.765625,0.4207299177578613,21.643106515420246,0.32716736923921297,S5P_L2_CH4____20180503T194000_20180503T212328_02872,Microsoft PC
2018-05-03T20:31:46+00:00,38.5734,-121.878,Field-C,1819.8819580078125,1819.6070556640625,0.5110839436838023,18.289332158101,0.1858007677572143,S5P_L2_CH4____20180503T194000_20180503T212328_02872,Microsoft PC
2018-05-03T20:31:46+00:00,38.5735,-121.878,Field-D,1819.8819580078125,1820.253173828125,0.7157553145240405,31.139449411560875,0.27633892715663233,S5P_L2_CH4____20180503T194000_20180503T212328_02872,Microsoft PC
